<?xml version = '1.0' encoding = 'UTF-8'?>
<Table class="oracle.dbtools.crest.model.design.relational.Table" directorySegmentName="seg_0" id="36B65AF8-C2F7-7703-B538-ECA1C5EB1B16" name="transaction">
<createdBy>muchd</createdBy>
<createdTime>2023-01-25 21:46:38 UTC</createdTime>
<generatorID>295006A5-A6FA-E15C-DF1C-18CCF0C0B7F6</generatorID>
<ownerDesignName>bank_source</ownerDesignName>
<allowColumnReorder>false</allowColumnReorder>
<existDependencyGenerateInDDl>true</existDependencyGenerateInDDl>
<parsed>true</parsed>
<columns itemClass="oracle.dbtools.crest.model.design.relational.Column">
<Column name="trans_id" id="14FE761F-E2AE-C64A-2C91-97F0359F713B">
<createdBy>muchd</createdBy>
<createdTime>2023-01-25 21:46:38 UTC</createdTime>
<generatorID>02176B75-99BF-8F3C-2A9C-45063213D190</generatorID>
<ownerDesignName>bank_source</ownerDesignName>
<useDomainConstraints>false</useDomainConstraints>
<use>1</use>
<logicalDatatype>LOGDT027</logicalDatatype>
<ownDataTypeParameters>,,</ownDataTypeParameters>
<autoIncrementCycle>false</autoIncrementCycle>
</Column>
<Column name="account_id" id="D912E1CC-4EB9-4A2F-204C-F2E8A750FB8C">
<createdBy>muchd</createdBy>
<createdTime>2023-01-25 21:46:38 UTC</createdTime>
<generatorID>50AFF9AF-0BA6-54DB-0791-228D901B95DF</generatorID>
<ownerDesignName>bank_source</ownerDesignName>
<nullsAllowed>true</nullsAllowed>
<useDomainConstraints>false</useDomainConstraints>
<use>1</use>
<logicalDatatype>LOGDT027</logicalDatatype>
<ownDataTypeParameters>,,</ownDataTypeParameters>
<previousColumn>false</previousColumn>
<autoIncrementCycle>false</autoIncrementCycle>
<associations>
<colAssociation fkAssociation="BB2D7EF2-9CA3-1ED0-A557-2F700848C919" referredColumn="9A143BB9-3659-E798-0E14-69EBD6109B5F"/>
</associations>
</Column>
<Column name="date" id="AB4D842B-7C0F-F35B-4AC7-1ECCC9BA14BB">
<createdBy>muchd</createdBy>
<createdTime>2023-01-25 21:46:38 UTC</createdTime>
<generatorID>FECD19B2-0105-82BE-D675-E9C6FFE68A27</generatorID>
<ownerDesignName>bank_source</ownerDesignName>
<nullsAllowed>true</nullsAllowed>
<useDomainConstraints>false</useDomainConstraints>
<use>1</use>
<logicalDatatype>LOGDT011</logicalDatatype>
<ownDataTypeParameters>,,</ownDataTypeParameters>
<autoIncrementCycle>false</autoIncrementCycle>
</Column>
<Column name="type" id="095FEEF5-EB1B-733C-92AB-00BFC49E0435">
<createdBy>muchd</createdBy>
<createdTime>2023-01-25 21:46:38 UTC</createdTime>
<generatorID>7264172E-F63A-30F5-C530-4EC632E3B263</generatorID>
<ownerDesignName>bank_source</ownerDesignName>
<nullsAllowed>true</nullsAllowed>
<useDomainConstraints>false</useDomainConstraints>
<use>1</use>
<logicalDatatype>LOGDT024</logicalDatatype>
<dataTypeSize>10 CHAR</dataTypeSize>
<ownDataTypeParameters>10 CHAR,,</ownDataTypeParameters>
<autoIncrementCycle>false</autoIncrementCycle>
</Column>
<Column name="operation" id="BEB1E2ED-1F08-A07C-DAB5-46C8663FFEC2">
<createdBy>muchd</createdBy>
<createdTime>2023-01-25 21:46:38 UTC</createdTime>
<generatorID>394F321B-2A43-8863-E78E-738AB0B39DBD</generatorID>
<ownerDesignName>bank_source</ownerDesignName>
<nullsAllowed>true</nullsAllowed>
<useDomainConstraints>false</useDomainConstraints>
<use>1</use>
<logicalDatatype>LOGDT024</logicalDatatype>
<dataTypeSize>30 CHAR</dataTypeSize>
<ownDataTypeParameters>30 CHAR,,</ownDataTypeParameters>
<autoIncrementCycle>false</autoIncrementCycle>
</Column>
<Column name="amount" id="BB34FB32-AFE9-C594-9DF5-F0B3EF498F3F">
<createdBy>muchd</createdBy>
<createdTime>2023-01-25 21:46:38 UTC</createdTime>
<generatorID>7A493850-5966-0D4D-E86B-4EE9CDFC452B</generatorID>
<ownerDesignName>bank_source</ownerDesignName>
<nullsAllowed>true</nullsAllowed>
<useDomainConstraints>false</useDomainConstraints>
<use>1</use>
<logicalDatatype>LOGDT026</logicalDatatype>
<ownDataTypeParameters>,,</ownDataTypeParameters>
<autoIncrementCycle>false</autoIncrementCycle>
</Column>
<Column name="balance" id="64D0485A-B5C8-B019-E92C-524B5A31A853">
<createdBy>muchd</createdBy>
<createdTime>2023-01-25 21:46:38 UTC</createdTime>
<generatorID>C91EAE22-CE27-F145-6D20-1030829291AB</generatorID>
<ownerDesignName>bank_source</ownerDesignName>
<nullsAllowed>true</nullsAllowed>
<useDomainConstraints>false</useDomainConstraints>
<use>1</use>
<logicalDatatype>LOGDT026</logicalDatatype>
<ownDataTypeParameters>,,</ownDataTypeParameters>
<autoIncrementCycle>false</autoIncrementCycle>
</Column>
<Column name="k_symbol" id="03A7CCC3-A22B-2126-CA63-53D6B7B3B9E4">
<createdBy>muchd</createdBy>
<createdTime>2023-01-25 21:46:38 UTC</createdTime>
<generatorID>6BE3076B-BA3A-8F88-D47B-F068103F524E</generatorID>
<ownerDesignName>bank_source</ownerDesignName>
<nullsAllowed>true</nullsAllowed>
<useDomainConstraints>false</useDomainConstraints>
<use>1</use>
<logicalDatatype>LOGDT024</logicalDatatype>
<dataTypeSize>20 CHAR</dataTypeSize>
<ownDataTypeParameters>20 CHAR,,</ownDataTypeParameters>
<autoIncrementCycle>false</autoIncrementCycle>
</Column>
<Column name="bank" id="FD1DF57B-594D-7C5E-F870-7BCD2A5CF4DE">
<createdBy>muchd</createdBy>
<createdTime>2023-01-25 21:46:38 UTC</createdTime>
<generatorID>735154D6-35A5-575D-2680-1A41B6747F7C</generatorID>
<ownerDesignName>bank_source</ownerDesignName>
<nullsAllowed>true</nullsAllowed>
<useDomainConstraints>false</useDomainConstraints>
<use>1</use>
<logicalDatatype>LOGDT024</logicalDatatype>
<dataTypeSize>2 CHAR</dataTypeSize>
<ownDataTypeParameters>2 CHAR,,</ownDataTypeParameters>
<autoIncrementCycle>false</autoIncrementCycle>
</Column>
<Column name="account" id="AD569A13-CA2B-40B7-92DE-B93F22C12DD3">
<createdBy>muchd</createdBy>
<createdTime>2023-01-25 21:46:38 UTC</createdTime>
<generatorID>637C4CA5-F176-F953-805E-0BFC3494468A</generatorID>
<ownerDesignName>bank_source</ownerDesignName>
<nullsAllowed>true</nullsAllowed>
<useDomainConstraints>false</useDomainConstraints>
<use>1</use>
<logicalDatatype>LOGDT027</logicalDatatype>
<ownDataTypeParameters>,,</ownDataTypeParameters>
<autoIncrementCycle>false</autoIncrementCycle>
</Column>
</columns>
<indexes itemClass="oracle.dbtools.crest.model.design.relational.Index">
<ind_PK_UK id="6D1B7C54-7B27-A545-F0E4-48CD60A571B6" name="transaction_PK">
<createdBy>muchd</createdBy>
<createdTime>2023-01-25 21:46:38 UTC</createdTime>
<generatorID>96D91FB4-D682-75D4-AEC8-88D73F8A33D3</generatorID>
<ownerDesignName>bank_source</ownerDesignName>
<pk>true</pk>
<indexState>Primary Constraint</indexState>
<isSurrogateKey>false</isSurrogateKey>
<indexColumnUsage>
<colUsage columnID="14FE761F-E2AE-C64A-2C91-97F0359F713B"/>
</indexColumnUsage>
</ind_PK_UK>
<ind_PK_UK id="B3A55519-EFC1-D41B-8E06-A7B3A9187161" name="account__transaction">
<createdBy>muchd</createdBy>
<createdTime>2023-01-25 21:46:38 UTC</createdTime>
<generatorID>F40B85C9-B47C-C6DE-73D7-BCCB31BB85E3</generatorID>
<ownerDesignName>bank_source</ownerDesignName>
<indexState>Foreign Key</indexState>
<isSurrogateKey>false</isSurrogateKey>
<indexColumnUsage>
<colUsage columnID="D912E1CC-4EB9-4A2F-204C-F2E8A750FB8C"/>
</indexColumnUsage>
</ind_PK_UK>
</indexes>
</Table>
