<?xml version = '1.0' encoding = 'UTF-8'?>
<Table class="oracle.dbtools.crest.model.design.relational.Table" directorySegmentName="seg_0" id="80522C80-880A-FE22-8779-4B61504ED1DB" name="account">
<createdBy>muchd</createdBy>
<createdTime>2023-01-25 21:46:38 UTC</createdTime>
<generatorID>8BFD66C1-CCAF-CC5A-7E94-5539F0012159</generatorID>
<ownerDesignName>bank_source</ownerDesignName>
<allowColumnReorder>false</allowColumnReorder>
<existDependencyGenerateInDDl>true</existDependencyGenerateInDDl>
<parsed>true</parsed>
<columns itemClass="oracle.dbtools.crest.model.design.relational.Column">
<Column name="account_id" id="9A143BB9-3659-E798-0E14-69EBD6109B5F">
<createdBy>muchd</createdBy>
<createdTime>2023-01-25 21:46:38 UTC</createdTime>
<generatorID>3698CD3E-4FA5-4EF6-5342-22725459EAC6</generatorID>
<ownerDesignName>bank_source</ownerDesignName>
<useDomainConstraints>false</useDomainConstraints>
<use>1</use>
<logicalDatatype>LOGDT027</logicalDatatype>
<ownDataTypeParameters>,,</ownDataTypeParameters>
<autoIncrementCycle>false</autoIncrementCycle>
</Column>
<Column name="district_id" id="69D34E4E-1940-3915-3687-BFEB09E77350">
<createdBy>muchd</createdBy>
<createdTime>2023-01-25 21:46:38 UTC</createdTime>
<generatorID>841A8E21-705B-20C3-C8FA-D4B59D0B2593</generatorID>
<ownerDesignName>bank_source</ownerDesignName>
<useDomainConstraints>false</useDomainConstraints>
<use>1</use>
<logicalDatatype>LOGDT027</logicalDatatype>
<ownDataTypeParameters>,,</ownDataTypeParameters>
<previousColumn>false</previousColumn>
<autoIncrementCycle>false</autoIncrementCycle>
<associations>
<colAssociation fkAssociation="DD7E140B-0F69-777F-77F6-4A94BA3105BF" referredColumn="9FBA316E-7E75-315D-88B5-46AC77D256AD"/>
</associations>
</Column>
<Column name="date" id="F7E270FE-6309-26B5-7C38-B508D0A7257D">
<createdBy>muchd</createdBy>
<createdTime>2023-01-25 21:46:38 UTC</createdTime>
<generatorID>5933AF45-CED5-DE5D-A3EA-6A3FCA3F0BB4</generatorID>
<ownerDesignName>bank_source</ownerDesignName>
<nullsAllowed>true</nullsAllowed>
<useDomainConstraints>false</useDomainConstraints>
<use>1</use>
<logicalDatatype>LOGDT011</logicalDatatype>
<ownDataTypeParameters>,,</ownDataTypeParameters>
<autoIncrementCycle>false</autoIncrementCycle>
</Column>
<Column name="frequency" id="1C42C01B-D20C-01D9-35A0-68B664AE11AF">
<createdBy>muchd</createdBy>
<createdTime>2023-01-25 21:46:38 UTC</createdTime>
<generatorID>134F4D8D-6D4E-18D9-F032-1419D9FD4ED7</generatorID>
<ownerDesignName>bank_source</ownerDesignName>
<nullsAllowed>true</nullsAllowed>
<useDomainConstraints>false</useDomainConstraints>
<use>1</use>
<logicalDatatype>LOGDT024</logicalDatatype>
<dataTypeSize>30 CHAR</dataTypeSize>
<ownDataTypeParameters>30 CHAR,,</ownDataTypeParameters>
<autoIncrementCycle>false</autoIncrementCycle>
</Column>
</columns>
<indexes itemClass="oracle.dbtools.crest.model.design.relational.Index">
<ind_PK_UK id="6095858B-4E8F-24CB-8722-D28845F0D8C7" name="account_PK">
<createdBy>muchd</createdBy>
<createdTime>2023-01-25 21:46:38 UTC</createdTime>
<generatorID>7E3767E7-6B43-2672-0347-F4D7E4B8D5B4</generatorID>
<ownerDesignName>bank_source</ownerDesignName>
<pk>true</pk>
<indexState>Primary Constraint</indexState>
<isSurrogateKey>false</isSurrogateKey>
<indexColumnUsage>
<colUsage columnID="9A143BB9-3659-E798-0E14-69EBD6109B5F"/>
</indexColumnUsage>
</ind_PK_UK>
<ind_PK_UK id="6941F879-715C-DE07-D240-5FFAF6A3C13F" name="demographic_data__account">
<createdBy>muchd</createdBy>
<createdTime>2023-01-25 21:46:38 UTC</createdTime>
<generatorID>C2DAC5D2-0B7F-6D2C-7FF2-EC0C299C915C</generatorID>
<ownerDesignName>bank_source</ownerDesignName>
<indexState>Foreign Key</indexState>
<isSurrogateKey>false</isSurrogateKey>
<indexColumnUsage>
<colUsage columnID="69D34E4E-1940-3915-3687-BFEB09E77350"/>
</indexColumnUsage>
</ind_PK_UK>
</indexes>
</Table>
