<?xml version = '1.0' encoding = 'UTF-8'?>
<Table class="oracle.dbtools.crest.model.design.relational.Table" directorySegmentName="seg_0" id="AF7C5CA8-441E-4209-ADB1-4234B5C691F7" name="credit_card">
<createdBy>muchd</createdBy>
<createdTime>2023-01-25 21:46:38 UTC</createdTime>
<generatorID>76562933-9AD4-C063-1394-4C56A86169AA</generatorID>
<ownerDesignName>bank_source</ownerDesignName>
<allowColumnReorder>false</allowColumnReorder>
<existDependencyGenerateInDDl>true</existDependencyGenerateInDDl>
<parsed>true</parsed>
<columns itemClass="oracle.dbtools.crest.model.design.relational.Column">
<Column name="card_id" id="99BD2658-08D1-F7DD-539C-5BE41253AD2E">
<createdBy>muchd</createdBy>
<createdTime>2023-01-25 21:46:38 UTC</createdTime>
<generatorID>CE8F4336-C46E-82FC-6057-FD6F6638C214</generatorID>
<ownerDesignName>bank_source</ownerDesignName>
<useDomainConstraints>false</useDomainConstraints>
<use>1</use>
<logicalDatatype>LOGDT027</logicalDatatype>
<ownDataTypeParameters>,,</ownDataTypeParameters>
<autoIncrementCycle>false</autoIncrementCycle>
</Column>
<Column name="disp_id" id="DA9B2596-6D4A-D68E-C8BF-23C17CE0EC53">
<createdBy>muchd</createdBy>
<createdTime>2023-01-25 21:46:38 UTC</createdTime>
<generatorID>37546917-8748-BE60-D852-B5161FA897B0</generatorID>
<ownerDesignName>bank_source</ownerDesignName>
<useDomainConstraints>false</useDomainConstraints>
<use>1</use>
<logicalDatatype>LOGDT027</logicalDatatype>
<ownDataTypeParameters>,,</ownDataTypeParameters>
<previousColumn>false</previousColumn>
<autoIncrementCycle>false</autoIncrementCycle>
<associations>
<colAssociation fkAssociation="E0ABC18E-C586-6993-451E-679CBD354331" referredColumn="1D84A138-405E-D4D1-2B83-859C4740AD6C"/>
</associations>
</Column>
<Column name="type" id="08F81354-AA97-66F5-D4AD-A208509AD65D">
<createdBy>muchd</createdBy>
<createdTime>2023-01-25 21:46:38 UTC</createdTime>
<generatorID>AE0DBCF2-BE54-A827-24A5-7005D8C8114E</generatorID>
<ownerDesignName>bank_source</ownerDesignName>
<nullsAllowed>true</nullsAllowed>
<useDomainConstraints>false</useDomainConstraints>
<use>1</use>
<logicalDatatype>LOGDT024</logicalDatatype>
<dataTypeSize>10 CHAR</dataTypeSize>
<ownDataTypeParameters>10 CHAR,,</ownDataTypeParameters>
<autoIncrementCycle>false</autoIncrementCycle>
</Column>
<Column name="issued" id="BC43F193-7DBD-462C-8AF8-D829EC1578F7">
<createdBy>muchd</createdBy>
<createdTime>2023-01-25 21:46:38 UTC</createdTime>
<generatorID>00B27410-7A4C-A2CB-6362-D8EFC2274981</generatorID>
<ownerDesignName>bank_source</ownerDesignName>
<nullsAllowed>true</nullsAllowed>
<useDomainConstraints>false</useDomainConstraints>
<use>1</use>
<logicalDatatype>LOGDT024</logicalDatatype>
<dataTypeSize>20 CHAR</dataTypeSize>
<ownDataTypeParameters>20 CHAR,,</ownDataTypeParameters>
<autoIncrementCycle>false</autoIncrementCycle>
</Column>
</columns>
<indexes itemClass="oracle.dbtools.crest.model.design.relational.Index">
<ind_PK_UK id="6C72B2A7-C30C-61A7-5F2F-6CABDB79F6AE" name="credit_card_PK">
<createdBy>muchd</createdBy>
<createdTime>2023-01-25 21:46:38 UTC</createdTime>
<generatorID>A9E6796A-BCD9-59CE-0D20-D5772930EF0B</generatorID>
<ownerDesignName>bank_source</ownerDesignName>
<pk>true</pk>
<indexState>Primary Constraint</indexState>
<isSurrogateKey>false</isSurrogateKey>
<indexColumnUsage>
<colUsage columnID="99BD2658-08D1-F7DD-539C-5BE41253AD2E"/>
</indexColumnUsage>
</ind_PK_UK>
<ind_PK_UK id="63887D03-0487-C220-B0F3-85E1C8F057FA" name="disposition__credit_card">
<createdBy>muchd</createdBy>
<createdTime>2023-01-25 21:46:38 UTC</createdTime>
<generatorID>9F18DE17-EA09-7CE4-BE57-0EF69D7D3D22</generatorID>
<ownerDesignName>bank_source</ownerDesignName>
<indexState>Foreign Key</indexState>
<isSurrogateKey>false</isSurrogateKey>
<indexColumnUsage>
<colUsage columnID="DA9B2596-6D4A-D68E-C8BF-23C17CE0EC53"/>
</indexColumnUsage>
</ind_PK_UK>
</indexes>
</Table>
