<?xml version = '1.0' encoding = 'UTF-8'?>
<Table class="oracle.dbtools.crest.model.design.relational.Table" directorySegmentName="seg_0" id="E18E320E-6681-BCC9-EDA1-60A711B6C6FD" name="client">
<createdBy>muchd</createdBy>
<createdTime>2023-01-25 21:46:38 UTC</createdTime>
<generatorID>2CB9463B-5459-30ED-B33C-1A5EE3AD2A30</generatorID>
<ownerDesignName>bank_source</ownerDesignName>
<allowColumnReorder>false</allowColumnReorder>
<existDependencyGenerateInDDl>true</existDependencyGenerateInDDl>
<parsed>true</parsed>
<columns itemClass="oracle.dbtools.crest.model.design.relational.Column">
<Column name="client_id" id="8AD87851-3649-8D60-E4E7-1972BAC527AF">
<createdBy>muchd</createdBy>
<createdTime>2023-01-25 21:46:38 UTC</createdTime>
<generatorID>019A2672-39F5-A18A-16DB-E06D55FF8B52</generatorID>
<ownerDesignName>bank_source</ownerDesignName>
<useDomainConstraints>false</useDomainConstraints>
<use>1</use>
<logicalDatatype>LOGDT027</logicalDatatype>
<ownDataTypeParameters>,,</ownDataTypeParameters>
<autoIncrementCycle>false</autoIncrementCycle>
</Column>
<Column name="district_id" id="D53FD954-B96A-17AC-5F1F-B796CCDADDC6">
<createdBy>muchd</createdBy>
<createdTime>2023-01-25 21:46:38 UTC</createdTime>
<generatorID>73C28877-E62E-E3E6-2267-D67AB1E4697B</generatorID>
<ownerDesignName>bank_source</ownerDesignName>
<useDomainConstraints>false</useDomainConstraints>
<use>1</use>
<logicalDatatype>LOGDT027</logicalDatatype>
<ownDataTypeParameters>,,</ownDataTypeParameters>
<previousColumn>false</previousColumn>
<autoIncrementCycle>false</autoIncrementCycle>
<associations>
<colAssociation fkAssociation="D9F93B13-D0D9-BFA5-7C1B-CD2A46DA3276" referredColumn="9FBA316E-7E75-315D-88B5-46AC77D256AD"/>
</associations>
</Column>
<Column name="birth_number" id="55DC2815-39B3-9065-66E0-38F6C564AE61">
<createdBy>muchd</createdBy>
<createdTime>2023-01-25 21:46:38 UTC</createdTime>
<generatorID>A681377F-072F-71D1-09D3-2E6CC4A0880B</generatorID>
<ownerDesignName>bank_source</ownerDesignName>
<nullsAllowed>true</nullsAllowed>
<useDomainConstraints>false</useDomainConstraints>
<use>1</use>
<logicalDatatype>LOGDT011</logicalDatatype>
<ownDataTypeParameters>,,</ownDataTypeParameters>
<autoIncrementCycle>false</autoIncrementCycle>
</Column>
</columns>
<indexes itemClass="oracle.dbtools.crest.model.design.relational.Index">
<ind_PK_UK id="7B0E3E73-78E0-DCAD-57A5-49B1A48B4615" name="client_PK">
<createdBy>muchd</createdBy>
<createdTime>2023-01-25 21:46:38 UTC</createdTime>
<generatorID>CCFAEFF8-0AF4-8988-FA72-702AF7D3E50F</generatorID>
<ownerDesignName>bank_source</ownerDesignName>
<pk>true</pk>
<indexState>Primary Constraint</indexState>
<isSurrogateKey>false</isSurrogateKey>
<indexColumnUsage>
<colUsage columnID="8AD87851-3649-8D60-E4E7-1972BAC527AF"/>
</indexColumnUsage>
</ind_PK_UK>
<ind_PK_UK id="8EFA3087-C9B8-156F-ED40-6A8A94AC8781" name="demographic_data__client">
<createdBy>muchd</createdBy>
<createdTime>2023-01-25 21:46:38 UTC</createdTime>
<generatorID>B228824A-042D-3600-981B-8A376E713B0B</generatorID>
<ownerDesignName>bank_source</ownerDesignName>
<indexState>Foreign Key</indexState>
<isSurrogateKey>false</isSurrogateKey>
<indexColumnUsage>
<colUsage columnID="D53FD954-B96A-17AC-5F1F-B796CCDADDC6"/>
</indexColumnUsage>
</ind_PK_UK>
</indexes>
</Table>
