<?xml version = '1.0' encoding = 'UTF-8'?>
<FKIndexAssociation class="oracle.dbtools.crest.model.design.relational.FKIndexAssociation" directorySegmentName="seg_0" id="198995C2-4EC5-5D45-23D3-5738B1C5B0A9" containerWithKeyObject="69E55C4F-517F-7774-FD38-B6766714C116" localFKIndex="E0D28FC4-08B4-888C-F4C0-7E02C4668C95" name="f_account_d_date_FK">
<createdBy>muchd</createdBy>
<createdTime>2023-01-28 22:57:17 UTC</createdTime>
<generatorID>F9841D34-FE19-01DE-CC95-2F093F6AEAE8</generatorID>
<ownerDesignName>bank_dimension</ownerDesignName>
<referredTableLongName>d_date</referredTableLongName>
<deleteRule>CASCADE</deleteRule>
<referredTableID>CDA7FE1E-F3DE-29C2-9FFB-2EC4961354C4</referredTableID>
<keyObject>605F83BC-C1C6-DC46-5D5C-7FC3D9734C5C</keyObject>
<referredKeyID>605F83BC-C1C6-DC46-5D5C-7FC3D9734C5C</referredKeyID>
<mandatory>true</mandatory>
<refColNames>id</refColNames>
<transferable>true</transferable>
<rely>false</rely>
<columnDependencyConstraintGenerateInDDL>true</columnDependencyConstraintGenerateInDDL>
</FKIndexAssociation>
