<?xml version = '1.0' encoding = 'UTF-8'?>
<FKIndexAssociation class="oracle.dbtools.crest.model.design.relational.FKIndexAssociation" directorySegmentName="seg_0" id="7BFCC212-9CB4-9610-8304-E4B8C287EA85" containerWithKeyObject="172D9817-391D-65ED-70BF-C068679608AB" localFKIndex="D2913EF8-5DCC-50B5-E66B-42633728D2BC" name="f_client_d_client_FK">
<createdBy>muchd</createdBy>
<createdTime>2023-01-28 22:57:17 UTC</createdTime>
<generatorID>08317A4B-0D9A-81D8-98CF-7138AF3E9B4D</generatorID>
<ownerDesignName>bank_dimension</ownerDesignName>
<referredTableLongName>d_client</referredTableLongName>
<deleteRule>CASCADE</deleteRule>
<referredTableID>A457CA6F-7F10-9444-5039-8CA4E5985297</referredTableID>
<keyObject>BD382FAB-DD15-0F5A-F755-15CEB916B531</keyObject>
<referredKeyID>BD382FAB-DD15-0F5A-F755-15CEB916B531</referredKeyID>
<mandatory>true</mandatory>
<refColNames>id</refColNames>
<transferable>true</transferable>
<rely>false</rely>
<columnDependencyConstraintGenerateInDDL>true</columnDependencyConstraintGenerateInDDL>
</FKIndexAssociation>
