<?xml version = '1.0' encoding = 'UTF-8'?>
<FKIndexAssociation class="oracle.dbtools.crest.model.design.relational.FKIndexAssociation" directorySegmentName="seg_0" id="A011EA10-B98C-F686-2AE2-B894552AADF6" containerWithKeyObject="F6E5840E-08D7-DFCA-1534-4E4D82EA82BF" localFKIndex="55A31F07-B3DA-EBA9-7640-690C62C628C7" name="f_credit_card_d_account_FK">
<createdBy>muchd</createdBy>
<createdTime>2023-01-28 22:57:17 UTC</createdTime>
<generatorID>7DE26EFD-8901-87B2-0DF0-A22AD88AB0FE</generatorID>
<ownerDesignName>bank_dimension</ownerDesignName>
<referredTableLongName>d_account</referredTableLongName>
<deleteRule>CASCADE</deleteRule>
<referredTableID>337170AC-C9B3-97CE-2036-9956B6F5EC2F</referredTableID>
<keyObject>E17F5EFC-B096-BFDB-F699-2446F5646FFF</keyObject>
<referredKeyID>E17F5EFC-B096-BFDB-F699-2446F5646FFF</referredKeyID>
<mandatory>true</mandatory>
<refColNames>id</refColNames>
<transferable>true</transferable>
<rely>false</rely>
<columnDependencyConstraintGenerateInDDL>true</columnDependencyConstraintGenerateInDDL>
</FKIndexAssociation>
