<?xml version = '1.0' encoding = 'UTF-8'?>
<FKIndexAssociation class="oracle.dbtools.crest.model.design.relational.FKIndexAssociation" directorySegmentName="seg_0" id="A30F2D0E-2A9D-6899-65F4-E6967851108A" containerWithKeyObject="9468C104-5ABD-D760-B147-4B4A806162CB" localFKIndex="617D1847-0A50-A1C1-C77F-B9A7E2646FCA" name="f_permanent_order_d_permanent_order_FK">
<createdBy>muchd</createdBy>
<createdTime>2023-01-28 22:57:17 UTC</createdTime>
<generatorID>6EBA2568-A6CE-C99F-CBE9-C0E550FFF1CE</generatorID>
<ownerDesignName>bank_dimension</ownerDesignName>
<referredTableLongName>d_permanent_order</referredTableLongName>
<deleteRule>CASCADE</deleteRule>
<referredTableID>325BD466-A234-943F-2037-1CBD22C91458</referredTableID>
<keyObject>24070572-5F94-A180-8899-ABD80E3A858B</keyObject>
<referredKeyID>24070572-5F94-A180-8899-ABD80E3A858B</referredKeyID>
<mandatory>true</mandatory>
<refColNames>id</refColNames>
<transferable>true</transferable>
<rely>false</rely>
<columnDependencyConstraintGenerateInDDL>true</columnDependencyConstraintGenerateInDDL>
</FKIndexAssociation>
