<?xml version = '1.0' encoding = 'UTF-8'?>
<FKIndexAssociation class="oracle.dbtools.crest.model.design.relational.FKIndexAssociation" directorySegmentName="seg_0" id="C124BBD2-F040-57D1-2B97-B2450FE32275" containerWithKeyObject="F6E5840E-08D7-DFCA-1534-4E4D82EA82BF" localFKIndex="9120C5C5-44D4-28A2-2F4B-B600E1E6E998" name="f_credit_card_d_date_FK">
<createdBy>muchd</createdBy>
<createdTime>2023-01-28 22:57:17 UTC</createdTime>
<generatorID>288DFAB0-3F09-507F-948E-F734612AE9C3</generatorID>
<ownerDesignName>bank_dimension</ownerDesignName>
<referredTableLongName>d_date</referredTableLongName>
<deleteRule>CASCADE</deleteRule>
<referredTableID>CDA7FE1E-F3DE-29C2-9FFB-2EC4961354C4</referredTableID>
<keyObject>605F83BC-C1C6-DC46-5D5C-7FC3D9734C5C</keyObject>
<referredKeyID>605F83BC-C1C6-DC46-5D5C-7FC3D9734C5C</referredKeyID>
<mandatory>true</mandatory>
<refColNames>id</refColNames>
<transferable>true</transferable>
<rely>false</rely>
<columnDependencyConstraintGenerateInDDL>true</columnDependencyConstraintGenerateInDDL>
</FKIndexAssociation>
