<?xml version = '1.0' encoding = 'UTF-8'?>
<FKIndexAssociation class="oracle.dbtools.crest.model.design.relational.FKIndexAssociation" directorySegmentName="seg_0" id="C9E017AA-7F69-CEF2-9BE4-602DF2760668" containerWithKeyObject="45D5222F-6C7C-BBE0-B6B4-81E901328B5C" localFKIndex="7962E93B-10CA-6D99-830C-3C3258148845" name="f_transaction_d_account_FK">
<createdBy>muchd</createdBy>
<createdTime>2023-01-28 22:57:17 UTC</createdTime>
<generatorID>4B9C048A-229F-FD72-E930-3E63D532D3D4</generatorID>
<ownerDesignName>bank_dimension</ownerDesignName>
<referredTableLongName>d_account</referredTableLongName>
<deleteRule>CASCADE</deleteRule>
<referredTableID>337170AC-C9B3-97CE-2036-9956B6F5EC2F</referredTableID>
<keyObject>E17F5EFC-B096-BFDB-F699-2446F5646FFF</keyObject>
<referredKeyID>E17F5EFC-B096-BFDB-F699-2446F5646FFF</referredKeyID>
<mandatory>true</mandatory>
<refColNames>id</refColNames>
<transferable>true</transferable>
<rely>false</rely>
<columnDependencyConstraintGenerateInDDL>true</columnDependencyConstraintGenerateInDDL>
</FKIndexAssociation>
