<?xml version = '1.0' encoding = 'UTF-8'?>
<FKIndexAssociation class="oracle.dbtools.crest.model.design.relational.FKIndexAssociation" directorySegmentName="seg_0" id="E5FF7226-1DB5-E95B-F34F-B5BD6568856F" containerWithKeyObject="69E55C4F-517F-7774-FD38-B6766714C116" localFKIndex="D2DF1F29-8443-6901-279F-678A139DC142" name="f_account_d_account_FK">
<createdBy>muchd</createdBy>
<createdTime>2023-01-28 22:57:17 UTC</createdTime>
<generatorID>44ADA3AE-ECE9-A00A-9FDD-8AB067D0E59B</generatorID>
<ownerDesignName>bank_dimension</ownerDesignName>
<referredTableLongName>d_account</referredTableLongName>
<deleteRule>CASCADE</deleteRule>
<referredTableID>337170AC-C9B3-97CE-2036-9956B6F5EC2F</referredTableID>
<keyObject>E17F5EFC-B096-BFDB-F699-2446F5646FFF</keyObject>
<referredKeyID>E17F5EFC-B096-BFDB-F699-2446F5646FFF</referredKeyID>
<mandatory>true</mandatory>
<refColNames>id</refColNames>
<transferable>true</transferable>
<rely>false</rely>
<columnDependencyConstraintGenerateInDDL>true</columnDependencyConstraintGenerateInDDL>
</FKIndexAssociation>
