<?xml version = '1.0' encoding = 'UTF-8'?>
<FKIndexAssociation class="oracle.dbtools.crest.model.design.relational.FKIndexAssociation" directorySegmentName="seg_0" id="E7C744A2-AE24-08E1-21EA-8349DC2F36C6" containerWithKeyObject="48C0C80E-2FEF-F92B-A2C2-D476931EB2A9" localFKIndex="645A1D5A-31B5-1D9A-CF58-E7AD4F2B8641" name="f_loan_d_account_FK">
<createdBy>muchd</createdBy>
<createdTime>2023-01-28 22:57:17 UTC</createdTime>
<generatorID>91049A44-0C41-2C99-8317-BAF1C2E0389D</generatorID>
<ownerDesignName>bank_dimension</ownerDesignName>
<referredTableLongName>d_account</referredTableLongName>
<deleteRule>CASCADE</deleteRule>
<referredTableID>337170AC-C9B3-97CE-2036-9956B6F5EC2F</referredTableID>
<keyObject>E17F5EFC-B096-BFDB-F699-2446F5646FFF</keyObject>
<referredKeyID>E17F5EFC-B096-BFDB-F699-2446F5646FFF</referredKeyID>
<mandatory>true</mandatory>
<refColNames>id</refColNames>
<transferable>true</transferable>
<rely>false</rely>
<columnDependencyConstraintGenerateInDDL>true</columnDependencyConstraintGenerateInDDL>
</FKIndexAssociation>
