<?xml version = '1.0' encoding = 'UTF-8'?>
<Relation class="oracle.dbtools.crest.model.design.logical.Relation" name="f client d client FK" directorySegmentName="seg_0" id="08317A4B-0D9A-81D8-98CF-7138AF3E9B4D">
<createdBy>muchd</createdBy>
<createdTime>2023-01-02 17:05:12 UTC</createdTime>
<ownerDesignName>bank_dimension</ownerDesignName>
<engineerTo>
<item key="0540344C-A969-C90A-207B-8D1CFA2D3617" value="true"/>
</engineerTo>
<sourcePk>53B8B2EE-BDC9-B844-F521-99520AE4E978</sourcePk>
<identifying>true</identifying>
<nameOnTarget>client_id</nameOnTarget>
<optionalSource>false</optionalSource>
<optionalTarget>false</optionalTarget>
<sourceCardinality>1</sourceCardinality>
<sourceEntity>EAD12353-BF79-A6FB-5682-EDE9AFE2407B</sourceEntity>
<targetCardinalityString>*</targetCardinalityString>
<targetEntity>0D921FC5-57BA-C783-71BE-17AD85735CE2</targetEntity>
<transferable>true</transferable>
<deleteRule>CASCADE</deleteRule>
</Relation>
