<?xml version = '1.0' encoding = 'UTF-8'?>
<Relation class="oracle.dbtools.crest.model.design.logical.Relation" name="f credit card d date FK" directorySegmentName="seg_0" id="288DFAB0-3F09-507F-948E-F734612AE9C3">
<createdBy>muchd</createdBy>
<createdTime>2023-01-04 19:33:33 UTC</createdTime>
<ownerDesignName>bank_dimension</ownerDesignName>
<engineerTo>
<item key="0540344C-A969-C90A-207B-8D1CFA2D3617" value="true"/>
</engineerTo>
<sourcePk>98DEC92F-C77B-E500-3965-A88E1C7AB440</sourcePk>
<identifying>true</identifying>
<nameOnTarget>issued</nameOnTarget>
<optionalSource>false</optionalSource>
<optionalTarget>false</optionalTarget>
<sourceCardinality>1</sourceCardinality>
<sourceEntity>1D72182C-5932-2716-A5E6-288F6B3A45DA</sourceEntity>
<targetCardinalityString>*</targetCardinalityString>
<targetEntity>14C9ED5F-3E33-3248-2AB1-C847B3105FC2</targetEntity>
<transferable>true</transferable>
<deleteRule>CASCADE</deleteRule>
</Relation>
