<?xml version = '1.0' encoding = 'UTF-8'?>
<Relation class="oracle.dbtools.crest.model.design.logical.Relation" name="f account d account FK" directorySegmentName="seg_0" id="44ADA3AE-ECE9-A00A-9FDD-8AB067D0E59B">
<createdBy>muchd</createdBy>
<createdTime>2023-01-04 19:25:14 UTC</createdTime>
<ownerDesignName>bank_dimension</ownerDesignName>
<engineerTo>
<item key="0540344C-A969-C90A-207B-8D1CFA2D3617" value="true"/>
</engineerTo>
<sourcePk>B8EFFA2C-BBEC-ED20-6868-2203BDD3C7C5</sourcePk>
<identifying>true</identifying>
<nameOnTarget>account_id</nameOnTarget>
<optionalSource>false</optionalSource>
<optionalTarget>false</optionalTarget>
<sourceCardinality>1</sourceCardinality>
<sourceEntity>560F46E9-21B0-6364-ACC8-13A6152BE418</sourceEntity>
<targetCardinalityString>*</targetCardinalityString>
<targetEntity>E5A9C35F-0D49-B299-7B9C-06D4A57DFBA7</targetEntity>
<transferable>true</transferable>
<deleteRule>CASCADE</deleteRule>
</Relation>
