<?xml version = '1.0' encoding = 'UTF-8'?>
<Relation class="oracle.dbtools.crest.model.design.logical.Relation" name="f transaction d account FK" directorySegmentName="seg_0" id="4B9C048A-229F-FD72-E930-3E63D532D3D4">
<createdBy>muchd</createdBy>
<createdTime>2023-01-02 17:17:58 UTC</createdTime>
<ownerDesignName>bank_dimension</ownerDesignName>
<sourcePk>B8EFFA2C-BBEC-ED20-6868-2203BDD3C7C5</sourcePk>
<identifying>true</identifying>
<nameOnTarget>account_id</nameOnTarget>
<optionalSource>false</optionalSource>
<optionalTarget>false</optionalTarget>
<sourceCardinality>1</sourceCardinality>
<sourceEntity>560F46E9-21B0-6364-ACC8-13A6152BE418</sourceEntity>
<targetCardinalityString>*</targetCardinalityString>
<targetEntity>1993B38D-58D8-E15F-35B9-65C3D3A91A08</targetEntity>
<transferable>true</transferable>
<deleteRule>CASCADE</deleteRule>
</Relation>
