<?xml version = '1.0' encoding = 'UTF-8'?>
<Relation class="oracle.dbtools.crest.model.design.logical.Relation" name="f permanent order d permanent order FK" directorySegmentName="seg_0" id="6EBA2568-A6CE-C99F-CBE9-C0E550FFF1CE">
<createdBy>muchd</createdBy>
<createdTime>2023-01-02 17:15:12 UTC</createdTime>
<ownerDesignName>bank_dimension</ownerDesignName>
<engineerTo>
<item key="0540344C-A969-C90A-207B-8D1CFA2D3617" value="true"/>
</engineerTo>
<sourcePk>60F335C8-3BCD-0A4A-F0BE-F516707942E3</sourcePk>
<identifying>true</identifying>
<nameOnTarget>order_id</nameOnTarget>
<optionalSource>false</optionalSource>
<optionalTarget>false</optionalTarget>
<sourceCardinality>1</sourceCardinality>
<sourceEntity>13B7D928-CDE1-1AA5-B95D-987D97C0FD2C</sourceEntity>
<targetCardinalityString>*</targetCardinalityString>
<targetEntity>43768CDA-C971-C0A0-1F95-E15AF8ED51CD</targetEntity>
<transferable>true</transferable>
<deleteRule>CASCADE</deleteRule>
</Relation>
