<?xml version = '1.0' encoding = 'UTF-8'?>
<Relation class="oracle.dbtools.crest.model.design.logical.Relation" name="f account d client FK" directorySegmentName="seg_0" id="7D3EFB06-F2DA-C70B-1669-CFA8E7F16FD8">
<createdBy>muchd</createdBy>
<createdTime>2023-01-04 19:25:30 UTC</createdTime>
<ownerDesignName>bank_dimension</ownerDesignName>
<engineerTo>
<item key="0540344C-A969-C90A-207B-8D1CFA2D3617" value="true"/>
</engineerTo>
<sourcePk>53B8B2EE-BDC9-B844-F521-99520AE4E978</sourcePk>
<identifying>true</identifying>
<nameOnTarget>client_id</nameOnTarget>
<optionalSource>false</optionalSource>
<optionalTarget>false</optionalTarget>
<sourceCardinality>1</sourceCardinality>
<sourceEntity>EAD12353-BF79-A6FB-5682-EDE9AFE2407B</sourceEntity>
<targetCardinalityString>*</targetCardinalityString>
<targetEntity>E5A9C35F-0D49-B299-7B9C-06D4A57DFBA7</targetEntity>
<transferable>true</transferable>
<deleteRule>CASCADE</deleteRule>
</Relation>
