<?xml version = '1.0' encoding = 'UTF-8'?>
<Relation class="oracle.dbtools.crest.model.design.logical.Relation" name="f loan d date FK" directorySegmentName="seg_0" id="92CDF596-52BE-8C4F-7B65-4FC3AA227A73">
<createdBy>muchd</createdBy>
<createdTime>2023-01-04 18:59:55 UTC</createdTime>
<ownerDesignName>bank_dimension</ownerDesignName>
<engineerTo>
<item key="0540344C-A969-C90A-207B-8D1CFA2D3617" value="true"/>
</engineerTo>
<sourcePk>98DEC92F-C77B-E500-3965-A88E1C7AB440</sourcePk>
<identifying>true</identifying>
<nameOnTarget>date</nameOnTarget>
<optionalSource>false</optionalSource>
<optionalTarget>false</optionalTarget>
<sourceCardinality>1</sourceCardinality>
<sourceEntity>1D72182C-5932-2716-A5E6-288F6B3A45DA</sourceEntity>
<targetCardinalityString>*</targetCardinalityString>
<targetEntity>499545BA-2967-0675-A78A-A320AB8D69A4</targetEntity>
<transferable>true</transferable>
<deleteRule>CASCADE</deleteRule>
</Relation>
