<?xml version = '1.0' encoding = 'UTF-8'?>
<Relation class="oracle.dbtools.crest.model.design.logical.Relation" name="d_transaction_type" directorySegmentName="seg_0" id="D66D5723-6B4C-9789-B9BA-83FFFDC3D351">
<createdBy>muchd</createdBy>
<createdTime>2023-01-04 19:37:07 UTC</createdTime>
<ownerDesignName>bank_dimension</ownerDesignName>
<engineerTo>
<item key="5E9A4643-C951-7BAE-66BA-D57F5F05D0A4" value="true"/>
</engineerTo>
<sourcePk>6AD9F7E0-0047-F887-8111-DA45FF6970A1</sourcePk>
<identifying>true</identifying>
<nameOnTarget>type</nameOnTarget>
<optionalSource>false</optionalSource>
<optionalTarget>false</optionalTarget>
<sourceCardinality>1</sourceCardinality>
<sourceEntity>880C703D-359C-1500-6F6E-57E8C78215B7</sourceEntity>
<targetCardinalityString>*</targetCardinalityString>
<targetEntity>1993B38D-58D8-E15F-35B9-65C3D3A91A08</targetEntity>
<transferable>true</transferable>
<deleteRule>CASCADE</deleteRule>
</Relation>
