<?xml version = '1.0' encoding = 'UTF-8'?>
<Entity class="oracle.dbtools.crest.model.design.logical.Entity" directorySegmentName="seg_0" id="14C9ED5F-3E33-3248-2AB1-C847B3105FC2" name="f credit card">
<createdBy>muchd</createdBy>
<createdTime>2023-01-02 17:06:14 UTC</createdTime>
<ownerDesignName>bank_dimension</ownerDesignName>
<engineerTo>
<item key="0540344C-A969-C90A-207B-8D1CFA2D3617" value="true"/>
</engineerTo>
<typeID>1</typeID>
<adequatelyNormalized>NO</adequatelyNormalized>
<expectedVolumes>0</expectedVolumes>
<fwdEngineeringStrategyName>Single Table</fwdEngineeringStrategyName>
<growthPercent>0</growthPercent>
<growthType>Year</growthType>
<maxVolumes>9999999</maxVolumes>
<minVolumes>0</minVolumes>
<normalForm>Third</normalForm>
<attributes itemClass="oracle.dbtools.crest.model.design.logical.Attribute">
<Attribute name="card id" id="CBA9E869-B89B-53CA-6B05-3B230C31808F">
<createdBy>muchd</createdBy>
<createdTime>2023-01-02 17:07:10 UTC</createdTime>
<generatorID>C292401C-33D2-0E6A-3B94-6BA7348BC47C</generatorID>
<ownerDesignName>bank_dimension</ownerDesignName>
<engineerTo>
<item key="0540344C-A969-C90A-207B-8D1CFA2D3617" value="true"/>
</engineerTo>
<referedAttribute>52E2C64C-A33D-8826-ECEC-3C181FD05486</referedAttribute>
<useDomainConstraints>false</useDomainConstraints>
<use>1</use>
<logicalDatatype>LOGDT027</logicalDatatype>
<ownDataTypeParameters>,,</ownDataTypeParameters>
</Attribute>
<Attribute name="account id" id="9697B3CC-064B-A8FE-BA67-79EE02904A15">
<createdBy>muchd</createdBy>
<createdTime>2023-01-04 19:23:49 UTC</createdTime>
<generatorID>7DE26EFD-8901-87B2-0DF0-A22AD88AB0FE</generatorID>
<ownerDesignName>bank_dimension</ownerDesignName>
<engineerTo>
<item key="0540344C-A969-C90A-207B-8D1CFA2D3617" value="true"/>
</engineerTo>
<referedAttribute>1EF529BF-F90D-8EBF-E619-06275C392C14</referedAttribute>
<useDomainConstraints>false</useDomainConstraints>
<use>1</use>
<logicalDatatype>LOGDT027</logicalDatatype>
<ownDataTypeParameters>,,</ownDataTypeParameters>
</Attribute>
<Attribute name="client id" id="8771600C-2BE7-3EF7-4CF0-5866D75E772F">
<createdBy>muchd</createdBy>
<createdTime>2023-01-04 19:47:19 UTC</createdTime>
<generatorID>D6A1350D-DD9E-5E06-B3B1-A9FB77B9024A</generatorID>
<ownerDesignName>bank_dimension</ownerDesignName>
<engineerTo>
<item key="0540344C-A969-C90A-207B-8D1CFA2D3617" value="true"/>
</engineerTo>
<referedAttribute>1278DF3C-5C15-6D10-CB9F-66D92D48CD24</referedAttribute>
<useDomainConstraints>false</useDomainConstraints>
<use>1</use>
<logicalDatatype>LOGDT027</logicalDatatype>
<ownDataTypeParameters>,,</ownDataTypeParameters>
</Attribute>
<Attribute name="issued date" id="492BC594-52C5-6334-0D44-9DC911E86180">
<createdBy>muchd</createdBy>
<createdTime>2023-01-04 19:33:33 UTC</createdTime>
<generatorID>288DFAB0-3F09-507F-948E-F734612AE9C3</generatorID>
<ownerDesignName>bank_dimension</ownerDesignName>
<engineerTo>
<item key="0540344C-A969-C90A-207B-8D1CFA2D3617" value="true"/>
</engineerTo>
<referedAttribute>2AC2AB42-D20E-8912-77F6-34EFEE80CE3C</referedAttribute>
<useDomainConstraints>false</useDomainConstraints>
<use>1</use>
<logicalDatatype>LOGDT027</logicalDatatype>
<ownDataTypeParameters>,,</ownDataTypeParameters>
</Attribute>
<Attribute name="issued time" id="A6B14E21-F560-B0FE-DDAC-576A651B6F51">
<createdBy>muchd</createdBy>
<createdTime>2023-01-04 19:34:48 UTC</createdTime>
<generatorID>E16C4C03-B940-2A18-8D3E-0A39313A0EB7</generatorID>
<ownerDesignName>bank_dimension</ownerDesignName>
<engineerTo>
<item key="0540344C-A969-C90A-207B-8D1CFA2D3617" value="true"/>
</engineerTo>
<referedAttribute>5FCBF8AE-D88C-5FA2-D12F-2B0A15ED48DC</referedAttribute>
<useDomainConstraints>false</useDomainConstraints>
<use>1</use>
<logicalDatatype>LOGDT027</logicalDatatype>
<ownDataTypeParameters>,,</ownDataTypeParameters>
</Attribute>
</attributes>
<identifiers itemClass="oracle.dbtools.crest.model.design.logical.CandidateKey">
<identifier id="3B233050-6E5B-CD12-C82D-84B6D61D91D2" name="f_credit_card_PK">
<createdBy>muchd</createdBy>
<createdTime>2023-01-02 17:07:07 UTC</createdTime>
<ownerDesignName>bank_dimension</ownerDesignName>
<engineerTo>
<item key="0540344C-A969-C90A-207B-8D1CFA2D3617" value="true"/>
</engineerTo>
<pk>true</pk>
<usedAttributes>
<attributeRef>CBA9E869-B89B-53CA-6B05-3B230C31808F</attributeRef>
<attributeRef>9697B3CC-064B-A8FE-BA67-79EE02904A15</attributeRef>
<attributeRef>8771600C-2BE7-3EF7-4CF0-5866D75E772F</attributeRef>
<attributeRef>492BC594-52C5-6334-0D44-9DC911E86180</attributeRef>
<attributeRef>A6B14E21-F560-B0FE-DDAC-576A651B6F51</attributeRef>
</usedAttributes>
</identifier>
</identifiers>
</Entity>
