<?xml version = '1.0' encoding = 'UTF-8'?>
<Entity class="oracle.dbtools.crest.model.design.logical.Entity" directorySegmentName="seg_0" id="1993B38D-58D8-E15F-35B9-65C3D3A91A08" name="f transaction">
<createdBy>muchd</createdBy>
<createdTime>2023-01-02 17:13:52 UTC</createdTime>
<ownerDesignName>bank_dimension</ownerDesignName>
<typeID>1</typeID>
<adequatelyNormalized>NO</adequatelyNormalized>
<expectedVolumes>0</expectedVolumes>
<fwdEngineeringStrategyName>Single Table</fwdEngineeringStrategyName>
<growthPercent>0</growthPercent>
<growthType>Year</growthType>
<maxVolumes>9999999</maxVolumes>
<minVolumes>0</minVolumes>
<normalForm>Third</normalForm>
<attributes itemClass="oracle.dbtools.crest.model.design.logical.Attribute">
<Attribute name="transaction id" id="48A133A0-0A99-B377-6F5E-0CA68B1E138B">
<createdBy>muchd</createdBy>
<createdTime>2023-01-02 17:17:18 UTC</createdTime>
<generatorID>B59E1AE7-AE43-5D6D-CF52-A00E0F398F85</generatorID>
<ownerDesignName>bank_dimension</ownerDesignName>
<referedAttribute>2E598458-2993-1A01-B33F-7A8CB878C068</referedAttribute>
<useDomainConstraints>false</useDomainConstraints>
<use>1</use>
<logicalDatatype>LOGDT027</logicalDatatype>
<ownDataTypeParameters>,,</ownDataTypeParameters>
</Attribute>
<Attribute name="account id" id="571E31C4-DA09-68D5-0087-309C7A7F4DFC">
<createdBy>muchd</createdBy>
<createdTime>2023-01-02 17:17:58 UTC</createdTime>
<generatorID>4B9C048A-229F-FD72-E930-3E63D532D3D4</generatorID>
<ownerDesignName>bank_dimension</ownerDesignName>
<referedAttribute>1EF529BF-F90D-8EBF-E619-06275C392C14</referedAttribute>
<useDomainConstraints>false</useDomainConstraints>
<use>1</use>
<logicalDatatype>LOGDT027</logicalDatatype>
<ownDataTypeParameters>,,</ownDataTypeParameters>
</Attribute>
<Attribute name="date" id="D491200E-2B46-0C5D-3FF0-708EC04490DE">
<createdBy>muchd</createdBy>
<createdTime>2023-01-04 19:36:32 UTC</createdTime>
<generatorID>C693EBAC-C3F3-EBE3-DF08-C60B8FCCF5E7</generatorID>
<ownerDesignName>bank_dimension</ownerDesignName>
<referedAttribute>2AC2AB42-D20E-8912-77F6-34EFEE80CE3C</referedAttribute>
<useDomainConstraints>false</useDomainConstraints>
<use>1</use>
<logicalDatatype>LOGDT027</logicalDatatype>
<ownDataTypeParameters>,,</ownDataTypeParameters>
</Attribute>
<Attribute name="amount" id="BDC8D59C-C099-8E79-C625-7902DC591AF5">
<createdBy>muchd</createdBy>
<createdTime>2023-01-04 17:08:47 UTC</createdTime>
<ownerDesignName>bank_dimension</ownerDesignName>
<nullsAllowed>true</nullsAllowed>
<useDomainConstraints>false</useDomainConstraints>
<use>1</use>
<logicalDatatype>LOGDT026</logicalDatatype>
<ownDataTypeParameters>,,</ownDataTypeParameters>
</Attribute>
<Attribute name="balance" id="BCA0329F-38B5-D193-5E93-B74A7BB254C4">
<createdBy>muchd</createdBy>
<createdTime>2023-01-04 17:09:17 UTC</createdTime>
<ownerDesignName>bank_dimension</ownerDesignName>
<nullsAllowed>true</nullsAllowed>
<useDomainConstraints>false</useDomainConstraints>
<use>1</use>
<logicalDatatype>LOGDT026</logicalDatatype>
<ownDataTypeParameters>,,</ownDataTypeParameters>
</Attribute>
</attributes>
<identifiers itemClass="oracle.dbtools.crest.model.design.logical.CandidateKey">
<identifier id="14DBFE2B-441B-BE3D-B810-EA7C68AB2D15" name="f_transaction_PK">
<createdBy>muchd</createdBy>
<createdTime>2023-01-28 22:28:02 UTC</createdTime>
<ownerDesignName>bank_dimension</ownerDesignName>
<pk>true</pk>
<usedAttributes>
<attributeRef>48A133A0-0A99-B377-6F5E-0CA68B1E138B</attributeRef>
<attributeRef>571E31C4-DA09-68D5-0087-309C7A7F4DFC</attributeRef>
<attributeRef>D491200E-2B46-0C5D-3FF0-708EC04490DE</attributeRef>
</usedAttributes>
</identifier>
</identifiers>
</Entity>
