<?xml version = '1.0' encoding = 'UTF-8'?>
<Entity class="oracle.dbtools.crest.model.design.logical.Entity" directorySegmentName="seg_0" id="2C5558DD-7E19-4ACB-3FCA-3DD2BC3F165F" name="d transaction">
<createdBy>muchd</createdBy>
<createdTime>2023-01-02 16:50:57 UTC</createdTime>
<ownerDesignName>bank_dimension</ownerDesignName>
<typeID>2</typeID>
<adequatelyNormalized>NO</adequatelyNormalized>
<expectedVolumes>0</expectedVolumes>
<fwdEngineeringStrategyName>Single Table</fwdEngineeringStrategyName>
<growthPercent>0</growthPercent>
<growthType>Year</growthType>
<maxVolumes>9999999</maxVolumes>
<minVolumes>0</minVolumes>
<normalForm>Third</normalForm>
<attributes itemClass="oracle.dbtools.crest.model.design.logical.Attribute">
<Attribute name="id" id="2E598458-2993-1A01-B33F-7A8CB878C068">
<createdBy>muchd</createdBy>
<createdTime>2023-01-02 16:51:03 UTC</createdTime>
<ownerDesignName>bank_dimension</ownerDesignName>
<useDomainConstraints>false</useDomainConstraints>
<use>1</use>
<logicalDatatype>LOGDT027</logicalDatatype>
<ownDataTypeParameters>,,</ownDataTypeParameters>
</Attribute>
<Attribute name="trans id" id="8E6BB67A-D5D7-632B-6A3A-8C7F47522BCB">
<createdBy>muchd</createdBy>
<createdTime>2023-01-02 16:51:11 UTC</createdTime>
<ownerDesignName>bank_dimension</ownerDesignName>
<useDomainConstraints>false</useDomainConstraints>
<use>1</use>
<logicalDatatype>LOGDT027</logicalDatatype>
<ownDataTypeParameters>,,</ownDataTypeParameters>
</Attribute>
<Attribute name="k symbol" id="E6BD70BD-4569-F318-3FE9-D7288A03C2A0">
<createdBy>muchd</createdBy>
<createdTime>2023-01-28 22:49:27 UTC</createdTime>
<ownerDesignName>bank_dimension</ownerDesignName>
<nullsAllowed>true</nullsAllowed>
<useDomainConstraints>false</useDomainConstraints>
<use>1</use>
<logicalDatatype>LOGDT024</logicalDatatype>
<dataTypeSize>20</dataTypeSize>
<ownDataTypeParameters>20,,</ownDataTypeParameters>
</Attribute>
<Attribute name="bank" id="61A18076-3316-60EC-6FC3-7AF049028998">
<createdBy>muchd</createdBy>
<createdTime>2023-01-28 22:49:40 UTC</createdTime>
<ownerDesignName>bank_dimension</ownerDesignName>
<nullsAllowed>true</nullsAllowed>
<useDomainConstraints>false</useDomainConstraints>
<use>1</use>
<logicalDatatype>LOGDT024</logicalDatatype>
<dataTypeSize>2</dataTypeSize>
<ownDataTypeParameters>2,,</ownDataTypeParameters>
</Attribute>
<Attribute name="account" id="9461B11F-1977-8AE3-8664-A404A1D95327">
<createdBy>muchd</createdBy>
<createdTime>2023-01-28 22:50:10 UTC</createdTime>
<ownerDesignName>bank_dimension</ownerDesignName>
<nullsAllowed>true</nullsAllowed>
<useDomainConstraints>false</useDomainConstraints>
<use>1</use>
<logicalDatatype>LOGDT027</logicalDatatype>
<ownDataTypeParameters>,,</ownDataTypeParameters>
</Attribute>
<Attribute name="type" id="7AC74C09-8F70-DD2E-A687-EB94ED3FE3BA">
<createdBy>muchd</createdBy>
<createdTime>2023-01-28 22:50:26 UTC</createdTime>
<ownerDesignName>bank_dimension</ownerDesignName>
<nullsAllowed>true</nullsAllowed>
<useDomainConstraints>false</useDomainConstraints>
<use>1</use>
<logicalDatatype>LOGDT024</logicalDatatype>
<dataTypeSize>10</dataTypeSize>
<ownDataTypeParameters>10,,</ownDataTypeParameters>
</Attribute>
<Attribute name="operation" id="61CC9253-059D-7CFF-921E-89112FECEC29">
<createdBy>muchd</createdBy>
<createdTime>2023-01-28 22:50:46 UTC</createdTime>
<ownerDesignName>bank_dimension</ownerDesignName>
<nullsAllowed>true</nullsAllowed>
<useDomainConstraints>false</useDomainConstraints>
<use>1</use>
<logicalDatatype>LOGDT024</logicalDatatype>
<dataTypeSize>30</dataTypeSize>
<ownDataTypeParameters>30,,</ownDataTypeParameters>
</Attribute>
</attributes>
<identifiers itemClass="oracle.dbtools.crest.model.design.logical.CandidateKey">
<identifier id="FFF26CA6-8789-4E2D-67CD-C701BF4DD612" name="d_transaction_PK">
<createdBy>muchd</createdBy>
<createdTime>2023-01-02 16:50:57 UTC</createdTime>
<ownerDesignName>bank_dimension</ownerDesignName>
<pk>true</pk>
<newElementsIDs>2E598458-2993-1A01-B33F-7A8CB878C068</newElementsIDs>
<usedAttributes>
<attributeRef>2E598458-2993-1A01-B33F-7A8CB878C068</attributeRef>
</usedAttributes>
</identifier>
</identifiers>
</Entity>
