<?xml version = '1.0' encoding = 'UTF-8'?>
<Entity class="oracle.dbtools.crest.model.design.logical.Entity" directorySegmentName="seg_0" id="43768CDA-C971-C0A0-1F95-E15AF8ED51CD" name="f permanent order">
<createdBy>muchd</createdBy>
<createdTime>2023-01-02 17:13:39 UTC</createdTime>
<ownerDesignName>bank_dimension</ownerDesignName>
<engineerTo>
<item key="0540344C-A969-C90A-207B-8D1CFA2D3617" value="true"/>
</engineerTo>
<typeID>1</typeID>
<adequatelyNormalized>NO</adequatelyNormalized>
<expectedVolumes>0</expectedVolumes>
<fwdEngineeringStrategyName>Single Table</fwdEngineeringStrategyName>
<growthPercent>0</growthPercent>
<growthType>Year</growthType>
<maxVolumes>9999999</maxVolumes>
<minVolumes>0</minVolumes>
<normalForm>Third</normalForm>
<attributes itemClass="oracle.dbtools.crest.model.design.logical.Attribute">
<Attribute name="account id" id="C7B59264-EF28-1EF9-9979-A586422ABE23">
<createdBy>muchd</createdBy>
<createdTime>2023-01-02 17:14:47 UTC</createdTime>
<generatorID>36276A49-BC42-BB30-9BFD-418D661CA1FA</generatorID>
<ownerDesignName>bank_dimension</ownerDesignName>
<engineerTo>
<item key="0540344C-A969-C90A-207B-8D1CFA2D3617" value="true"/>
</engineerTo>
<referedAttribute>1EF529BF-F90D-8EBF-E619-06275C392C14</referedAttribute>
<useDomainConstraints>false</useDomainConstraints>
<use>1</use>
<logicalDatatype>LOGDT027</logicalDatatype>
<ownDataTypeParameters>,,</ownDataTypeParameters>
</Attribute>
<Attribute name="order id" id="7E27797A-AFB0-E722-F45C-E34FAC7DF915">
<createdBy>muchd</createdBy>
<createdTime>2023-01-02 17:15:12 UTC</createdTime>
<generatorID>6EBA2568-A6CE-C99F-CBE9-C0E550FFF1CE</generatorID>
<ownerDesignName>bank_dimension</ownerDesignName>
<engineerTo>
<item key="0540344C-A969-C90A-207B-8D1CFA2D3617" value="true"/>
</engineerTo>
<referedAttribute>9D514803-4886-A657-0AE6-9B248882FDDA</referedAttribute>
<useDomainConstraints>false</useDomainConstraints>
<use>1</use>
<logicalDatatype>LOGDT027</logicalDatatype>
<ownDataTypeParameters>,,</ownDataTypeParameters>
</Attribute>
<Attribute name="amount" id="163DFA7D-9C47-9FB6-6858-FF279E5DEAF9">
<createdBy>muchd</createdBy>
<createdTime>2023-01-04 17:40:31 UTC</createdTime>
<ownerDesignName>bank_dimension</ownerDesignName>
<engineerTo>
<item key="0540344C-A969-C90A-207B-8D1CFA2D3617" value="true"/>
</engineerTo>
<nullsAllowed>true</nullsAllowed>
<useDomainConstraints>false</useDomainConstraints>
<use>1</use>
<logicalDatatype>LOGDT026</logicalDatatype>
<ownDataTypeParameters>,,</ownDataTypeParameters>
</Attribute>
</attributes>
<identifiers itemClass="oracle.dbtools.crest.model.design.logical.CandidateKey">
<identifier id="2DC1F801-C92E-7FB2-A8D5-4E874A65BB1C" name="f_permanent_order_PK">
<createdBy>muchd</createdBy>
<createdTime>2023-01-02 17:14:28 UTC</createdTime>
<ownerDesignName>bank_dimension</ownerDesignName>
<engineerTo>
<item key="0540344C-A969-C90A-207B-8D1CFA2D3617" value="true"/>
</engineerTo>
<pk>true</pk>
<usedAttributes>
<attributeRef>C7B59264-EF28-1EF9-9979-A586422ABE23</attributeRef>
<attributeRef>7E27797A-AFB0-E722-F45C-E34FAC7DF915</attributeRef>
</usedAttributes>
</identifier>
</identifiers>
</Entity>
