<?xml version = '1.0' encoding = 'UTF-8'?>
<Entity class="oracle.dbtools.crest.model.design.logical.Entity" directorySegmentName="seg_0" id="499545BA-2967-0675-A78A-A320AB8D69A4" name="f loan">
<createdBy>muchd</createdBy>
<createdTime>2023-01-02 17:10:58 UTC</createdTime>
<ownerDesignName>bank_dimension</ownerDesignName>
<engineerTo>
<item key="0540344C-A969-C90A-207B-8D1CFA2D3617" value="true"/>
</engineerTo>
<typeID>1</typeID>
<adequatelyNormalized>NO</adequatelyNormalized>
<expectedVolumes>0</expectedVolumes>
<fwdEngineeringStrategyName>Single Table</fwdEngineeringStrategyName>
<growthPercent>0</growthPercent>
<growthType>Year</growthType>
<maxVolumes>9999999</maxVolumes>
<minVolumes>0</minVolumes>
<normalForm>Third</normalForm>
<attributes itemClass="oracle.dbtools.crest.model.design.logical.Attribute">
<Attribute name="account id" id="B4FFB85D-3A56-1C05-CBDA-1CF4B3A005C1">
<createdBy>muchd</createdBy>
<createdTime>2023-01-02 17:12:24 UTC</createdTime>
<generatorID>91049A44-0C41-2C99-8317-BAF1C2E0389D</generatorID>
<ownerDesignName>bank_dimension</ownerDesignName>
<engineerTo>
<item key="0540344C-A969-C90A-207B-8D1CFA2D3617" value="true"/>
</engineerTo>
<referedAttribute>1EF529BF-F90D-8EBF-E619-06275C392C14</referedAttribute>
<useDomainConstraints>false</useDomainConstraints>
<use>1</use>
<logicalDatatype>LOGDT027</logicalDatatype>
<ownDataTypeParameters>,,</ownDataTypeParameters>
</Attribute>
<Attribute name="loan id" id="CAABB37D-6160-571D-B6B8-DCCEF2C9CC36">
<createdBy>muchd</createdBy>
<createdTime>2023-01-02 17:12:50 UTC</createdTime>
<generatorID>D86C3B67-DBA0-44B9-E84B-A96B45E7A02E</generatorID>
<ownerDesignName>bank_dimension</ownerDesignName>
<engineerTo>
<item key="0540344C-A969-C90A-207B-8D1CFA2D3617" value="true"/>
</engineerTo>
<referedAttribute>B20FD40C-261E-A0AE-DDEF-CCE8C4415545</referedAttribute>
<useDomainConstraints>false</useDomainConstraints>
<use>1</use>
<logicalDatatype>LOGDT027</logicalDatatype>
<ownDataTypeParameters>,,</ownDataTypeParameters>
</Attribute>
<Attribute name="date" id="17DB00C2-D390-41F6-36F5-5A27AA6C7788">
<createdBy>muchd</createdBy>
<createdTime>2023-01-04 18:59:55 UTC</createdTime>
<generatorID>92CDF596-52BE-8C4F-7B65-4FC3AA227A73</generatorID>
<ownerDesignName>bank_dimension</ownerDesignName>
<engineerTo>
<item key="0540344C-A969-C90A-207B-8D1CFA2D3617" value="true"/>
</engineerTo>
<referedAttribute>2AC2AB42-D20E-8912-77F6-34EFEE80CE3C</referedAttribute>
<useDomainConstraints>false</useDomainConstraints>
<use>1</use>
<logicalDatatype>LOGDT027</logicalDatatype>
<ownDataTypeParameters>,,</ownDataTypeParameters>
</Attribute>
<Attribute name="amount" id="27579C3F-38D2-6CF8-12C7-7DD915F8E46E">
<createdBy>muchd</createdBy>
<createdTime>2023-01-04 19:03:30 UTC</createdTime>
<ownerDesignName>bank_dimension</ownerDesignName>
<engineerTo>
<item key="0540344C-A969-C90A-207B-8D1CFA2D3617" value="true"/>
</engineerTo>
<nullsAllowed>true</nullsAllowed>
<useDomainConstraints>false</useDomainConstraints>
<use>1</use>
<logicalDatatype>LOGDT011</logicalDatatype>
<ownDataTypeParameters>,,</ownDataTypeParameters>
</Attribute>
<Attribute name="payments" id="4A3D6AEF-F088-577B-610B-7E42B0A69047">
<createdBy>muchd</createdBy>
<createdTime>2023-01-04 19:03:39 UTC</createdTime>
<ownerDesignName>bank_dimension</ownerDesignName>
<engineerTo>
<item key="0540344C-A969-C90A-207B-8D1CFA2D3617" value="true"/>
</engineerTo>
<nullsAllowed>true</nullsAllowed>
<useDomainConstraints>false</useDomainConstraints>
<use>1</use>
<logicalDatatype>LOGDT026</logicalDatatype>
<ownDataTypeParameters>,,</ownDataTypeParameters>
</Attribute>
</attributes>
<identifiers itemClass="oracle.dbtools.crest.model.design.logical.CandidateKey">
<identifier id="8F257EF1-BBEA-73AA-917D-38263D3180B9" name="f_loan_PK">
<createdBy>muchd</createdBy>
<createdTime>2023-01-02 17:12:44 UTC</createdTime>
<ownerDesignName>bank_dimension</ownerDesignName>
<engineerTo>
<item key="0540344C-A969-C90A-207B-8D1CFA2D3617" value="true"/>
</engineerTo>
<pk>true</pk>
<usedAttributes>
<attributeRef>B4FFB85D-3A56-1C05-CBDA-1CF4B3A005C1</attributeRef>
<attributeRef>CAABB37D-6160-571D-B6B8-DCCEF2C9CC36</attributeRef>
<attributeRef>17DB00C2-D390-41F6-36F5-5A27AA6C7788</attributeRef>
</usedAttributes>
</identifier>
</identifiers>
</Entity>
