<?xml version = '1.0' encoding = 'UTF-8'?>
<Entity class="oracle.dbtools.crest.model.design.logical.Entity" directorySegmentName="seg_0" id="560F46E9-21B0-6364-ACC8-13A6152BE418" name="d account">
<createdBy>muchd</createdBy>
<createdTime>2023-01-02 16:46:35 UTC</createdTime>
<ownerDesignName>bank_dimension</ownerDesignName>
<engineerTo>
<item key="86BBC94D-4A3A-56FD-FF98-116894FC099F" value="true"/>
</engineerTo>
<typeID>2</typeID>
<adequatelyNormalized>NO</adequatelyNormalized>
<expectedVolumes>0</expectedVolumes>
<fwdEngineeringStrategyName>Single Table</fwdEngineeringStrategyName>
<growthPercent>0</growthPercent>
<growthType>Year</growthType>
<maxVolumes>9999999</maxVolumes>
<minVolumes>0</minVolumes>
<normalForm>Third</normalForm>
<attributes itemClass="oracle.dbtools.crest.model.design.logical.Attribute">
<Attribute name="id" id="1EF529BF-F90D-8EBF-E619-06275C392C14">
<createdBy>muchd</createdBy>
<createdTime>2023-01-02 16:46:56 UTC</createdTime>
<ownerDesignName>bank_dimension</ownerDesignName>
<engineerTo>
<item key="86BBC94D-4A3A-56FD-FF98-116894FC099F" value="true"/>
</engineerTo>
<useDomainConstraints>false</useDomainConstraints>
<use>1</use>
<logicalDatatype>LOGDT027</logicalDatatype>
<ownDataTypeParameters>,,</ownDataTypeParameters>
</Attribute>
<Attribute name="account id" id="E576A467-FA87-E090-E9FF-8C9ABD93B15C">
<createdBy>muchd</createdBy>
<createdTime>2023-01-04 17:27:34 UTC</createdTime>
<ownerDesignName>bank_dimension</ownerDesignName>
<engineerTo>
<item key="86BBC94D-4A3A-56FD-FF98-116894FC099F" value="true"/>
</engineerTo>
<useDomainConstraints>false</useDomainConstraints>
<use>1</use>
<logicalDatatype>LOGDT027</logicalDatatype>
<ownDataTypeParameters>,,</ownDataTypeParameters>
</Attribute>
<Attribute name="frequency" id="C01BCDBF-5ADC-CB40-757F-9617B20AF81A">
<createdBy>muchd</createdBy>
<createdTime>2023-01-28 22:48:33 UTC</createdTime>
<ownerDesignName>bank_dimension</ownerDesignName>
<engineerTo>
<item key="86BBC94D-4A3A-56FD-FF98-116894FC099F" value="true"/>
</engineerTo>
<nullsAllowed>true</nullsAllowed>
<useDomainConstraints>false</useDomainConstraints>
<use>1</use>
<logicalDatatype>LOGDT024</logicalDatatype>
<dataTypeSize>30</dataTypeSize>
<ownDataTypeParameters>30,,</ownDataTypeParameters>
</Attribute>
</attributes>
<identifiers itemClass="oracle.dbtools.crest.model.design.logical.CandidateKey">
<identifier id="B8EFFA2C-BBEC-ED20-6868-2203BDD3C7C5" name="d_account_PK">
<createdBy>muchd</createdBy>
<createdTime>2023-01-02 16:46:35 UTC</createdTime>
<ownerDesignName>bank_dimension</ownerDesignName>
<engineerTo>
<item key="86BBC94D-4A3A-56FD-FF98-116894FC099F" value="true"/>
</engineerTo>
<pk>true</pk>
<newElementsIDs>1EF529BF-F90D-8EBF-E619-06275C392C14</newElementsIDs>
<usedAttributes>
<attributeRef>1EF529BF-F90D-8EBF-E619-06275C392C14</attributeRef>
</usedAttributes>
</identifier>
</identifiers>
</Entity>
