<?xml version = '1.0' encoding = 'UTF-8'?>
<Entity class="oracle.dbtools.crest.model.design.logical.Entity" directorySegmentName="seg_0" id="7703147E-B4BF-BB09-FF32-380EEAD94E77" name="d demographic">
<createdBy>muchd</createdBy>
<createdTime>2023-01-02 16:36:29 UTC</createdTime>
<ownerDesignName>bank_dimension</ownerDesignName>
<engineerTo>
<item key="0540344C-A969-C90A-207B-8D1CFA2D3617" value="true"/>
</engineerTo>
<typeID>2</typeID>
<adequatelyNormalized>NO</adequatelyNormalized>
<expectedVolumes>0</expectedVolumes>
<fwdEngineeringStrategyName>Single Table</fwdEngineeringStrategyName>
<growthPercent>0</growthPercent>
<growthType>Year</growthType>
<maxVolumes>9999999</maxVolumes>
<minVolumes>0</minVolumes>
<normalForm>Third</normalForm>
<attributes itemClass="oracle.dbtools.crest.model.design.logical.Attribute">
<Attribute name="id" id="9D40FD1A-E779-F12D-29EA-C20803E3ACC1">
<createdBy>muchd</createdBy>
<createdTime>2023-01-02 16:37:52 UTC</createdTime>
<ownerDesignName>bank_dimension</ownerDesignName>
<engineerTo>
<item key="0540344C-A969-C90A-207B-8D1CFA2D3617" value="true"/>
</engineerTo>
<useDomainConstraints>false</useDomainConstraints>
<use>1</use>
<logicalDatatype>LOGDT027</logicalDatatype>
<ownDataTypeParameters>,,</ownDataTypeParameters>
</Attribute>
<Attribute name="district id" id="DC03DEC6-4607-0D7F-D44E-817BCF7B20AB">
<createdBy>muchd</createdBy>
<createdTime>2023-01-04 17:27:07 UTC</createdTime>
<ownerDesignName>bank_dimension</ownerDesignName>
<engineerTo>
<item key="0540344C-A969-C90A-207B-8D1CFA2D3617" value="true"/>
</engineerTo>
<useDomainConstraints>false</useDomainConstraints>
<use>1</use>
<logicalDatatype>LOGDT027</logicalDatatype>
<ownDataTypeParameters>,,</ownDataTypeParameters>
</Attribute>
<Attribute name="district name" id="5FF923F1-BFF7-A78B-31C6-B6ADF4ABF683">
<createdBy>muchd</createdBy>
<createdTime>2023-01-04 18:26:59 UTC</createdTime>
<ownerDesignName>bank_dimension</ownerDesignName>
<engineerTo>
<item key="0540344C-A969-C90A-207B-8D1CFA2D3617" value="true"/>
</engineerTo>
<nullsAllowed>true</nullsAllowed>
<useDomainConstraints>false</useDomainConstraints>
<use>1</use>
<logicalDatatype>LOGDT024</logicalDatatype>
<dataTypeSize>50 CHAR</dataTypeSize>
<ownDataTypeParameters>50 CHAR,,</ownDataTypeParameters>
</Attribute>
<Attribute name="region" id="449F5B83-59C0-E787-1623-74141B18D3FD">
<createdBy>muchd</createdBy>
<createdTime>2023-01-04 18:26:59 UTC</createdTime>
<ownerDesignName>bank_dimension</ownerDesignName>
<engineerTo>
<item key="0540344C-A969-C90A-207B-8D1CFA2D3617" value="true"/>
</engineerTo>
<nullsAllowed>true</nullsAllowed>
<useDomainConstraints>false</useDomainConstraints>
<use>1</use>
<logicalDatatype>LOGDT024</logicalDatatype>
<dataTypeSize>50 CHAR</dataTypeSize>
<ownDataTypeParameters>50 CHAR,,</ownDataTypeParameters>
</Attribute>
<Attribute name="inhabitants" id="11F06827-AE7C-B21D-70D7-5F817C344BB1">
<createdBy>muchd</createdBy>
<createdTime>2023-01-04 18:26:59 UTC</createdTime>
<ownerDesignName>bank_dimension</ownerDesignName>
<engineerTo>
<item key="0540344C-A969-C90A-207B-8D1CFA2D3617" value="true"/>
</engineerTo>
<nullsAllowed>true</nullsAllowed>
<useDomainConstraints>false</useDomainConstraints>
<use>1</use>
<logicalDatatype>LOGDT011</logicalDatatype>
<ownDataTypeParameters>,,</ownDataTypeParameters>
</Attribute>
<Attribute name="municip inhabitants 0 499" id="BB8ED0EA-5501-6E4D-38C0-E59B284B8C58">
<createdBy>muchd</createdBy>
<createdTime>2023-01-04 18:26:59 UTC</createdTime>
<ownerDesignName>bank_dimension</ownerDesignName>
<engineerTo>
<item key="0540344C-A969-C90A-207B-8D1CFA2D3617" value="true"/>
</engineerTo>
<nullsAllowed>true</nullsAllowed>
<useDomainConstraints>false</useDomainConstraints>
<use>1</use>
<logicalDatatype>LOGDT011</logicalDatatype>
<ownDataTypeParameters>,,</ownDataTypeParameters>
</Attribute>
<Attribute name="municip inhabitants 500 1999" id="D131EA35-78ED-43A1-A946-7F9EB3ED68F1">
<createdBy>muchd</createdBy>
<createdTime>2023-01-04 18:26:59 UTC</createdTime>
<ownerDesignName>bank_dimension</ownerDesignName>
<engineerTo>
<item key="0540344C-A969-C90A-207B-8D1CFA2D3617" value="true"/>
</engineerTo>
<nullsAllowed>true</nullsAllowed>
<useDomainConstraints>false</useDomainConstraints>
<use>1</use>
<logicalDatatype>LOGDT011</logicalDatatype>
<ownDataTypeParameters>,,</ownDataTypeParameters>
</Attribute>
<Attribute name="municip inhabitants 2000 9999" id="DDF14065-A4F9-DD49-88A6-5FDB0F714BD7">
<createdBy>muchd</createdBy>
<createdTime>2023-01-04 18:26:59 UTC</createdTime>
<ownerDesignName>bank_dimension</ownerDesignName>
<engineerTo>
<item key="0540344C-A969-C90A-207B-8D1CFA2D3617" value="true"/>
</engineerTo>
<nullsAllowed>true</nullsAllowed>
<useDomainConstraints>false</useDomainConstraints>
<use>1</use>
<logicalDatatype>LOGDT011</logicalDatatype>
<ownDataTypeParameters>,,</ownDataTypeParameters>
</Attribute>
<Attribute name="municip inhabitants 10000 inf" id="F29B7A27-35AD-C43A-2909-2099310D3FB9">
<createdBy>muchd</createdBy>
<createdTime>2023-01-04 18:26:59 UTC</createdTime>
<ownerDesignName>bank_dimension</ownerDesignName>
<engineerTo>
<item key="0540344C-A969-C90A-207B-8D1CFA2D3617" value="true"/>
</engineerTo>
<nullsAllowed>true</nullsAllowed>
<useDomainConstraints>false</useDomainConstraints>
<use>1</use>
<logicalDatatype>LOGDT011</logicalDatatype>
<ownDataTypeParameters>,,</ownDataTypeParameters>
</Attribute>
<Attribute name="cities" id="AE0BC7BE-D877-6711-C308-40D6EED946F0">
<createdBy>muchd</createdBy>
<createdTime>2023-01-04 18:26:59 UTC</createdTime>
<ownerDesignName>bank_dimension</ownerDesignName>
<engineerTo>
<item key="0540344C-A969-C90A-207B-8D1CFA2D3617" value="true"/>
</engineerTo>
<nullsAllowed>true</nullsAllowed>
<useDomainConstraints>false</useDomainConstraints>
<use>1</use>
<logicalDatatype>LOGDT011</logicalDatatype>
<ownDataTypeParameters>,,</ownDataTypeParameters>
</Attribute>
<Attribute name="urban inhabitants ratio" id="4FB86F66-2B41-E8DA-EF0A-78BAB10BEC55">
<createdBy>muchd</createdBy>
<createdTime>2023-01-04 18:26:59 UTC</createdTime>
<ownerDesignName>bank_dimension</ownerDesignName>
<engineerTo>
<item key="0540344C-A969-C90A-207B-8D1CFA2D3617" value="true"/>
</engineerTo>
<nullsAllowed>true</nullsAllowed>
<useDomainConstraints>false</useDomainConstraints>
<use>1</use>
<logicalDatatype>LOGDT021</logicalDatatype>
<ownDataTypeParameters>,,</ownDataTypeParameters>
</Attribute>
<Attribute name="avg salary" id="ADD372F1-9BEB-EDAF-9963-30D90E52D81E">
<createdBy>muchd</createdBy>
<createdTime>2023-01-04 18:26:59 UTC</createdTime>
<ownerDesignName>bank_dimension</ownerDesignName>
<engineerTo>
<item key="0540344C-A969-C90A-207B-8D1CFA2D3617" value="true"/>
</engineerTo>
<nullsAllowed>true</nullsAllowed>
<useDomainConstraints>false</useDomainConstraints>
<use>1</use>
<logicalDatatype>LOGDT011</logicalDatatype>
<ownDataTypeParameters>,,</ownDataTypeParameters>
</Attribute>
<Attribute name="unemployment rate 95" id="97A1B1AB-CAC8-F554-AD15-78A66267FBDC">
<createdBy>muchd</createdBy>
<createdTime>2023-01-04 18:26:59 UTC</createdTime>
<ownerDesignName>bank_dimension</ownerDesignName>
<engineerTo>
<item key="0540344C-A969-C90A-207B-8D1CFA2D3617" value="true"/>
</engineerTo>
<nullsAllowed>true</nullsAllowed>
<useDomainConstraints>false</useDomainConstraints>
<use>1</use>
<logicalDatatype>LOGDT021</logicalDatatype>
<ownDataTypeParameters>,,</ownDataTypeParameters>
</Attribute>
<Attribute name="unemployment rate 96" id="D9FC1562-E157-F070-9302-BFA2CE9F265A">
<createdBy>muchd</createdBy>
<createdTime>2023-01-04 18:26:59 UTC</createdTime>
<ownerDesignName>bank_dimension</ownerDesignName>
<engineerTo>
<item key="0540344C-A969-C90A-207B-8D1CFA2D3617" value="true"/>
</engineerTo>
<nullsAllowed>true</nullsAllowed>
<useDomainConstraints>false</useDomainConstraints>
<use>1</use>
<logicalDatatype>LOGDT021</logicalDatatype>
<ownDataTypeParameters>,,</ownDataTypeParameters>
</Attribute>
<Attribute name="enterpreneurs per 1000 inhabitants" id="C3F94A9D-5EE0-BFC9-592C-2B04252CF75E">
<createdBy>muchd</createdBy>
<createdTime>2023-01-04 18:26:59 UTC</createdTime>
<ownerDesignName>bank_dimension</ownerDesignName>
<engineerTo>
<item key="0540344C-A969-C90A-207B-8D1CFA2D3617" value="true"/>
</engineerTo>
<nullsAllowed>true</nullsAllowed>
<useDomainConstraints>false</useDomainConstraints>
<use>1</use>
<logicalDatatype>LOGDT011</logicalDatatype>
<ownDataTypeParameters>,,</ownDataTypeParameters>
</Attribute>
<Attribute name="commited crimes 95" id="7B2A3090-BA35-17F2-88A7-ED3CA9B7A1A4">
<createdBy>muchd</createdBy>
<createdTime>2023-01-04 18:26:59 UTC</createdTime>
<ownerDesignName>bank_dimension</ownerDesignName>
<engineerTo>
<item key="0540344C-A969-C90A-207B-8D1CFA2D3617" value="true"/>
</engineerTo>
<nullsAllowed>true</nullsAllowed>
<useDomainConstraints>false</useDomainConstraints>
<use>1</use>
<logicalDatatype>LOGDT011</logicalDatatype>
<ownDataTypeParameters>,,</ownDataTypeParameters>
</Attribute>
<Attribute name="commited crimes 96" id="DF995396-0DA4-B3A4-5753-D82388D5B51D">
<createdBy>muchd</createdBy>
<createdTime>2023-01-04 18:26:59 UTC</createdTime>
<ownerDesignName>bank_dimension</ownerDesignName>
<engineerTo>
<item key="0540344C-A969-C90A-207B-8D1CFA2D3617" value="true"/>
</engineerTo>
<nullsAllowed>true</nullsAllowed>
<useDomainConstraints>false</useDomainConstraints>
<use>1</use>
<logicalDatatype>LOGDT011</logicalDatatype>
<ownDataTypeParameters>,,</ownDataTypeParameters>
</Attribute>
</attributes>
<identifiers itemClass="oracle.dbtools.crest.model.design.logical.CandidateKey">
<identifier id="068CFE2C-A9C9-077E-A49D-6EB2450ACB05" name="d_demographic_PK">
<createdBy>muchd</createdBy>
<createdTime>2023-01-02 16:36:29 UTC</createdTime>
<ownerDesignName>bank_dimension</ownerDesignName>
<engineerTo>
<item key="0540344C-A969-C90A-207B-8D1CFA2D3617" value="true"/>
</engineerTo>
<pk>true</pk>
<newElementsIDs>9D40FD1A-E779-F12D-29EA-C20803E3ACC1</newElementsIDs>
<usedAttributes>
<attributeRef>9D40FD1A-E779-F12D-29EA-C20803E3ACC1</attributeRef>
</usedAttributes>
</identifier>
</identifiers>
</Entity>
