<?xml version = '1.0' encoding = 'UTF-8'?>
<Entity class="oracle.dbtools.crest.model.design.logical.Entity" directorySegmentName="seg_0" id="77CEF3D3-D393-7BD8-D870-CCC6A2C21B69" name="d disposition type">
<createdBy>muchd</createdBy>
<createdTime>2023-01-02 17:58:33 UTC</createdTime>
<ownerDesignName>bank_dimension</ownerDesignName>
<engineerTo>
<item key="0540344C-A969-C90A-207B-8D1CFA2D3617" value="true"/>
</engineerTo>
<typeID>2</typeID>
<adequatelyNormalized>NO</adequatelyNormalized>
<expectedVolumes>0</expectedVolumes>
<fwdEngineeringStrategyName>Single Table</fwdEngineeringStrategyName>
<growthPercent>0</growthPercent>
<growthType>Year</growthType>
<maxVolumes>9999999</maxVolumes>
<minVolumes>0</minVolumes>
<normalForm>Third</normalForm>
<attributes itemClass="oracle.dbtools.crest.model.design.logical.Attribute">
<Attribute name="id" id="F1838FA1-70EC-0227-A637-220DF36748AF">
<createdBy>muchd</createdBy>
<createdTime>2023-01-02 17:58:33 UTC</createdTime>
<ownerDesignName>bank_dimension</ownerDesignName>
<importedID>9EEB0B59-9540-D46E-667A-59AF50653D6D</importedID>
<engineerTo>
<item key="0540344C-A969-C90A-207B-8D1CFA2D3617" value="true"/>
</engineerTo>
<useDomainConstraints>false</useDomainConstraints>
<use>1</use>
<logicalDatatype>LOGDT011</logicalDatatype>
<ownDataTypeParameters>,,</ownDataTypeParameters>
</Attribute>
<Attribute name="value" id="6FE5D90A-B2B6-D4FD-18E6-09542E16A11C">
<createdBy>muchd</createdBy>
<createdTime>2023-01-02 17:58:33 UTC</createdTime>
<ownerDesignName>bank_dimension</ownerDesignName>
<importedID>CCAFFC40-141F-C81F-F2B7-0AAD290AF00C</importedID>
<engineerTo>
<item key="0540344C-A969-C90A-207B-8D1CFA2D3617" value="true"/>
</engineerTo>
<useDomainConstraints>false</useDomainConstraints>
<use>1</use>
<logicalDatatype>LOGDT024</logicalDatatype>
<dataTypeSize>10 CHAR</dataTypeSize>
<ownDataTypeParameters>10 CHAR,,</ownDataTypeParameters>
</Attribute>
</attributes>
<identifiers itemClass="oracle.dbtools.crest.model.design.logical.CandidateKey">
<identifier id="104A6862-19E4-A795-E9BD-3C28A6F62EE3" name="d_disposition_type_PK">
<createdBy>muchd</createdBy>
<createdTime>2023-01-02 17:58:33 UTC</createdTime>
<ownerDesignName>bank_dimension</ownerDesignName>
<engineerTo>
<item key="0540344C-A969-C90A-207B-8D1CFA2D3617" value="true"/>
</engineerTo>
<pk>true</pk>
<newElementsIDs>F1838FA1-70EC-0227-A637-220DF36748AF</newElementsIDs>
<usedAttributes>
<attributeRef>F1838FA1-70EC-0227-A637-220DF36748AF</attributeRef>
</usedAttributes>
</identifier>
</identifiers>
</Entity>
