<?xml version = '1.0' encoding = 'UTF-8'?>
<Entity class="oracle.dbtools.crest.model.design.logical.Entity" directorySegmentName="seg_0" id="7C5E56C9-630B-84F2-92EC-61D6B4C8559E" name="d_disposition">
<createdBy>muchd</createdBy>
<createdTime>2023-01-29 00:00:37 UTC</createdTime>
<ownerDesignName>bank_dimension</ownerDesignName>
<engineerTo>
<item key="33FDA305-7E33-CFED-7891-5A71C25EC6B5" value="true"/>
</engineerTo>
<typeID>2</typeID>
<adequatelyNormalized>NO</adequatelyNormalized>
<expectedVolumes>0</expectedVolumes>
<fwdEngineeringStrategyName>Single Table</fwdEngineeringStrategyName>
<growthPercent>0</growthPercent>
<growthType>Year</growthType>
<maxVolumes>9999999</maxVolumes>
<minVolumes>0</minVolumes>
<normalForm>Third</normalForm>
<attributes itemClass="oracle.dbtools.crest.model.design.logical.Attribute">
<Attribute name="id" id="5430AF34-ABC9-497E-585C-413B2B1C8617">
<createdBy>muchd</createdBy>
<createdTime>2023-01-29 00:00:49 UTC</createdTime>
<ownerDesignName>bank_dimension</ownerDesignName>
<engineerTo>
<item key="33FDA305-7E33-CFED-7891-5A71C25EC6B5" value="true"/>
</engineerTo>
<useDomainConstraints>false</useDomainConstraints>
<use>1</use>
<logicalDatatype>LOGDT027</logicalDatatype>
<ownDataTypeParameters>,,</ownDataTypeParameters>
</Attribute>
<Attribute name="disp_id" id="B4BF41AB-2526-364D-6C83-143149D1AF56">
<createdBy>muchd</createdBy>
<createdTime>2023-01-29 00:05:51 UTC</createdTime>
<ownerDesignName>bank_dimension</ownerDesignName>
<engineerTo>
<item key="33FDA305-7E33-CFED-7891-5A71C25EC6B5" value="true"/>
</engineerTo>
<useDomainConstraints>false</useDomainConstraints>
<use>1</use>
<logicalDatatype>LOGDT027</logicalDatatype>
<ownDataTypeParameters>,,</ownDataTypeParameters>
</Attribute>
<Attribute name="type" id="1B434DD4-0B67-65FA-8DD2-3F46F3DA231B">
<createdBy>muchd</createdBy>
<createdTime>2023-01-29 00:01:11 UTC</createdTime>
<ownerDesignName>bank_dimension</ownerDesignName>
<engineerTo>
<item key="33FDA305-7E33-CFED-7891-5A71C25EC6B5" value="true"/>
</engineerTo>
<nullsAllowed>true</nullsAllowed>
<useDomainConstraints>false</useDomainConstraints>
<use>1</use>
<logicalDatatype>LOGDT024</logicalDatatype>
<dataTypeSize>10</dataTypeSize>
<ownDataTypeParameters>10,,</ownDataTypeParameters>
</Attribute>
</attributes>
<identifiers itemClass="oracle.dbtools.crest.model.design.logical.CandidateKey">
<identifier id="2A1D5646-7920-7610-FA8B-6156171F125F" name="d_disposition PK">
<createdBy>muchd</createdBy>
<createdTime>2023-01-29 00:00:59 UTC</createdTime>
<ownerDesignName>bank_dimension</ownerDesignName>
<engineerTo>
<item key="33FDA305-7E33-CFED-7891-5A71C25EC6B5" value="true"/>
</engineerTo>
<pk>true</pk>
<usedAttributes>
<attributeRef>5430AF34-ABC9-497E-585C-413B2B1C8617</attributeRef>
</usedAttributes>
</identifier>
</identifiers>
</Entity>
