<?xml version = '1.0' encoding = 'UTF-8'?>
<Entity class="oracle.dbtools.crest.model.design.logical.Entity" directorySegmentName="seg_0" id="880C703D-359C-1500-6F6E-57E8C78215B7" name="d_transaction_type">
<createdBy>muchd</createdBy>
<createdTime>2023-01-02 17:58:48 UTC</createdTime>
<ownerDesignName>bank_dimension</ownerDesignName>
<engineerTo>
<item key="5E9A4643-C951-7BAE-66BA-D57F5F05D0A4" value="true"/>
</engineerTo>
<typeID>2</typeID>
<adequatelyNormalized>NO</adequatelyNormalized>
<expectedVolumes>0</expectedVolumes>
<fwdEngineeringStrategyName>Single Table</fwdEngineeringStrategyName>
<growthPercent>0</growthPercent>
<growthType>Year</growthType>
<maxVolumes>9999999</maxVolumes>
<minVolumes>0</minVolumes>
<normalForm>Third</normalForm>
<attributes itemClass="oracle.dbtools.crest.model.design.logical.Attribute">
<Attribute name="id" id="15752221-3217-9E9E-F4BC-5394091C79D8">
<createdBy>muchd</createdBy>
<createdTime>2023-01-02 17:58:48 UTC</createdTime>
<ownerDesignName>bank_dimension</ownerDesignName>
<importedID>ED762586-C34F-84B4-D9D2-3C5853C7660C</importedID>
<engineerTo>
<item key="5E9A4643-C951-7BAE-66BA-D57F5F05D0A4" value="true"/>
</engineerTo>
<useDomainConstraints>false</useDomainConstraints>
<use>1</use>
<logicalDatatype>LOGDT011</logicalDatatype>
<ownDataTypeParameters>,,</ownDataTypeParameters>
</Attribute>
<Attribute name="value" id="C9355363-280F-F190-DBEC-991651461317">
<createdBy>muchd</createdBy>
<createdTime>2023-01-02 17:58:48 UTC</createdTime>
<ownerDesignName>bank_dimension</ownerDesignName>
<importedID>F17737C1-A6FA-FBE8-D55A-006C7EA26A5C</importedID>
<engineerTo>
<item key="5E9A4643-C951-7BAE-66BA-D57F5F05D0A4" value="true"/>
</engineerTo>
<useDomainConstraints>false</useDomainConstraints>
<use>1</use>
<logicalDatatype>LOGDT024</logicalDatatype>
<dataTypeSize>10 CHAR</dataTypeSize>
<ownDataTypeParameters>10 CHAR,,</ownDataTypeParameters>
</Attribute>
</attributes>
<identifiers itemClass="oracle.dbtools.crest.model.design.logical.CandidateKey">
<identifier id="6AD9F7E0-0047-F887-8111-DA45FF6970A1" name="d_transaction_type PK">
<createdBy>muchd</createdBy>
<createdTime>2023-01-02 17:58:48 UTC</createdTime>
<ownerDesignName>bank_dimension</ownerDesignName>
<engineerTo>
<item key="5E9A4643-C951-7BAE-66BA-D57F5F05D0A4" value="true"/>
</engineerTo>
<pk>true</pk>
<newElementsIDs>15752221-3217-9E9E-F4BC-5394091C79D8</newElementsIDs>
<usedAttributes>
<attributeRef>15752221-3217-9E9E-F4BC-5394091C79D8</attributeRef>
</usedAttributes>
</identifier>
</identifiers>
</Entity>
