<?xml version = '1.0' encoding = 'UTF-8'?>
<Entity class="oracle.dbtools.crest.model.design.logical.Entity" directorySegmentName="seg_0" id="B35FBC16-1102-A62A-2623-AA9448B024A2" name="d credit card">
<createdBy>muchd</createdBy>
<createdTime>2023-01-02 16:39:24 UTC</createdTime>
<ownerDesignName>bank_dimension</ownerDesignName>
<engineerTo>
<item key="0540344C-A969-C90A-207B-8D1CFA2D3617" value="true"/>
</engineerTo>
<typeID>2</typeID>
<adequatelyNormalized>NO</adequatelyNormalized>
<expectedVolumes>0</expectedVolumes>
<fwdEngineeringStrategyName>Single Table</fwdEngineeringStrategyName>
<growthPercent>0</growthPercent>
<growthType>Year</growthType>
<maxVolumes>9999999</maxVolumes>
<minVolumes>0</minVolumes>
<normalForm>Third</normalForm>
<attributes itemClass="oracle.dbtools.crest.model.design.logical.Attribute">
<Attribute name="id" id="52E2C64C-A33D-8826-ECEC-3C181FD05486">
<createdBy>muchd</createdBy>
<createdTime>2023-01-02 16:40:35 UTC</createdTime>
<ownerDesignName>bank_dimension</ownerDesignName>
<engineerTo>
<item key="0540344C-A969-C90A-207B-8D1CFA2D3617" value="true"/>
</engineerTo>
<useDomainConstraints>false</useDomainConstraints>
<use>1</use>
<logicalDatatype>LOGDT027</logicalDatatype>
<ownDataTypeParameters>,,</ownDataTypeParameters>
</Attribute>
<Attribute name="card id" id="76E4551D-177E-63AB-CA77-FAE55B2AAF63">
<createdBy>muchd</createdBy>
<createdTime>2023-01-02 16:41:02 UTC</createdTime>
<ownerDesignName>bank_dimension</ownerDesignName>
<engineerTo>
<item key="0540344C-A969-C90A-207B-8D1CFA2D3617" value="true"/>
</engineerTo>
<useDomainConstraints>false</useDomainConstraints>
<use>1</use>
<logicalDatatype>LOGDT027</logicalDatatype>
<ownDataTypeParameters>,,</ownDataTypeParameters>
</Attribute>
<Attribute name="type" id="E3F5FBAD-A205-4F9D-38A2-060D2892E148">
<createdBy>muchd</createdBy>
<createdTime>2023-01-28 22:43:46 UTC</createdTime>
<ownerDesignName>bank_dimension</ownerDesignName>
<engineerTo>
<item key="0540344C-A969-C90A-207B-8D1CFA2D3617" value="true"/>
</engineerTo>
<nullsAllowed>true</nullsAllowed>
<useDomainConstraints>false</useDomainConstraints>
<use>1</use>
<logicalDatatype>LOGDT024</logicalDatatype>
<dataTypeSize>10</dataTypeSize>
<ownDataTypeParameters>10,,</ownDataTypeParameters>
</Attribute>
</attributes>
<identifiers itemClass="oracle.dbtools.crest.model.design.logical.CandidateKey">
<identifier id="D288E6A9-630C-0FE4-BF96-FA7040A6B3A3" name="d_credit_card_PK">
<createdBy>muchd</createdBy>
<createdTime>2023-01-02 16:39:24 UTC</createdTime>
<ownerDesignName>bank_dimension</ownerDesignName>
<engineerTo>
<item key="0540344C-A969-C90A-207B-8D1CFA2D3617" value="true"/>
</engineerTo>
<pk>true</pk>
<newElementsIDs>52E2C64C-A33D-8826-ECEC-3C181FD05486</newElementsIDs>
<usedAttributes>
<attributeRef>52E2C64C-A33D-8826-ECEC-3C181FD05486</attributeRef>
</usedAttributes>
</identifier>
</identifiers>
</Entity>
