<?xml version = '1.0' encoding = 'UTF-8'?>
<Entity class="oracle.dbtools.crest.model.design.logical.Entity" directorySegmentName="seg_0" id="CC2F5016-938D-AA8A-D223-F450ECA0CDED" name="d_credit_card_type">
<createdBy>muchd</createdBy>
<createdTime>2023-01-02 17:58:33 UTC</createdTime>
<ownerDesignName>bank_dimension</ownerDesignName>
<engineerTo>
<item key="5E9A4643-C951-7BAE-66BA-D57F5F05D0A4" value="true"/>
</engineerTo>
<typeID>2</typeID>
<adequatelyNormalized>NO</adequatelyNormalized>
<expectedVolumes>0</expectedVolumes>
<fwdEngineeringStrategyName>Single Table</fwdEngineeringStrategyName>
<growthPercent>0</growthPercent>
<growthType>Year</growthType>
<maxVolumes>9999999</maxVolumes>
<minVolumes>0</minVolumes>
<normalForm>Third</normalForm>
<attributes itemClass="oracle.dbtools.crest.model.design.logical.Attribute">
<Attribute name="id" id="661F366F-05F6-974C-3DC7-3FC2D19C654D">
<createdBy>muchd</createdBy>
<createdTime>2023-01-02 17:58:33 UTC</createdTime>
<ownerDesignName>bank_dimension</ownerDesignName>
<importedID>6D273311-63C7-1A75-508D-20CB96D9B65D</importedID>
<engineerTo>
<item key="5E9A4643-C951-7BAE-66BA-D57F5F05D0A4" value="true"/>
</engineerTo>
<useDomainConstraints>false</useDomainConstraints>
<use>1</use>
<logicalDatatype>LOGDT011</logicalDatatype>
<ownDataTypeParameters>,,</ownDataTypeParameters>
</Attribute>
<Attribute name="value" id="A89D528C-88BF-A3CF-F25F-152EE88B3B3D">
<createdBy>muchd</createdBy>
<createdTime>2023-01-02 17:58:33 UTC</createdTime>
<ownerDesignName>bank_dimension</ownerDesignName>
<importedID>59710CDE-B3A1-9862-A0B9-350701FEE2A2</importedID>
<engineerTo>
<item key="5E9A4643-C951-7BAE-66BA-D57F5F05D0A4" value="true"/>
</engineerTo>
<useDomainConstraints>false</useDomainConstraints>
<use>1</use>
<logicalDatatype>LOGDT024</logicalDatatype>
<dataTypeSize>10 CHAR</dataTypeSize>
<ownDataTypeParameters>10 CHAR,,</ownDataTypeParameters>
</Attribute>
</attributes>
<identifiers itemClass="oracle.dbtools.crest.model.design.logical.CandidateKey">
<identifier id="085BE89F-DAB6-32C0-1D0D-A19D1B0CDA3C" name="d_credit_card_type PK">
<createdBy>muchd</createdBy>
<createdTime>2023-01-02 17:58:33 UTC</createdTime>
<ownerDesignName>bank_dimension</ownerDesignName>
<engineerTo>
<item key="5E9A4643-C951-7BAE-66BA-D57F5F05D0A4" value="true"/>
</engineerTo>
<pk>true</pk>
<newElementsIDs>661F366F-05F6-974C-3DC7-3FC2D19C654D</newElementsIDs>
<usedAttributes>
<attributeRef>661F366F-05F6-974C-3DC7-3FC2D19C654D</attributeRef>
</usedAttributes>
</identifier>
</identifiers>
</Entity>
