<?xml version = '1.0' encoding = 'UTF-8'?>
<Entity class="oracle.dbtools.crest.model.design.logical.Entity" directorySegmentName="seg_0" id="E5A9C35F-0D49-B299-7B9C-06D4A57DFBA7" name="f account">
<createdBy>muchd</createdBy>
<createdTime>2023-01-04 19:21:42 UTC</createdTime>
<ownerDesignName>bank_dimension</ownerDesignName>
<engineerTo>
<item key="86BBC94D-4A3A-56FD-FF98-116894FC099F" value="true"/>
</engineerTo>
<typeID>1</typeID>
<adequatelyNormalized>NO</adequatelyNormalized>
<expectedVolumes>0</expectedVolumes>
<fwdEngineeringStrategyName>Single Table</fwdEngineeringStrategyName>
<growthPercent>0</growthPercent>
<growthType>Year</growthType>
<maxVolumes>9999999</maxVolumes>
<minVolumes>0</minVolumes>
<normalForm>Third</normalForm>
<attributes itemClass="oracle.dbtools.crest.model.design.logical.Attribute">
<Attribute name="account id" id="926B52CF-17A9-0519-7762-088C6A2253E8">
<createdBy>muchd</createdBy>
<createdTime>2023-01-04 19:25:14 UTC</createdTime>
<generatorID>44ADA3AE-ECE9-A00A-9FDD-8AB067D0E59B</generatorID>
<ownerDesignName>bank_dimension</ownerDesignName>
<engineerTo>
<item key="86BBC94D-4A3A-56FD-FF98-116894FC099F" value="true"/>
</engineerTo>
<referedAttribute>1EF529BF-F90D-8EBF-E619-06275C392C14</referedAttribute>
<useDomainConstraints>false</useDomainConstraints>
<use>1</use>
<logicalDatatype>LOGDT027</logicalDatatype>
<ownDataTypeParameters>,,</ownDataTypeParameters>
</Attribute>
<Attribute name="client id" id="4E028DDB-14E3-652C-5E8F-0775289253AD">
<createdBy>muchd</createdBy>
<createdTime>2023-01-04 19:25:30 UTC</createdTime>
<generatorID>7D3EFB06-F2DA-C70B-1669-CFA8E7F16FD8</generatorID>
<ownerDesignName>bank_dimension</ownerDesignName>
<engineerTo>
<item key="86BBC94D-4A3A-56FD-FF98-116894FC099F" value="true"/>
</engineerTo>
<referedAttribute>1278DF3C-5C15-6D10-CB9F-66D92D48CD24</referedAttribute>
<useDomainConstraints>false</useDomainConstraints>
<use>1</use>
<logicalDatatype>LOGDT027</logicalDatatype>
<ownDataTypeParameters>,,</ownDataTypeParameters>
</Attribute>
<Attribute name="demographic id" id="B51A367A-4795-A897-E328-DFF8071DDFA8">
<createdBy>muchd</createdBy>
<createdTime>2023-01-04 19:29:41 UTC</createdTime>
<generatorID>AFBEA32B-69A6-9318-ACD0-34CFAB437823</generatorID>
<ownerDesignName>bank_dimension</ownerDesignName>
<engineerTo>
<item key="86BBC94D-4A3A-56FD-FF98-116894FC099F" value="true"/>
</engineerTo>
<referedAttribute>9D40FD1A-E779-F12D-29EA-C20803E3ACC1</referedAttribute>
<useDomainConstraints>false</useDomainConstraints>
<use>1</use>
<logicalDatatype>LOGDT027</logicalDatatype>
<ownDataTypeParameters>,,</ownDataTypeParameters>
</Attribute>
<Attribute name="disposition_id" id="59F4A9B9-760C-FCD7-2B05-286233C454D3">
<createdBy>muchd</createdBy>
<createdTime>2023-01-29 00:01:41 UTC</createdTime>
<generatorID>1FC3EB12-017A-2108-4F7D-33FFE82F459F</generatorID>
<ownerDesignName>bank_dimension</ownerDesignName>
<engineerTo>
<item key="86BBC94D-4A3A-56FD-FF98-116894FC099F" value="true"/>
</engineerTo>
<referedAttribute>5430AF34-ABC9-497E-585C-413B2B1C8617</referedAttribute>
<useDomainConstraints>false</useDomainConstraints>
<use>1</use>
<logicalDatatype>LOGDT027</logicalDatatype>
<ownDataTypeParameters>,,</ownDataTypeParameters>
</Attribute>
<Attribute name="date" id="3BCBF028-29D3-4EDA-8CF9-B8A9C0F48282">
<createdBy>muchd</createdBy>
<createdTime>2023-01-04 19:26:05 UTC</createdTime>
<generatorID>F9841D34-FE19-01DE-CC95-2F093F6AEAE8</generatorID>
<ownerDesignName>bank_dimension</ownerDesignName>
<engineerTo>
<item key="86BBC94D-4A3A-56FD-FF98-116894FC099F" value="true"/>
</engineerTo>
<referedAttribute>2AC2AB42-D20E-8912-77F6-34EFEE80CE3C</referedAttribute>
<useDomainConstraints>false</useDomainConstraints>
<use>1</use>
<logicalDatatype>LOGDT027</logicalDatatype>
<ownDataTypeParameters>,,</ownDataTypeParameters>
</Attribute>
</attributes>
<identifiers itemClass="oracle.dbtools.crest.model.design.logical.CandidateKey">
<identifier id="DAD362EE-1259-690E-D465-34D8AF9FA1DD" name="f_account_PK">
<createdBy>muchd</createdBy>
<createdTime>2023-01-04 19:25:26 UTC</createdTime>
<ownerDesignName>bank_dimension</ownerDesignName>
<engineerTo>
<item key="86BBC94D-4A3A-56FD-FF98-116894FC099F" value="true"/>
</engineerTo>
<pk>true</pk>
<usedAttributes>
<attributeRef>926B52CF-17A9-0519-7762-088C6A2253E8</attributeRef>
<attributeRef>4E028DDB-14E3-652C-5E8F-0775289253AD</attributeRef>
<attributeRef>B51A367A-4795-A897-E328-DFF8071DDFA8</attributeRef>
<attributeRef>3BCBF028-29D3-4EDA-8CF9-B8A9C0F48282</attributeRef>
<attributeRef>59F4A9B9-760C-FCD7-2B05-286233C454D3</attributeRef>
</usedAttributes>
</identifier>
</identifiers>
</Entity>
