<?xml version = '1.0' encoding = 'UTF-8'?>
<Entity class="oracle.dbtools.crest.model.design.logical.Entity" directorySegmentName="seg_0" id="EAD12353-BF79-A6FB-5682-EDE9AFE2407B" name="d client">
<createdBy>muchd</createdBy>
<createdTime>2023-01-02 16:41:32 UTC</createdTime>
<ownerDesignName>bank_dimension</ownerDesignName>
<engineerTo>
<item key="0540344C-A969-C90A-207B-8D1CFA2D3617" value="true"/>
</engineerTo>
<typeID>2</typeID>
<adequatelyNormalized>NO</adequatelyNormalized>
<expectedVolumes>0</expectedVolumes>
<fwdEngineeringStrategyName>Single Table</fwdEngineeringStrategyName>
<growthPercent>0</growthPercent>
<growthType>Year</growthType>
<maxVolumes>9999999</maxVolumes>
<minVolumes>0</minVolumes>
<normalForm>Third</normalForm>
<attributes itemClass="oracle.dbtools.crest.model.design.logical.Attribute">
<Attribute name="id" id="1278DF3C-5C15-6D10-CB9F-66D92D48CD24">
<createdBy>muchd</createdBy>
<createdTime>2023-01-02 16:41:42 UTC</createdTime>
<ownerDesignName>bank_dimension</ownerDesignName>
<engineerTo>
<item key="0540344C-A969-C90A-207B-8D1CFA2D3617" value="true"/>
</engineerTo>
<useDomainConstraints>false</useDomainConstraints>
<use>1</use>
<logicalDatatype>LOGDT027</logicalDatatype>
<ownDataTypeParameters>,,</ownDataTypeParameters>
</Attribute>
<Attribute name="client id" id="96CBE0ED-4B3C-7EA1-5D2A-C96646E09C40">
<createdBy>muchd</createdBy>
<createdTime>2023-01-04 17:26:53 UTC</createdTime>
<ownerDesignName>bank_dimension</ownerDesignName>
<engineerTo>
<item key="0540344C-A969-C90A-207B-8D1CFA2D3617" value="true"/>
</engineerTo>
<useDomainConstraints>false</useDomainConstraints>
<use>1</use>
<logicalDatatype>LOGDT027</logicalDatatype>
<ownDataTypeParameters>,,</ownDataTypeParameters>
</Attribute>
<Attribute name="birth number" id="58F0690D-F044-621D-D64E-DBA67CFB99FA">
<createdBy>muchd</createdBy>
<createdTime>2023-01-02 16:41:32 UTC</createdTime>
<ownerDesignName>bank_dimension</ownerDesignName>
<importedID>52805470-92C7-BB69-E603-8E2C5BF987E2</importedID>
<engineerTo>
<item key="0540344C-A969-C90A-207B-8D1CFA2D3617" value="true"/>
</engineerTo>
<nullsAllowed>true</nullsAllowed>
<useDomainConstraints>false</useDomainConstraints>
<use>1</use>
<logicalDatatype>LOGDT011</logicalDatatype>
<ownDataTypeParameters>,,</ownDataTypeParameters>
</Attribute>
</attributes>
<identifiers itemClass="oracle.dbtools.crest.model.design.logical.CandidateKey">
<identifier id="53B8B2EE-BDC9-B844-F521-99520AE4E978" name="d_client_PK">
<createdBy>muchd</createdBy>
<createdTime>2023-01-02 16:41:32 UTC</createdTime>
<ownerDesignName>bank_dimension</ownerDesignName>
<engineerTo>
<item key="0540344C-A969-C90A-207B-8D1CFA2D3617" value="true"/>
</engineerTo>
<pk>true</pk>
<newElementsIDs>1278DF3C-5C15-6D10-CB9F-66D92D48CD24</newElementsIDs>
<usedAttributes>
<attributeRef>1278DF3C-5C15-6D10-CB9F-66D92D48CD24</attributeRef>
</usedAttributes>
</identifier>
</identifiers>
</Entity>
