<?xml version = '1.0' encoding = 'UTF-8'?>
<Entity class="oracle.dbtools.crest.model.design.logical.Entity" directorySegmentName="seg_0" id="FC561251-D14A-3C30-5352-A9341B73A945" name="d_partner">
<createdBy>muchd</createdBy>
<createdTime>2023-01-04 18:12:39 UTC</createdTime>
<ownerDesignName>bank_dimension</ownerDesignName>
<engineerTo>
<item key="5E9A4643-C951-7BAE-66BA-D57F5F05D0A4" value="true"/>
</engineerTo>
<typeID>2</typeID>
<adequatelyNormalized>NO</adequatelyNormalized>
<expectedVolumes>0</expectedVolumes>
<fwdEngineeringStrategyName>Single Table</fwdEngineeringStrategyName>
<growthPercent>0</growthPercent>
<growthType>Year</growthType>
<maxVolumes>9999999</maxVolumes>
<minVolumes>0</minVolumes>
<normalForm>Third</normalForm>
<attributes itemClass="oracle.dbtools.crest.model.design.logical.Attribute">
<Attribute name="id" id="F5874587-EC88-9027-97F9-DB0229943EF4">
<createdBy>muchd</createdBy>
<createdTime>2023-01-04 18:12:39 UTC</createdTime>
<ownerDesignName>bank_dimension</ownerDesignName>
<importedID>A80B393D-4D90-C03A-74CD-9550C791FC4C</importedID>
<engineerTo>
<item key="5E9A4643-C951-7BAE-66BA-D57F5F05D0A4" value="true"/>
</engineerTo>
<useDomainConstraints>false</useDomainConstraints>
<use>1</use>
<logicalDatatype>LOGDT027</logicalDatatype>
<ownDataTypeParameters>,,</ownDataTypeParameters>
</Attribute>
<Attribute name="bank" id="88E8DF24-5E69-AD6D-0A94-70506391ED47">
<createdBy>muchd</createdBy>
<createdTime>2023-01-04 18:12:39 UTC</createdTime>
<ownerDesignName>bank_dimension</ownerDesignName>
<importedID>119CFA14-C256-AFFB-5616-2EB60C1AF4E5</importedID>
<engineerTo>
<item key="5E9A4643-C951-7BAE-66BA-D57F5F05D0A4" value="true"/>
</engineerTo>
<useDomainConstraints>false</useDomainConstraints>
<use>1</use>
<logicalDatatype>LOGDT024</logicalDatatype>
<dataTypeSize>2 CHAR</dataTypeSize>
<ownDataTypeParameters>2 CHAR,,</ownDataTypeParameters>
</Attribute>
<Attribute name="account" id="777C490A-F30F-B6E8-7B09-0E4335AF13C4">
<createdBy>muchd</createdBy>
<createdTime>2023-01-04 18:43:48 UTC</createdTime>
<ownerDesignName>bank_dimension</ownerDesignName>
<engineerTo>
<item key="5E9A4643-C951-7BAE-66BA-D57F5F05D0A4" value="true"/>
</engineerTo>
<useDomainConstraints>false</useDomainConstraints>
<use>1</use>
<logicalDatatype>LOGDT027</logicalDatatype>
<ownDataTypeParameters>,,</ownDataTypeParameters>
</Attribute>
</attributes>
<identifiers itemClass="oracle.dbtools.crest.model.design.logical.CandidateKey">
<identifier id="E40D1786-EA32-CC60-9394-10A1007559A8" name="d_partner PK">
<createdBy>muchd</createdBy>
<createdTime>2023-01-04 18:12:39 UTC</createdTime>
<ownerDesignName>bank_dimension</ownerDesignName>
<engineerTo>
<item key="5E9A4643-C951-7BAE-66BA-D57F5F05D0A4" value="true"/>
</engineerTo>
<pk>true</pk>
<newElementsIDs>F5874587-EC88-9027-97F9-DB0229943EF4</newElementsIDs>
<usedAttributes>
<attributeRef>F5874587-EC88-9027-97F9-DB0229943EF4</attributeRef>
</usedAttributes>
</identifier>
</identifiers>
</Entity>
