<?xml version = '1.0' encoding = 'UTF-8'?>
<FKIndexAssociation class="oracle.dbtools.crest.model.design.relational.FKIndexAssociation" directorySegmentName="seg_0" id="09C27227-E9AA-679F-D568-0F0BA7AF07E0" containerWithKeyObject="8BF6EAF1-E87F-594F-9164-E7D0D680F6B5" localFKIndex="58C0CC44-3CE5-C24F-7C6B-169F3F06D586" name="h_demographic_s_demographic">
<createdBy>muchd</createdBy>
<createdTime>2023-01-25 22:26:11 UTC</createdTime>
<generatorID>C835C87E-EB9B-B5C2-CFF9-C151E9BC41E5</generatorID>
<ownerDesignName>bank_warehouse</ownerDesignName>
<referredTableLongName>h_demographic</referredTableLongName>
<deleteRule>CASCADE</deleteRule>
<referredTableID>B092322C-974A-C48C-BDD7-69F58588EF6D</referredTableID>
<keyObject>6E3984D9-0641-204E-ED8B-930B81EDB851</keyObject>
<referredKeyID>6E3984D9-0641-204E-ED8B-930B81EDB851</referredKeyID>
<mandatory>true</mandatory>
<refColNames>id</refColNames>
<transferable>true</transferable>
<rely>false</rely>
<columnDependencyConstraintGenerateInDDL>true</columnDependencyConstraintGenerateInDDL>
</FKIndexAssociation>
