<?xml version = '1.0' encoding = 'UTF-8'?>
<FKIndexAssociation class="oracle.dbtools.crest.model.design.relational.FKIndexAssociation" directorySegmentName="seg_0" id="4C4DDE93-ED2F-03F7-3357-BD366500F264" containerWithKeyObject="4CC1C022-57C2-803F-BD2B-C2DAB4568556" localFKIndex="77F75E98-7DA0-2844-5016-10B61FF08AF0" name="h_client_l_client_demographic">
<createdBy>muchd</createdBy>
<createdTime>2023-01-25 22:26:11 UTC</createdTime>
<generatorID>7D941497-D345-DEB1-F607-FC765AE182D6</generatorID>
<ownerDesignName>bank_warehouse</ownerDesignName>
<referredTableLongName>h_client</referredTableLongName>
<deleteRule>CASCADE</deleteRule>
<referredTableID>51A9C72A-D668-D260-88AC-EF0432A8F527</referredTableID>
<keyObject>4D9B2F33-D14F-59D5-6B47-455199D93CD0</keyObject>
<referredKeyID>4D9B2F33-D14F-59D5-6B47-455199D93CD0</referredKeyID>
<mandatory>true</mandatory>
<refColNames>id</refColNames>
<transferable>true</transferable>
<rely>false</rely>
<columnDependencyConstraintGenerateInDDL>true</columnDependencyConstraintGenerateInDDL>
</FKIndexAssociation>
