<?xml version = '1.0' encoding = 'UTF-8'?>
<FKIndexAssociation class="oracle.dbtools.crest.model.design.relational.FKIndexAssociation" directorySegmentName="seg_0" id="6B3D38FA-823B-5ECA-EDC6-56033425DDCF" containerWithKeyObject="162A5B67-FF7C-6B20-08D9-FC74435B519B" localFKIndex="926BFBBA-71C2-06CC-0977-20B0A0FA217E" name="h_disposition_s_disposition">
<createdBy>muchd</createdBy>
<createdTime>2023-01-25 22:26:11 UTC</createdTime>
<generatorID>F670BFA0-2052-D1F8-8BA4-C9732613ABA7</generatorID>
<ownerDesignName>bank_warehouse</ownerDesignName>
<referredTableLongName>h_disposition</referredTableLongName>
<deleteRule>CASCADE</deleteRule>
<referredTableID>28DBB778-BD6F-9291-DCDF-E9D224C2E216</referredTableID>
<keyObject>720616CD-1488-511E-9482-28E3398E6C38</keyObject>
<referredKeyID>720616CD-1488-511E-9482-28E3398E6C38</referredKeyID>
<mandatory>true</mandatory>
<refColNames>id</refColNames>
<transferable>true</transferable>
<rely>false</rely>
<columnDependencyConstraintGenerateInDDL>true</columnDependencyConstraintGenerateInDDL>
</FKIndexAssociation>
