<?xml version = '1.0' encoding = 'UTF-8'?>
<FKIndexAssociation class="oracle.dbtools.crest.model.design.relational.FKIndexAssociation" directorySegmentName="seg_0" id="76590F55-91B8-B490-8D47-8B8B304960A9" containerWithKeyObject="3C17455B-1469-8F6E-708D-23D8F4BF7CA3" localFKIndex="A97C7965-A7D9-51E1-4FDC-5C5B4D0BB060" name="h_account_l_account_demographic">
<createdBy>muchd</createdBy>
<createdTime>2023-01-25 22:26:11 UTC</createdTime>
<generatorID>2AAB5103-3A5F-94F0-F8F0-EC2481993061</generatorID>
<ownerDesignName>bank_warehouse</ownerDesignName>
<referredTableLongName>h_account</referredTableLongName>
<deleteRule>CASCADE</deleteRule>
<referredTableID>357B63E6-3A0C-76EF-82B0-901D68A80360</referredTableID>
<keyObject>5426B003-10AB-81E7-9868-42938F4F0EB7</keyObject>
<referredKeyID>5426B003-10AB-81E7-9868-42938F4F0EB7</referredKeyID>
<mandatory>true</mandatory>
<refColNames>id</refColNames>
<transferable>true</transferable>
<rely>false</rely>
<columnDependencyConstraintGenerateInDDL>true</columnDependencyConstraintGenerateInDDL>
</FKIndexAssociation>
