<?xml version = '1.0' encoding = 'UTF-8'?>
<FKIndexAssociation class="oracle.dbtools.crest.model.design.relational.FKIndexAssociation" directorySegmentName="seg_0" id="7C198F47-5BF7-C467-1C31-7BB653A77055" containerWithKeyObject="90EE3A75-AB2D-2F83-9A63-34EEA8575474" localFKIndex="EBB7A6F9-3C76-3FF9-4047-57005FE985BC" name="h_disposition_l_card_disposition">
<createdBy>muchd</createdBy>
<createdTime>2023-01-25 22:26:11 UTC</createdTime>
<generatorID>4451651A-F885-CAFE-35AF-A01DA92B9DDA</generatorID>
<ownerDesignName>bank_warehouse</ownerDesignName>
<referredTableLongName>h_disposition</referredTableLongName>
<deleteRule>CASCADE</deleteRule>
<referredTableID>28DBB778-BD6F-9291-DCDF-E9D224C2E216</referredTableID>
<keyObject>720616CD-1488-511E-9482-28E3398E6C38</keyObject>
<referredKeyID>720616CD-1488-511E-9482-28E3398E6C38</referredKeyID>
<mandatory>true</mandatory>
<refColNames>id</refColNames>
<transferable>true</transferable>
<rely>false</rely>
<columnDependencyConstraintGenerateInDDL>true</columnDependencyConstraintGenerateInDDL>
</FKIndexAssociation>
