<?xml version = '1.0' encoding = 'UTF-8'?>
<FKIndexAssociation class="oracle.dbtools.crest.model.design.relational.FKIndexAssociation" directorySegmentName="seg_0" id="F4C7A3C3-E851-3CD3-1C84-1C0D3C2D888B" containerWithKeyObject="3C17455B-1469-8F6E-708D-23D8F4BF7CA3" localFKIndex="7EE30CA1-C4AE-F370-2C75-ED80C2BAFA50" name="h_demographic_l_account_demographic">
<createdBy>muchd</createdBy>
<createdTime>2023-01-25 22:26:11 UTC</createdTime>
<generatorID>6B28700F-F802-0B85-5A15-3E7BF1109328</generatorID>
<ownerDesignName>bank_warehouse</ownerDesignName>
<referredTableLongName>h_demographic</referredTableLongName>
<deleteRule>CASCADE</deleteRule>
<referredTableID>B092322C-974A-C48C-BDD7-69F58588EF6D</referredTableID>
<keyObject>6E3984D9-0641-204E-ED8B-930B81EDB851</keyObject>
<referredKeyID>6E3984D9-0641-204E-ED8B-930B81EDB851</referredKeyID>
<mandatory>true</mandatory>
<refColNames>id</refColNames>
<transferable>true</transferable>
<rely>false</rely>
<columnDependencyConstraintGenerateInDDL>true</columnDependencyConstraintGenerateInDDL>
</FKIndexAssociation>
