<?xml version = '1.0' encoding = 'UTF-8'?>
<Table class="oracle.dbtools.crest.model.design.relational.Table" directorySegmentName="seg_0" id="1D30A354-D24B-9442-09D6-433416E56505" name="f_credit_card">
<createdBy>muchd</createdBy>
<createdTime>2023-01-29 00:15:53 UTC</createdTime>
<generatorID>14C9ED5F-3E33-3248-2AB1-C847B3105FC2</generatorID>
<ownerDesignName>bank_dimension</ownerDesignName>
<typeID>1</typeID>
<allowColumnReorder>false</allowColumnReorder>
<existDependencyGenerateInDDl>true</existDependencyGenerateInDDl>
<parsed>true</parsed>
<columns itemClass="oracle.dbtools.crest.model.design.relational.Column">
<Column name="card_id" id="CCADBD48-37C3-C8B7-5A17-D1568F587BA6">
<createdBy>muchd</createdBy>
<createdTime>2023-01-29 00:15:53 UTC</createdTime>
<generatorID>CBA9E869-B89B-53CA-6B05-3B230C31808F</generatorID>
<ownerDesignName>bank_dimension</ownerDesignName>
<useDomainConstraints>false</useDomainConstraints>
<use>1</use>
<logicalDatatype>LOGDT027</logicalDatatype>
<ownDataTypeParameters>,,</ownDataTypeParameters>
<previousColumn>false</previousColumn>
<autoIncrementCycle>false</autoIncrementCycle>
<associations>
<colAssociation fkAssociation="093C646B-FE55-BA7E-D85B-7256BF5D3348" referredColumn="E045122C-BCB3-AFC7-BBA4-00D92B66B889"/>
</associations>
</Column>
<Column name="account_id" id="D09A3742-EA91-E350-98FC-D58E10BE28FE">
<createdBy>muchd</createdBy>
<createdTime>2023-01-29 00:15:53 UTC</createdTime>
<generatorID>9697B3CC-064B-A8FE-BA67-79EE02904A15</generatorID>
<ownerDesignName>bank_dimension</ownerDesignName>
<useDomainConstraints>false</useDomainConstraints>
<use>1</use>
<logicalDatatype>LOGDT027</logicalDatatype>
<ownDataTypeParameters>,,</ownDataTypeParameters>
<previousColumn>false</previousColumn>
<autoIncrementCycle>false</autoIncrementCycle>
<associations>
<colAssociation fkAssociation="20B3E132-5218-9421-F73F-9CB85771E3A0" referredColumn="B828D756-DCDE-4262-78AD-082921AECD06"/>
</associations>
</Column>
<Column name="client_id" id="587134BC-CCCE-DB2F-A824-A19F3D1CC64A">
<createdBy>muchd</createdBy>
<createdTime>2023-01-29 00:15:53 UTC</createdTime>
<generatorID>8771600C-2BE7-3EF7-4CF0-5866D75E772F</generatorID>
<ownerDesignName>bank_dimension</ownerDesignName>
<useDomainConstraints>false</useDomainConstraints>
<use>1</use>
<logicalDatatype>LOGDT027</logicalDatatype>
<ownDataTypeParameters>,,</ownDataTypeParameters>
<previousColumn>false</previousColumn>
<autoIncrementCycle>false</autoIncrementCycle>
<associations>
<colAssociation fkAssociation="EE6902FF-7D21-8E6C-CC79-0B8519E0A4E8" referredColumn="80FA82EA-EE1B-1782-E840-B5219B93DE77"/>
</associations>
</Column>
<Column name="issued_date" id="2B95F8F1-8119-9C70-4C46-04C45F5CD311">
<createdBy>muchd</createdBy>
<createdTime>2023-01-29 00:15:53 UTC</createdTime>
<generatorID>492BC594-52C5-6334-0D44-9DC911E86180</generatorID>
<ownerDesignName>bank_dimension</ownerDesignName>
<useDomainConstraints>false</useDomainConstraints>
<use>1</use>
<logicalDatatype>LOGDT027</logicalDatatype>
<ownDataTypeParameters>,,</ownDataTypeParameters>
<previousColumn>false</previousColumn>
<autoIncrementCycle>false</autoIncrementCycle>
<associations>
<colAssociation fkAssociation="A3B40AEF-F664-9362-9EA2-7CF45EE303AC" referredColumn="9F974F8A-3A9A-155C-2258-C95FD2AE4AE5"/>
</associations>
</Column>
<Column name="issued_time" id="92CD4FDC-1B63-2E04-15AC-13DDF6F7F057">
<createdBy>muchd</createdBy>
<createdTime>2023-01-29 00:15:53 UTC</createdTime>
<generatorID>A6B14E21-F560-B0FE-DDAC-576A651B6F51</generatorID>
<ownerDesignName>bank_dimension</ownerDesignName>
<useDomainConstraints>false</useDomainConstraints>
<use>1</use>
<logicalDatatype>LOGDT027</logicalDatatype>
<ownDataTypeParameters>,,</ownDataTypeParameters>
<previousColumn>false</previousColumn>
<autoIncrementCycle>false</autoIncrementCycle>
<associations>
<colAssociation fkAssociation="4F421369-0ADC-C745-7A98-541AD6BE7A4B" referredColumn="EDBC3D36-4A2A-692A-403B-992847A8A6CA"/>
</associations>
</Column>
</columns>
<indexes itemClass="oracle.dbtools.crest.model.design.relational.Index">
<ind_PK_UK id="8450F202-0CBE-D050-0115-68CF8A0C5A1F" name="f_credit_card_PK">
<createdBy>muchd</createdBy>
<createdTime>2023-01-29 00:15:53 UTC</createdTime>
<generatorID>3B233050-6E5B-CD12-C82D-84B6D61D91D2</generatorID>
<ownerDesignName>bank_dimension</ownerDesignName>
<pk>true</pk>
<indexState>Primary Constraint</indexState>
<isSurrogateKey>false</isSurrogateKey>
<indexColumnUsage>
<colUsage columnID="CCADBD48-37C3-C8B7-5A17-D1568F587BA6"/>
<colUsage columnID="D09A3742-EA91-E350-98FC-D58E10BE28FE"/>
<colUsage columnID="587134BC-CCCE-DB2F-A824-A19F3D1CC64A"/>
<colUsage columnID="2B95F8F1-8119-9C70-4C46-04C45F5CD311"/>
<colUsage columnID="92CD4FDC-1B63-2E04-15AC-13DDF6F7F057"/>
</indexColumnUsage>
</ind_PK_UK>
<ind_PK_UK id="1A0CDACF-2D79-11AE-EA63-BCE5D827BF9C" name="f_credit_card_d_account_FK">
<createdBy>muchd</createdBy>
<createdTime>2023-01-29 00:15:53 UTC</createdTime>
<generatorID>7DE26EFD-8901-87B2-0DF0-A22AD88AB0FE</generatorID>
<ownerDesignName>bank_dimension</ownerDesignName>
<indexState>Foreign Key</indexState>
<isSurrogateKey>false</isSurrogateKey>
<indexColumnUsage>
<colUsage columnID="D09A3742-EA91-E350-98FC-D58E10BE28FE"/>
</indexColumnUsage>
</ind_PK_UK>
<ind_PK_UK id="A0CF2552-E1F5-E506-E74D-87C7D876A529" name="f_credit_card_d_client_FK">
<createdBy>muchd</createdBy>
<createdTime>2023-01-29 00:15:53 UTC</createdTime>
<generatorID>D6A1350D-DD9E-5E06-B3B1-A9FB77B9024A</generatorID>
<ownerDesignName>bank_dimension</ownerDesignName>
<indexState>Foreign Key</indexState>
<isSurrogateKey>false</isSurrogateKey>
<indexColumnUsage>
<colUsage columnID="587134BC-CCCE-DB2F-A824-A19F3D1CC64A"/>
</indexColumnUsage>
</ind_PK_UK>
<ind_PK_UK id="C6E65A13-E881-0FF1-6D70-1A967BBC98C2" name="f_credit_card_d_credit_card_FK">
<createdBy>muchd</createdBy>
<createdTime>2023-01-29 00:15:53 UTC</createdTime>
<generatorID>C292401C-33D2-0E6A-3B94-6BA7348BC47C</generatorID>
<ownerDesignName>bank_dimension</ownerDesignName>
<indexState>Foreign Key</indexState>
<isSurrogateKey>false</isSurrogateKey>
<indexColumnUsage>
<colUsage columnID="CCADBD48-37C3-C8B7-5A17-D1568F587BA6"/>
</indexColumnUsage>
</ind_PK_UK>
<ind_PK_UK id="B13BD7FC-581B-D575-0FAE-5509274E365F" name="f_credit_card_d_date_FK">
<createdBy>muchd</createdBy>
<createdTime>2023-01-29 00:15:53 UTC</createdTime>
<generatorID>288DFAB0-3F09-507F-948E-F734612AE9C3</generatorID>
<ownerDesignName>bank_dimension</ownerDesignName>
<indexState>Foreign Key</indexState>
<isSurrogateKey>false</isSurrogateKey>
<indexColumnUsage>
<colUsage columnID="2B95F8F1-8119-9C70-4C46-04C45F5CD311"/>
</indexColumnUsage>
</ind_PK_UK>
<ind_PK_UK id="8D272CDD-0D30-145E-5C3B-E4F8B1E93E3D" name="f_credit_card_d_time_FK">
<createdBy>muchd</createdBy>
<createdTime>2023-01-29 00:15:53 UTC</createdTime>
<generatorID>E16C4C03-B940-2A18-8D3E-0A39313A0EB7</generatorID>
<ownerDesignName>bank_dimension</ownerDesignName>
<indexState>Foreign Key</indexState>
<isSurrogateKey>false</isSurrogateKey>
<indexColumnUsage>
<colUsage columnID="92CD4FDC-1B63-2E04-15AC-13DDF6F7F057"/>
</indexColumnUsage>
</ind_PK_UK>
</indexes>
</Table>
