<?xml version = '1.0' encoding = 'UTF-8'?>
<Table class="oracle.dbtools.crest.model.design.relational.Table" directorySegmentName="seg_0" id="A2B0D528-EFA3-5425-DE73-8519C34A76D9" name="f_account">
<createdBy>muchd</createdBy>
<createdTime>2023-01-29 00:15:53 UTC</createdTime>
<generatorID>E5A9C35F-0D49-B299-7B9C-06D4A57DFBA7</generatorID>
<ownerDesignName>bank_dimension</ownerDesignName>
<typeID>1</typeID>
<allowColumnReorder>false</allowColumnReorder>
<existDependencyGenerateInDDl>true</existDependencyGenerateInDDl>
<parsed>true</parsed>
<columns itemClass="oracle.dbtools.crest.model.design.relational.Column">
<Column name="account_id" id="7DD16785-07D3-C18E-6410-68319DD93866">
<createdBy>muchd</createdBy>
<createdTime>2023-01-29 00:15:53 UTC</createdTime>
<generatorID>926B52CF-17A9-0519-7762-088C6A2253E8</generatorID>
<ownerDesignName>bank_dimension</ownerDesignName>
<useDomainConstraints>false</useDomainConstraints>
<use>1</use>
<logicalDatatype>LOGDT027</logicalDatatype>
<ownDataTypeParameters>,,</ownDataTypeParameters>
<previousColumn>false</previousColumn>
<autoIncrementCycle>false</autoIncrementCycle>
<associations>
<colAssociation fkAssociation="9BC85A31-289D-95B2-0771-6EE847A48012" referredColumn="B828D756-DCDE-4262-78AD-082921AECD06"/>
</associations>
</Column>
<Column name="client_id" id="37947DEE-F4EC-097F-0958-C6365D24A355">
<createdBy>muchd</createdBy>
<createdTime>2023-01-29 00:15:53 UTC</createdTime>
<generatorID>4E028DDB-14E3-652C-5E8F-0775289253AD</generatorID>
<ownerDesignName>bank_dimension</ownerDesignName>
<useDomainConstraints>false</useDomainConstraints>
<use>1</use>
<logicalDatatype>LOGDT027</logicalDatatype>
<ownDataTypeParameters>,,</ownDataTypeParameters>
<previousColumn>false</previousColumn>
<autoIncrementCycle>false</autoIncrementCycle>
<associations>
<colAssociation fkAssociation="15CCD55D-6B22-7E43-FF15-984177C6B3E5" referredColumn="80FA82EA-EE1B-1782-E840-B5219B93DE77"/>
</associations>
</Column>
<Column name="demographic_id" id="CF7C7AA6-3D47-AFD1-F413-F7D8A8403378">
<createdBy>muchd</createdBy>
<createdTime>2023-01-29 00:15:53 UTC</createdTime>
<generatorID>B51A367A-4795-A897-E328-DFF8071DDFA8</generatorID>
<ownerDesignName>bank_dimension</ownerDesignName>
<useDomainConstraints>false</useDomainConstraints>
<use>1</use>
<logicalDatatype>LOGDT027</logicalDatatype>
<ownDataTypeParameters>,,</ownDataTypeParameters>
<previousColumn>false</previousColumn>
<autoIncrementCycle>false</autoIncrementCycle>
<associations>
<colAssociation fkAssociation="4EF04CEB-274F-C853-A289-94C4F2FD5916" referredColumn="E46B3683-ED40-FBE5-A7B3-63E06CF0DFA1"/>
</associations>
</Column>
<Column name="disposition_id" id="DE52E436-30A2-FD1B-B3DE-E67A020811D9">
<createdBy>muchd</createdBy>
<createdTime>2023-01-29 00:15:53 UTC</createdTime>
<generatorID>59F4A9B9-760C-FCD7-2B05-286233C454D3</generatorID>
<ownerDesignName>bank_dimension</ownerDesignName>
<useDomainConstraints>false</useDomainConstraints>
<use>1</use>
<logicalDatatype>LOGDT027</logicalDatatype>
<ownDataTypeParameters>,,</ownDataTypeParameters>
<previousColumn>false</previousColumn>
<autoIncrementCycle>false</autoIncrementCycle>
<associations>
<colAssociation fkAssociation="EEBA8B71-F186-9FFA-2AAA-623273CE771B" referredColumn="0FA1CD7D-CE39-E278-4457-D7C6D99323B7"/>
</associations>
</Column>
<Column name="date" id="D9A5576D-801A-7C69-42F9-ADEB00100C17">
<createdBy>muchd</createdBy>
<createdTime>2023-01-29 00:15:53 UTC</createdTime>
<generatorID>3BCBF028-29D3-4EDA-8CF9-B8A9C0F48282</generatorID>
<ownerDesignName>bank_dimension</ownerDesignName>
<useDomainConstraints>false</useDomainConstraints>
<use>1</use>
<logicalDatatype>LOGDT027</logicalDatatype>
<ownDataTypeParameters>,,</ownDataTypeParameters>
<previousColumn>false</previousColumn>
<autoIncrementCycle>false</autoIncrementCycle>
<associations>
<colAssociation fkAssociation="8408FE9D-4F54-45EB-BD09-22FAAF19B282" referredColumn="9F974F8A-3A9A-155C-2258-C95FD2AE4AE5"/>
</associations>
</Column>
</columns>
<indexes itemClass="oracle.dbtools.crest.model.design.relational.Index">
<ind_PK_UK id="C2EC6776-7263-1666-1797-F2715DF470D0" name="f_account_PK">
<createdBy>muchd</createdBy>
<createdTime>2023-01-29 00:15:53 UTC</createdTime>
<generatorID>DAD362EE-1259-690E-D465-34D8AF9FA1DD</generatorID>
<ownerDesignName>bank_dimension</ownerDesignName>
<pk>true</pk>
<indexState>Primary Constraint</indexState>
<isSurrogateKey>false</isSurrogateKey>
<indexColumnUsage>
<colUsage columnID="7DD16785-07D3-C18E-6410-68319DD93866"/>
<colUsage columnID="37947DEE-F4EC-097F-0958-C6365D24A355"/>
<colUsage columnID="CF7C7AA6-3D47-AFD1-F413-F7D8A8403378"/>
<colUsage columnID="D9A5576D-801A-7C69-42F9-ADEB00100C17"/>
<colUsage columnID="DE52E436-30A2-FD1B-B3DE-E67A020811D9"/>
</indexColumnUsage>
</ind_PK_UK>
<ind_PK_UK id="CB9CC2E0-BE5A-7DBE-244C-425340619A29" name="f_account_d_disposition_FK">
<createdBy>muchd</createdBy>
<createdTime>2023-01-29 00:15:53 UTC</createdTime>
<generatorID>1FC3EB12-017A-2108-4F7D-33FFE82F459F</generatorID>
<ownerDesignName>bank_dimension</ownerDesignName>
<indexState>Foreign Key</indexState>
<isSurrogateKey>false</isSurrogateKey>
<indexColumnUsage>
<colUsage columnID="DE52E436-30A2-FD1B-B3DE-E67A020811D9"/>
</indexColumnUsage>
</ind_PK_UK>
<ind_PK_UK id="D7EAB178-F299-936F-D0DC-4801B3AECF11" name="f_account_d_account_FK">
<createdBy>muchd</createdBy>
<createdTime>2023-01-29 00:15:53 UTC</createdTime>
<generatorID>44ADA3AE-ECE9-A00A-9FDD-8AB067D0E59B</generatorID>
<ownerDesignName>bank_dimension</ownerDesignName>
<indexState>Foreign Key</indexState>
<isSurrogateKey>false</isSurrogateKey>
<indexColumnUsage>
<colUsage columnID="7DD16785-07D3-C18E-6410-68319DD93866"/>
</indexColumnUsage>
</ind_PK_UK>
<ind_PK_UK id="0931DB7E-01EA-843A-1630-6C23126E9113" name="f_account_d_client_FK">
<createdBy>muchd</createdBy>
<createdTime>2023-01-29 00:15:53 UTC</createdTime>
<generatorID>7D3EFB06-F2DA-C70B-1669-CFA8E7F16FD8</generatorID>
<ownerDesignName>bank_dimension</ownerDesignName>
<indexState>Foreign Key</indexState>
<isSurrogateKey>false</isSurrogateKey>
<indexColumnUsage>
<colUsage columnID="37947DEE-F4EC-097F-0958-C6365D24A355"/>
</indexColumnUsage>
</ind_PK_UK>
<ind_PK_UK id="D18E8FE4-DB6C-083E-FF50-8204428C5DB9" name="f_account_d_date_FK">
<createdBy>muchd</createdBy>
<createdTime>2023-01-29 00:15:53 UTC</createdTime>
<generatorID>F9841D34-FE19-01DE-CC95-2F093F6AEAE8</generatorID>
<ownerDesignName>bank_dimension</ownerDesignName>
<indexState>Foreign Key</indexState>
<isSurrogateKey>false</isSurrogateKey>
<indexColumnUsage>
<colUsage columnID="D9A5576D-801A-7C69-42F9-ADEB00100C17"/>
</indexColumnUsage>
</ind_PK_UK>
<ind_PK_UK id="A22205FD-B5C2-5E0A-DAFD-941F566D8CA5" name="f_account_d_demographic_FK">
<createdBy>muchd</createdBy>
<createdTime>2023-01-29 00:15:53 UTC</createdTime>
<generatorID>AFBEA32B-69A6-9318-ACD0-34CFAB437823</generatorID>
<ownerDesignName>bank_dimension</ownerDesignName>
<indexState>Foreign Key</indexState>
<isSurrogateKey>false</isSurrogateKey>
<indexColumnUsage>
<colUsage columnID="CF7C7AA6-3D47-AFD1-F413-F7D8A8403378"/>
</indexColumnUsage>
</ind_PK_UK>
</indexes>
</Table>
