<?xml version = '1.0' encoding = 'UTF-8'?>
<Table class="oracle.dbtools.crest.model.design.relational.Table" directorySegmentName="seg_0" id="CC7F3619-28B6-D48F-8CB4-FAB2BA42F5A0" name="f_permanent_order">
<createdBy>muchd</createdBy>
<createdTime>2023-01-29 00:15:53 UTC</createdTime>
<generatorID>43768CDA-C971-C0A0-1F95-E15AF8ED51CD</generatorID>
<ownerDesignName>bank_dimension</ownerDesignName>
<typeID>1</typeID>
<allowColumnReorder>false</allowColumnReorder>
<existDependencyGenerateInDDl>true</existDependencyGenerateInDDl>
<parsed>true</parsed>
<columns itemClass="oracle.dbtools.crest.model.design.relational.Column">
<Column name="account_id" id="38603D4B-41EC-7AFA-40B5-15E5AE702305">
<createdBy>muchd</createdBy>
<createdTime>2023-01-29 00:15:53 UTC</createdTime>
<generatorID>C7B59264-EF28-1EF9-9979-A586422ABE23</generatorID>
<ownerDesignName>bank_dimension</ownerDesignName>
<useDomainConstraints>false</useDomainConstraints>
<use>1</use>
<logicalDatatype>LOGDT027</logicalDatatype>
<ownDataTypeParameters>,,</ownDataTypeParameters>
<previousColumn>false</previousColumn>
<autoIncrementCycle>false</autoIncrementCycle>
<associations>
<colAssociation fkAssociation="B9F847D1-C038-198A-89A1-0959E64DE038" referredColumn="B828D756-DCDE-4262-78AD-082921AECD06"/>
</associations>
</Column>
<Column name="order_id" id="48E06C6A-EA74-264F-430D-E4A15B858CF4">
<createdBy>muchd</createdBy>
<createdTime>2023-01-29 00:15:53 UTC</createdTime>
<generatorID>7E27797A-AFB0-E722-F45C-E34FAC7DF915</generatorID>
<ownerDesignName>bank_dimension</ownerDesignName>
<useDomainConstraints>false</useDomainConstraints>
<use>1</use>
<logicalDatatype>LOGDT027</logicalDatatype>
<ownDataTypeParameters>,,</ownDataTypeParameters>
<previousColumn>false</previousColumn>
<autoIncrementCycle>false</autoIncrementCycle>
<associations>
<colAssociation fkAssociation="A07E0307-4196-F209-1BAB-0F4BC1B76190" referredColumn="131653B4-C765-C3CB-6603-DE99A8150989"/>
</associations>
</Column>
<Column name="amount" id="CDCE2840-4881-2831-774D-C4AFA79BBC70">
<createdBy>muchd</createdBy>
<createdTime>2023-01-29 00:15:53 UTC</createdTime>
<generatorID>163DFA7D-9C47-9FB6-6858-FF279E5DEAF9</generatorID>
<ownerDesignName>bank_dimension</ownerDesignName>
<nullsAllowed>true</nullsAllowed>
<useDomainConstraints>false</useDomainConstraints>
<use>1</use>
<logicalDatatype>LOGDT026</logicalDatatype>
<ownDataTypeParameters>,,</ownDataTypeParameters>
<autoIncrementCycle>false</autoIncrementCycle>
</Column>
</columns>
<indexes itemClass="oracle.dbtools.crest.model.design.relational.Index">
<ind_PK_UK id="E8A20471-463D-7501-1175-46DEC8760BFD" name="f_permanent_order_PK">
<createdBy>muchd</createdBy>
<createdTime>2023-01-29 00:15:53 UTC</createdTime>
<generatorID>2DC1F801-C92E-7FB2-A8D5-4E874A65BB1C</generatorID>
<ownerDesignName>bank_dimension</ownerDesignName>
<pk>true</pk>
<indexState>Primary Constraint</indexState>
<isSurrogateKey>false</isSurrogateKey>
<indexColumnUsage>
<colUsage columnID="38603D4B-41EC-7AFA-40B5-15E5AE702305"/>
<colUsage columnID="48E06C6A-EA74-264F-430D-E4A15B858CF4"/>
</indexColumnUsage>
</ind_PK_UK>
<ind_PK_UK id="0070587C-3177-9A80-6E96-764934281B67" name="f_permanent_order_d_account_FK">
<createdBy>muchd</createdBy>
<createdTime>2023-01-29 00:15:53 UTC</createdTime>
<generatorID>36276A49-BC42-BB30-9BFD-418D661CA1FA</generatorID>
<ownerDesignName>bank_dimension</ownerDesignName>
<indexState>Foreign Key</indexState>
<isSurrogateKey>false</isSurrogateKey>
<indexColumnUsage>
<colUsage columnID="38603D4B-41EC-7AFA-40B5-15E5AE702305"/>
</indexColumnUsage>
</ind_PK_UK>
<ind_PK_UK id="D8575333-8478-4A5C-5AD5-AB6A32FB2FAF" name="f_permanent_order_d_permanent_order_FK">
<createdBy>muchd</createdBy>
<createdTime>2023-01-29 00:15:53 UTC</createdTime>
<generatorID>6EBA2568-A6CE-C99F-CBE9-C0E550FFF1CE</generatorID>
<ownerDesignName>bank_dimension</ownerDesignName>
<indexState>Foreign Key</indexState>
<isSurrogateKey>false</isSurrogateKey>
<indexColumnUsage>
<colUsage columnID="48E06C6A-EA74-264F-430D-E4A15B858CF4"/>
</indexColumnUsage>
</ind_PK_UK>
</indexes>
</Table>
