<?xml version = '1.0' encoding = 'UTF-8'?>
<Table class="oracle.dbtools.crest.model.design.relational.Table" directorySegmentName="seg_0" id="1464A20A-3AF5-9591-22E4-D846F113610A" name="l_account_demographic">
<createdBy>muchd</createdBy>
<createdTime>2023-01-28 23:21:45 UTC</createdTime>
<generatorID>37F328CC-01CD-1443-8B56-36D7F50BF567</generatorID>
<ownerDesignName>bank_warehouse</ownerDesignName>
<typeID>B4C8898A-B011-940E-1A19-34BE7202E980</typeID>
<allowColumnReorder>false</allowColumnReorder>
<existDependencyGenerateInDDl>true</existDependencyGenerateInDDl>
<parsed>true</parsed>
<columns itemClass="oracle.dbtools.crest.model.design.relational.Column">
<Column name="id" id="13D3444B-ED32-6D9B-E205-BF8021DB6381">
<createdBy>muchd</createdBy>
<createdTime>2023-01-28 23:21:45 UTC</createdTime>
<generatorID>3046741C-B732-A2B9-25E3-799C0D52D89A</generatorID>
<ownerDesignName>bank_warehouse</ownerDesignName>
<useDomainConstraints>false</useDomainConstraints>
<use>1</use>
<logicalDatatype>LOGDT027</logicalDatatype>
<ownDataTypeParameters>,,</ownDataTypeParameters>
<autoIncrementCycle>false</autoIncrementCycle>
</Column>
<Column name="loaded_at" id="BED3BB66-870F-A60B-4A65-C0AB54B1767A">
<createdBy>muchd</createdBy>
<createdTime>2023-01-28 23:21:45 UTC</createdTime>
<generatorID>BF4B527B-73F0-DB3A-D8FA-22FBC4F00FB8</generatorID>
<ownerDesignName>bank_warehouse</ownerDesignName>
<useDomainConstraints>false</useDomainConstraints>
<use>1</use>
<logicalDatatype>LOGDT008</logicalDatatype>
<ownDataTypeParameters>,,</ownDataTypeParameters>
<autoIncrementCycle>false</autoIncrementCycle>
</Column>
<Column name="source" id="7DD9ECE7-3306-ACE1-7D76-6CEA3EBE9B2B">
<createdBy>muchd</createdBy>
<createdTime>2023-01-28 23:21:45 UTC</createdTime>
<generatorID>BEBFD464-70D1-504B-6CED-4B44CD351A63</generatorID>
<ownerDesignName>bank_warehouse</ownerDesignName>
<useDomainConstraints>false</useDomainConstraints>
<use>1</use>
<logicalDatatype>LOGDT024</logicalDatatype>
<dataTypeSize>50 CHAR</dataTypeSize>
<ownDataTypeParameters>50 CHAR,,</ownDataTypeParameters>
<autoIncrementCycle>false</autoIncrementCycle>
</Column>
<Column name="account_id" id="BE7B06DC-085E-20CF-478B-3C8AC3CC2C8E">
<createdBy>muchd</createdBy>
<createdTime>2023-01-28 23:21:45 UTC</createdTime>
<generatorID>5044F938-3B80-95CC-CD52-FF1244C182E1</generatorID>
<ownerDesignName>bank_warehouse</ownerDesignName>
<useDomainConstraints>false</useDomainConstraints>
<use>1</use>
<logicalDatatype>LOGDT027</logicalDatatype>
<ownDataTypeParameters>,,</ownDataTypeParameters>
<previousColumn>false</previousColumn>
<autoIncrementCycle>false</autoIncrementCycle>
<associations>
<colAssociation fkAssociation="CB97696A-0A91-ABAD-3342-3A7658F63467" referredColumn="EAA58E58-2973-2D54-33C9-2E4AFACFCC25"/>
</associations>
</Column>
<Column name="demographic_id" id="97623FDD-DFCC-4341-BE38-AA25D7260FC0">
<createdBy>muchd</createdBy>
<createdTime>2023-01-28 23:21:45 UTC</createdTime>
<generatorID>A7334135-AF68-BC75-EB26-D0B835D2BB2A</generatorID>
<ownerDesignName>bank_warehouse</ownerDesignName>
<useDomainConstraints>false</useDomainConstraints>
<use>1</use>
<logicalDatatype>LOGDT027</logicalDatatype>
<ownDataTypeParameters>,,</ownDataTypeParameters>
<previousColumn>false</previousColumn>
<autoIncrementCycle>false</autoIncrementCycle>
<associations>
<colAssociation fkAssociation="0E33CAD1-F2F4-1082-C772-C15641BDC2FA" referredColumn="217D260A-2AF8-5C88-C63C-089DA88601C0"/>
</associations>
</Column>
</columns>
<indexes itemClass="oracle.dbtools.crest.model.design.relational.Index">
<ind_PK_UK id="21985FF1-71E4-6EF1-4CAA-161A8E8BF023" name="l_account_demographic_PK">
<createdBy>muchd</createdBy>
<createdTime>2023-01-28 23:21:45 UTC</createdTime>
<generatorID>BA3BF35D-3FC9-ACBF-C5D4-BB02F554D2A0</generatorID>
<ownerDesignName>bank_warehouse</ownerDesignName>
<pk>true</pk>
<indexState>Primary Constraint</indexState>
<isSurrogateKey>false</isSurrogateKey>
<indexColumnUsage>
<colUsage columnID="13D3444B-ED32-6D9B-E205-BF8021DB6381"/>
</indexColumnUsage>
</ind_PK_UK>
<ind_PK_UK id="6E322135-9609-5A9A-3592-C9A6FC642295" name="h_account_l_account_demographic">
<createdBy>muchd</createdBy>
<createdTime>2023-01-28 23:21:45 UTC</createdTime>
<generatorID>2AAB5103-3A5F-94F0-F8F0-EC2481993061</generatorID>
<ownerDesignName>bank_warehouse</ownerDesignName>
<indexState>Foreign Key</indexState>
<isSurrogateKey>false</isSurrogateKey>
<indexColumnUsage>
<colUsage columnID="BE7B06DC-085E-20CF-478B-3C8AC3CC2C8E"/>
</indexColumnUsage>
</ind_PK_UK>
<ind_PK_UK id="697141FA-E947-C8C5-8D9E-E0AE000A0C12" name="h_demographic_l_account_demographic">
<createdBy>muchd</createdBy>
<createdTime>2023-01-28 23:21:45 UTC</createdTime>
<generatorID>6B28700F-F802-0B85-5A15-3E7BF1109328</generatorID>
<ownerDesignName>bank_warehouse</ownerDesignName>
<indexState>Foreign Key</indexState>
<isSurrogateKey>false</isSurrogateKey>
<indexColumnUsage>
<colUsage columnID="97623FDD-DFCC-4341-BE38-AA25D7260FC0"/>
</indexColumnUsage>
</ind_PK_UK>
</indexes>
</Table>
