<?xml version = '1.0' encoding = 'UTF-8'?>
<Table class="oracle.dbtools.crest.model.design.relational.Table" directorySegmentName="seg_0" id="3ADA3A6C-9138-AC6B-2A5B-1984124566AF" name="l_client_account_disposition">
<createdBy>muchd</createdBy>
<createdTime>2023-01-28 23:21:45 UTC</createdTime>
<generatorID>A9E0108D-8139-7D0C-28DC-6A512C958E5A</generatorID>
<ownerDesignName>bank_warehouse</ownerDesignName>
<typeID>B4C8898A-B011-940E-1A19-34BE7202E980</typeID>
<allowColumnReorder>false</allowColumnReorder>
<existDependencyGenerateInDDl>true</existDependencyGenerateInDDl>
<parsed>true</parsed>
<columns itemClass="oracle.dbtools.crest.model.design.relational.Column">
<Column name="id" id="BBB03967-374F-F342-D750-F2C9D9A334FD">
<createdBy>muchd</createdBy>
<createdTime>2023-01-28 23:21:45 UTC</createdTime>
<generatorID>31524AE6-FABF-C75A-D6F5-FF94216C5A1D</generatorID>
<ownerDesignName>bank_warehouse</ownerDesignName>
<useDomainConstraints>false</useDomainConstraints>
<use>1</use>
<logicalDatatype>LOGDT027</logicalDatatype>
<ownDataTypeParameters>,,</ownDataTypeParameters>
<autoIncrementCycle>false</autoIncrementCycle>
</Column>
<Column name="loaded_at" id="7F23E0C3-4BC1-0AAD-5794-FA98D7B017C2">
<createdBy>muchd</createdBy>
<createdTime>2023-01-28 23:21:45 UTC</createdTime>
<generatorID>A82266E3-C029-FD9E-9860-59C3F2DEB0A3</generatorID>
<ownerDesignName>bank_warehouse</ownerDesignName>
<useDomainConstraints>false</useDomainConstraints>
<use>1</use>
<logicalDatatype>LOGDT008</logicalDatatype>
<ownDataTypeParameters>,,</ownDataTypeParameters>
<autoIncrementCycle>false</autoIncrementCycle>
</Column>
<Column name="source" id="C54A0B0A-E623-6A01-EA9C-D24FA0760E68">
<createdBy>muchd</createdBy>
<createdTime>2023-01-28 23:21:45 UTC</createdTime>
<generatorID>D357A2C1-98F2-CBF7-0B1E-E7D6865A7249</generatorID>
<ownerDesignName>bank_warehouse</ownerDesignName>
<useDomainConstraints>false</useDomainConstraints>
<use>1</use>
<logicalDatatype>LOGDT024</logicalDatatype>
<dataTypeSize>50 CHAR</dataTypeSize>
<ownDataTypeParameters>50 CHAR,,</ownDataTypeParameters>
<autoIncrementCycle>false</autoIncrementCycle>
</Column>
<Column name="disposition_id" id="A75F08B0-BF47-DEF6-5B6C-ADAA389D3074">
<createdBy>muchd</createdBy>
<createdTime>2023-01-28 23:21:45 UTC</createdTime>
<generatorID>EDFBD42D-AC4C-569E-8486-C7BC78D68026</generatorID>
<ownerDesignName>bank_warehouse</ownerDesignName>
<useDomainConstraints>false</useDomainConstraints>
<use>1</use>
<logicalDatatype>LOGDT027</logicalDatatype>
<ownDataTypeParameters>,,</ownDataTypeParameters>
<previousColumn>false</previousColumn>
<autoIncrementCycle>false</autoIncrementCycle>
<associations>
<colAssociation fkAssociation="79B58517-AAA1-5847-4155-C57912314CFA" referredColumn="7308750E-6092-648E-80AE-305C7C78997C"/>
</associations>
</Column>
<Column name="account_id" id="F03F30AD-2A16-B101-E0E6-4EB4ED5A754A">
<createdBy>muchd</createdBy>
<createdTime>2023-01-28 23:21:45 UTC</createdTime>
<generatorID>7672412B-A9B2-77A5-3A78-ACA974C412C3</generatorID>
<ownerDesignName>bank_warehouse</ownerDesignName>
<useDomainConstraints>false</useDomainConstraints>
<use>1</use>
<logicalDatatype>LOGDT027</logicalDatatype>
<ownDataTypeParameters>,,</ownDataTypeParameters>
<previousColumn>false</previousColumn>
<autoIncrementCycle>false</autoIncrementCycle>
<associations>
<colAssociation fkAssociation="375DF3C9-506E-F41D-9787-B2A27DF104D9" referredColumn="EAA58E58-2973-2D54-33C9-2E4AFACFCC25"/>
</associations>
</Column>
<Column name="client_id" id="970C3A27-CD3A-BA46-3195-B808EC709E36">
<createdBy>muchd</createdBy>
<createdTime>2023-01-28 23:21:45 UTC</createdTime>
<generatorID>2B6D2F98-1D05-0C21-F101-5A1A51F80B4B</generatorID>
<ownerDesignName>bank_warehouse</ownerDesignName>
<useDomainConstraints>false</useDomainConstraints>
<use>1</use>
<logicalDatatype>LOGDT027</logicalDatatype>
<ownDataTypeParameters>,,</ownDataTypeParameters>
<previousColumn>false</previousColumn>
<autoIncrementCycle>false</autoIncrementCycle>
<associations>
<colAssociation fkAssociation="94F99620-5CFD-F3AA-5F07-5FF7F6584315" referredColumn="C9AC3791-0FD9-7DED-F4B8-117486E3FA80"/>
</associations>
</Column>
</columns>
<indexes itemClass="oracle.dbtools.crest.model.design.relational.Index">
<ind_PK_UK id="F6CD2212-D2DA-AAA5-E83B-F6E233151368" name="l_client_account_disposition_PK">
<createdBy>muchd</createdBy>
<createdTime>2023-01-28 23:21:45 UTC</createdTime>
<generatorID>B697F854-2225-36F5-4603-B4954DD8666B</generatorID>
<ownerDesignName>bank_warehouse</ownerDesignName>
<pk>true</pk>
<indexState>Primary Constraint</indexState>
<isSurrogateKey>false</isSurrogateKey>
<indexColumnUsage>
<colUsage columnID="BBB03967-374F-F342-D750-F2C9D9A334FD"/>
</indexColumnUsage>
</ind_PK_UK>
<ind_PK_UK id="7234273D-9445-D03E-3466-719556D27F90" name="h_account_l_client_account_disposition">
<createdBy>muchd</createdBy>
<createdTime>2023-01-28 23:21:45 UTC</createdTime>
<generatorID>617DFBE9-35F1-B15A-C4F5-224F2BF2D584</generatorID>
<ownerDesignName>bank_warehouse</ownerDesignName>
<indexState>Foreign Key</indexState>
<isSurrogateKey>false</isSurrogateKey>
<indexColumnUsage>
<colUsage columnID="F03F30AD-2A16-B101-E0E6-4EB4ED5A754A"/>
</indexColumnUsage>
</ind_PK_UK>
<ind_PK_UK id="6621DB86-2E60-EE02-B47F-68859F420945" name="h_client_l_client_account_disposition">
<createdBy>muchd</createdBy>
<createdTime>2023-01-28 23:21:45 UTC</createdTime>
<generatorID>84B58288-9085-429A-7CF3-B2FBEA6ED64C</generatorID>
<ownerDesignName>bank_warehouse</ownerDesignName>
<indexState>Foreign Key</indexState>
<isSurrogateKey>false</isSurrogateKey>
<indexColumnUsage>
<colUsage columnID="970C3A27-CD3A-BA46-3195-B808EC709E36"/>
</indexColumnUsage>
</ind_PK_UK>
<ind_PK_UK id="431ABD14-DC06-5BB4-49F7-BBADAC2B5A1C" name="h_disposition_l_client_account_disposition">
<createdBy>muchd</createdBy>
<createdTime>2023-01-28 23:21:45 UTC</createdTime>
<generatorID>D49A5712-8F1A-1946-8BC3-F6F1191A6DB8</generatorID>
<ownerDesignName>bank_warehouse</ownerDesignName>
<indexState>Foreign Key</indexState>
<isSurrogateKey>false</isSurrogateKey>
<indexColumnUsage>
<colUsage columnID="A75F08B0-BF47-DEF6-5B6C-ADAA389D3074"/>
</indexColumnUsage>
</ind_PK_UK>
</indexes>
</Table>
