<?xml version = '1.0' encoding = 'UTF-8'?>
<Table class="oracle.dbtools.crest.model.design.relational.Table" directorySegmentName="seg_0" id="3BF0F55D-F221-0BAC-23EC-C3C5E0DD9A67" name="l_account_transaction">
<createdBy>muchd</createdBy>
<createdTime>2023-01-28 23:21:45 UTC</createdTime>
<generatorID>85382D75-0F36-4C5A-0058-0AE018EB917C</generatorID>
<ownerDesignName>bank_warehouse</ownerDesignName>
<typeID>B4C8898A-B011-940E-1A19-34BE7202E980</typeID>
<allowColumnReorder>false</allowColumnReorder>
<existDependencyGenerateInDDl>true</existDependencyGenerateInDDl>
<parsed>true</parsed>
<columns itemClass="oracle.dbtools.crest.model.design.relational.Column">
<Column name="id" id="47F51578-58A2-5418-2366-5352068F3CCE">
<createdBy>muchd</createdBy>
<createdTime>2023-01-28 23:21:45 UTC</createdTime>
<generatorID>FCD48B2F-7C84-142C-6F9C-5D36D2BC463B</generatorID>
<ownerDesignName>bank_warehouse</ownerDesignName>
<useDomainConstraints>false</useDomainConstraints>
<use>1</use>
<logicalDatatype>LOGDT027</logicalDatatype>
<ownDataTypeParameters>,,</ownDataTypeParameters>
<autoIncrementCycle>false</autoIncrementCycle>
</Column>
<Column name="loaded_at" id="B5E29D94-5F0D-5EF5-63F3-C37298C90F48">
<createdBy>muchd</createdBy>
<createdTime>2023-01-28 23:21:45 UTC</createdTime>
<generatorID>334A2F20-BFA4-3EB1-5225-2499F1EA75DB</generatorID>
<ownerDesignName>bank_warehouse</ownerDesignName>
<useDomainConstraints>false</useDomainConstraints>
<use>1</use>
<logicalDatatype>LOGDT008</logicalDatatype>
<ownDataTypeParameters>,,</ownDataTypeParameters>
<autoIncrementCycle>false</autoIncrementCycle>
</Column>
<Column name="source" id="145B6284-8A49-76D2-E07E-0DC5AAC8B964">
<createdBy>muchd</createdBy>
<createdTime>2023-01-28 23:21:45 UTC</createdTime>
<generatorID>DF1F00C0-2ED9-62D3-1149-66EEA6A7978A</generatorID>
<ownerDesignName>bank_warehouse</ownerDesignName>
<useDomainConstraints>false</useDomainConstraints>
<use>1</use>
<logicalDatatype>LOGDT024</logicalDatatype>
<dataTypeSize>50 CHAR</dataTypeSize>
<ownDataTypeParameters>50 CHAR,,</ownDataTypeParameters>
<autoIncrementCycle>false</autoIncrementCycle>
</Column>
<Column name="account_id" id="4A0A501B-4CDE-095D-B441-1FF7BB1B6756">
<createdBy>muchd</createdBy>
<createdTime>2023-01-28 23:21:45 UTC</createdTime>
<generatorID>FC6AEC84-34A5-FB95-741C-83EA31264B4A</generatorID>
<ownerDesignName>bank_warehouse</ownerDesignName>
<useDomainConstraints>false</useDomainConstraints>
<use>1</use>
<logicalDatatype>LOGDT027</logicalDatatype>
<ownDataTypeParameters>,,</ownDataTypeParameters>
<previousColumn>false</previousColumn>
<autoIncrementCycle>false</autoIncrementCycle>
<associations>
<colAssociation fkAssociation="66CF3CD5-3EEF-58F6-F68B-60868576C1ED" referredColumn="EAA58E58-2973-2D54-33C9-2E4AFACFCC25"/>
</associations>
</Column>
<Column name="transaction_id" id="77EF7089-AAFF-4669-7B6E-B6D839647DC9">
<createdBy>muchd</createdBy>
<createdTime>2023-01-28 23:21:45 UTC</createdTime>
<generatorID>29353D90-6430-462E-131C-0BCF99DC3635</generatorID>
<ownerDesignName>bank_warehouse</ownerDesignName>
<useDomainConstraints>false</useDomainConstraints>
<use>1</use>
<logicalDatatype>LOGDT027</logicalDatatype>
<ownDataTypeParameters>,,</ownDataTypeParameters>
<previousColumn>false</previousColumn>
<autoIncrementCycle>false</autoIncrementCycle>
<associations>
<colAssociation fkAssociation="3111337F-52B6-E4B0-5A12-1DFDE2C3808F" referredColumn="61BA39DF-EAED-5EA7-0C1F-6718CEFBEAFF"/>
</associations>
</Column>
</columns>
<indexes itemClass="oracle.dbtools.crest.model.design.relational.Index">
<ind_PK_UK id="BEC7A293-A7FF-54B8-9EBD-1C115A5503FF" name="l_account_transaction_PK">
<createdBy>muchd</createdBy>
<createdTime>2023-01-28 23:21:45 UTC</createdTime>
<generatorID>FA1E2E2B-B623-EC85-D590-7CA4E7EAA5B7</generatorID>
<ownerDesignName>bank_warehouse</ownerDesignName>
<pk>true</pk>
<indexState>Primary Constraint</indexState>
<isSurrogateKey>false</isSurrogateKey>
<indexColumnUsage>
<colUsage columnID="47F51578-58A2-5418-2366-5352068F3CCE"/>
</indexColumnUsage>
</ind_PK_UK>
<ind_PK_UK id="A503F837-C211-8D94-4723-E43285594F2B" name="h_account_l_account_transaction">
<createdBy>muchd</createdBy>
<createdTime>2023-01-28 23:21:45 UTC</createdTime>
<generatorID>83A6516B-823A-B914-5451-4D13BF69063B</generatorID>
<ownerDesignName>bank_warehouse</ownerDesignName>
<indexState>Foreign Key</indexState>
<isSurrogateKey>false</isSurrogateKey>
<indexColumnUsage>
<colUsage columnID="4A0A501B-4CDE-095D-B441-1FF7BB1B6756"/>
</indexColumnUsage>
</ind_PK_UK>
<ind_PK_UK id="26BCEABE-4C8A-F12F-9402-049F38BE7DF5" name="h_transaction_l_account_transaction">
<createdBy>muchd</createdBy>
<createdTime>2023-01-28 23:21:45 UTC</createdTime>
<generatorID>292215BF-8410-11E2-0563-E83C030EB329</generatorID>
<ownerDesignName>bank_warehouse</ownerDesignName>
<indexState>Foreign Key</indexState>
<isSurrogateKey>false</isSurrogateKey>
<indexColumnUsage>
<colUsage columnID="77EF7089-AAFF-4669-7B6E-B6D839647DC9"/>
</indexColumnUsage>
</ind_PK_UK>
</indexes>
</Table>
