<?xml version = '1.0' encoding = 'UTF-8'?>
<Table class="oracle.dbtools.crest.model.design.relational.Table" directorySegmentName="seg_0" id="6D26D288-18D4-AFF2-A868-9476E9F9A983" name="r_k_symbol">
<createdBy>muchd</createdBy>
<createdTime>2023-01-28 23:21:45 UTC</createdTime>
<generatorID>17594B22-8E19-C044-7627-FBB16A564808</generatorID>
<ownerDesignName>bank_warehouse</ownerDesignName>
<allowColumnReorder>false</allowColumnReorder>
<existDependencyGenerateInDDl>true</existDependencyGenerateInDDl>
<parsed>true</parsed>
<columns itemClass="oracle.dbtools.crest.model.design.relational.Column">
<Column name="id" id="0545D08B-37B3-C8B1-863D-FD9E5D9C696E">
<createdBy>muchd</createdBy>
<createdTime>2023-01-28 23:21:45 UTC</createdTime>
<generatorID>4F108F7C-55F3-E3FD-96B9-FF5F5B8F4BF3</generatorID>
<ownerDesignName>bank_warehouse</ownerDesignName>
<useDomainConstraints>false</useDomainConstraints>
<use>1</use>
<logicalDatatype>LOGDT011</logicalDatatype>
<ownDataTypeParameters>,,</ownDataTypeParameters>
<autoIncrementCycle>false</autoIncrementCycle>
</Column>
<Column name="value" id="3CA6074C-416B-AC56-30D0-2DCADF33E20F">
<createdBy>muchd</createdBy>
<createdTime>2023-01-28 23:21:45 UTC</createdTime>
<generatorID>0762FD04-AE86-DB9D-BDDB-4E5BCA627CAF</generatorID>
<ownerDesignName>bank_warehouse</ownerDesignName>
<useDomainConstraints>false</useDomainConstraints>
<use>1</use>
<logicalDatatype>LOGDT024</logicalDatatype>
<dataTypeSize>20 CHAR</dataTypeSize>
<ownDataTypeParameters>20 CHAR,,</ownDataTypeParameters>
<autoIncrementCycle>false</autoIncrementCycle>
</Column>
</columns>
<indexes itemClass="oracle.dbtools.crest.model.design.relational.Index">
<ind_PK_UK id="4B5177A9-966C-D25A-6271-17CDC4FFCEEA" name="r_k_symbol_PK">
<createdBy>muchd</createdBy>
<createdTime>2023-01-28 23:21:45 UTC</createdTime>
<generatorID>F4B9AAC8-7D9F-6A55-D7BF-059C205CF2C0</generatorID>
<ownerDesignName>bank_warehouse</ownerDesignName>
<pk>true</pk>
<indexState>Primary Constraint</indexState>
<isSurrogateKey>false</isSurrogateKey>
<indexColumnUsage>
<colUsage columnID="0545D08B-37B3-C8B1-863D-FD9E5D9C696E"/>
</indexColumnUsage>
</ind_PK_UK>
</indexes>
</Table>
