<?xml version = '1.0' encoding = 'UTF-8'?>
<Table class="oracle.dbtools.crest.model.design.relational.Table" directorySegmentName="seg_0" id="92101E4E-B93A-2E08-99D8-66710B1EBC85" name="l_client_demographic">
<createdBy>muchd</createdBy>
<createdTime>2023-01-28 23:21:45 UTC</createdTime>
<generatorID>D37CA140-83A7-3A43-B8C7-13183970B716</generatorID>
<ownerDesignName>bank_warehouse</ownerDesignName>
<typeID>B4C8898A-B011-940E-1A19-34BE7202E980</typeID>
<allowColumnReorder>false</allowColumnReorder>
<existDependencyGenerateInDDl>true</existDependencyGenerateInDDl>
<parsed>true</parsed>
<columns itemClass="oracle.dbtools.crest.model.design.relational.Column">
<Column name="id" id="AB577DFF-BF12-D8FB-47AA-D1D81E499498">
<createdBy>muchd</createdBy>
<createdTime>2023-01-28 23:21:45 UTC</createdTime>
<generatorID>B2D53CA4-CE44-FC57-B2A5-75504A875354</generatorID>
<ownerDesignName>bank_warehouse</ownerDesignName>
<useDomainConstraints>false</useDomainConstraints>
<use>1</use>
<logicalDatatype>LOGDT011</logicalDatatype>
<ownDataTypeParameters>,,</ownDataTypeParameters>
<autoIncrementCycle>false</autoIncrementCycle>
</Column>
<Column name="loaded_at" id="D4EB61B8-9932-255A-8740-2C27F1711B71">
<createdBy>muchd</createdBy>
<createdTime>2023-01-28 23:21:45 UTC</createdTime>
<generatorID>1E7C8983-9CBE-8DD8-C34D-F4FF9CBA858A</generatorID>
<ownerDesignName>bank_warehouse</ownerDesignName>
<useDomainConstraints>false</useDomainConstraints>
<use>1</use>
<logicalDatatype>LOGDT008</logicalDatatype>
<ownDataTypeParameters>,,</ownDataTypeParameters>
<autoIncrementCycle>false</autoIncrementCycle>
</Column>
<Column name="source" id="8EC44BD1-0EF2-B6BB-EBCC-64496CB1D827">
<createdBy>muchd</createdBy>
<createdTime>2023-01-28 23:21:45 UTC</createdTime>
<generatorID>6A57F4B4-04B7-987A-CCA0-F9BC715D8567</generatorID>
<ownerDesignName>bank_warehouse</ownerDesignName>
<useDomainConstraints>false</useDomainConstraints>
<use>1</use>
<logicalDatatype>LOGDT024</logicalDatatype>
<dataTypeSize>50 CHAR</dataTypeSize>
<ownDataTypeParameters>50 CHAR,,</ownDataTypeParameters>
<autoIncrementCycle>false</autoIncrementCycle>
</Column>
<Column name="client_id" id="A2EBFFFC-E28F-A621-BE8F-2D191185023D">
<createdBy>muchd</createdBy>
<createdTime>2023-01-28 23:21:45 UTC</createdTime>
<generatorID>8A8B1E35-D6E7-30DB-A03A-7944EC6F8A15</generatorID>
<ownerDesignName>bank_warehouse</ownerDesignName>
<useDomainConstraints>false</useDomainConstraints>
<use>1</use>
<logicalDatatype>LOGDT027</logicalDatatype>
<ownDataTypeParameters>,,</ownDataTypeParameters>
<previousColumn>false</previousColumn>
<autoIncrementCycle>false</autoIncrementCycle>
<associations>
<colAssociation fkAssociation="C02639DF-8BE4-629B-366D-8E50051412CD" referredColumn="C9AC3791-0FD9-7DED-F4B8-117486E3FA80"/>
</associations>
</Column>
<Column name="demographic_id" id="24FC6D3D-C071-20D8-1F83-F3131306B990">
<createdBy>muchd</createdBy>
<createdTime>2023-01-28 23:21:45 UTC</createdTime>
<generatorID>E553A36D-2CFC-470F-8D52-B8D563A5D0BC</generatorID>
<ownerDesignName>bank_warehouse</ownerDesignName>
<useDomainConstraints>false</useDomainConstraints>
<use>1</use>
<logicalDatatype>LOGDT027</logicalDatatype>
<ownDataTypeParameters>,,</ownDataTypeParameters>
<previousColumn>false</previousColumn>
<autoIncrementCycle>false</autoIncrementCycle>
<associations>
<colAssociation fkAssociation="20FD5156-B8FE-D4B3-A201-DFF77C5AA1C2" referredColumn="217D260A-2AF8-5C88-C63C-089DA88601C0"/>
</associations>
</Column>
</columns>
<indexes itemClass="oracle.dbtools.crest.model.design.relational.Index">
<ind_PK_UK id="3F3728CE-59E7-AC11-19FB-D399FE32B00C" name="l_client_demographic_PKv1">
<createdBy>muchd</createdBy>
<createdTime>2023-01-28 23:21:45 UTC</createdTime>
<ownerDesignName>bank_warehouse</ownerDesignName>
<pk>true</pk>
<indexState>Primary Constraint</indexState>
<indexColumnUsage>
<colUsage columnID="AB577DFF-BF12-D8FB-47AA-D1D81E499498"/>
</indexColumnUsage>
</ind_PK_UK>
<ind_PK_UK id="932746D0-5F01-BAC5-DFE3-3DE6BF617CE9" name="l_client_demographic_PK">
<createdBy>muchd</createdBy>
<createdTime>2023-01-28 23:21:45 UTC</createdTime>
<generatorID>CBFC832F-B975-E9F8-2191-23F9494106A8</generatorID>
<ownerDesignName>bank_warehouse</ownerDesignName>
<indexState>Unique Constraint</indexState>
<isSurrogateKey>false</isSurrogateKey>
<indexColumnUsage>
<colUsage columnID="AB577DFF-BF12-D8FB-47AA-D1D81E499498"/>
</indexColumnUsage>
</ind_PK_UK>
<ind_PK_UK id="BB6FA7A9-08BA-2C92-FEB1-91DEAD868E3B" name="h_client_l_client_demographic">
<createdBy>muchd</createdBy>
<createdTime>2023-01-28 23:21:45 UTC</createdTime>
<generatorID>7D941497-D345-DEB1-F607-FC765AE182D6</generatorID>
<ownerDesignName>bank_warehouse</ownerDesignName>
<indexState>Foreign Key</indexState>
<isSurrogateKey>false</isSurrogateKey>
<indexColumnUsage>
<colUsage columnID="A2EBFFFC-E28F-A621-BE8F-2D191185023D"/>
</indexColumnUsage>
</ind_PK_UK>
<ind_PK_UK id="E0546973-9467-C357-2ECA-B39DD7F45D4A" name="h_demographic_l_client_demographic">
<createdBy>muchd</createdBy>
<createdTime>2023-01-28 23:21:45 UTC</createdTime>
<generatorID>622497DF-66C6-4399-CD7B-C39C3FDC5AAA</generatorID>
<ownerDesignName>bank_warehouse</ownerDesignName>
<indexState>Foreign Key</indexState>
<isSurrogateKey>false</isSurrogateKey>
<indexColumnUsage>
<colUsage columnID="24FC6D3D-C071-20D8-1F83-F3131306B990"/>
</indexColumnUsage>
</ind_PK_UK>
</indexes>
</Table>
