<?xml version = '1.0' encoding = 'UTF-8'?>
<Table class="oracle.dbtools.crest.model.design.relational.Table" directorySegmentName="seg_0" id="A7674D7C-E147-D0BD-3A34-BE1569187F4E" name="s_account">
<createdBy>muchd</createdBy>
<createdTime>2023-01-28 23:21:45 UTC</createdTime>
<generatorID>2DB20208-0A9F-CA53-46CD-9CCFF2375E4D</generatorID>
<ownerDesignName>bank_warehouse</ownerDesignName>
<typeID>4291E4CC-656F-6204-5281-D1D39858EBFC</typeID>
<allowColumnReorder>false</allowColumnReorder>
<existDependencyGenerateInDDl>true</existDependencyGenerateInDDl>
<parsed>true</parsed>
<columns itemClass="oracle.dbtools.crest.model.design.relational.Column">
<Column name="account_id" id="5311ECE0-F966-CD1D-398E-73E59088606A">
<createdBy>muchd</createdBy>
<createdTime>2023-01-28 23:21:45 UTC</createdTime>
<generatorID>6244175A-C1C8-330A-1D0A-6A0C5AB333EF</generatorID>
<ownerDesignName>bank_warehouse</ownerDesignName>
<useDomainConstraints>false</useDomainConstraints>
<use>1</use>
<logicalDatatype>LOGDT027</logicalDatatype>
<ownDataTypeParameters>,,</ownDataTypeParameters>
<previousColumn>false</previousColumn>
<autoIncrementCycle>false</autoIncrementCycle>
<associations>
<colAssociation fkAssociation="51F90242-5569-C51F-1C4D-9EFA66E5273C" referredColumn="EAA58E58-2973-2D54-33C9-2E4AFACFCC25"/>
</associations>
</Column>
<Column name="loaded_at" id="3B2B6279-9307-AEC7-CA0F-04114BAB906A">
<createdBy>muchd</createdBy>
<createdTime>2023-01-28 23:21:45 UTC</createdTime>
<generatorID>0E6006CE-2838-BE28-8C37-AD00CEB8336E</generatorID>
<ownerDesignName>bank_warehouse</ownerDesignName>
<useDomainConstraints>false</useDomainConstraints>
<use>1</use>
<logicalDatatype>LOGDT008</logicalDatatype>
<ownDataTypeParameters>,,</ownDataTypeParameters>
<autoIncrementCycle>false</autoIncrementCycle>
</Column>
<Column name="source" id="36D56334-313C-AA14-DAE7-BAD47454054A">
<createdBy>muchd</createdBy>
<createdTime>2023-01-28 23:21:45 UTC</createdTime>
<generatorID>BCD0E326-1331-C23A-B0CC-A70051323C22</generatorID>
<ownerDesignName>bank_warehouse</ownerDesignName>
<useDomainConstraints>false</useDomainConstraints>
<use>1</use>
<logicalDatatype>LOGDT024</logicalDatatype>
<dataTypeSize>50 CHAR</dataTypeSize>
<ownDataTypeParameters>50 CHAR,,</ownDataTypeParameters>
<autoIncrementCycle>false</autoIncrementCycle>
</Column>
<Column name="date" id="11561014-1351-2498-0840-A32C363FB80E">
<createdBy>muchd</createdBy>
<createdTime>2023-01-28 23:21:45 UTC</createdTime>
<generatorID>2AF2632A-0572-F859-8C97-D7CBB6426313</generatorID>
<ownerDesignName>bank_warehouse</ownerDesignName>
<nullsAllowed>true</nullsAllowed>
<useDomainConstraints>false</useDomainConstraints>
<use>1</use>
<logicalDatatype>LOGDT011</logicalDatatype>
<ownDataTypeParameters>,,</ownDataTypeParameters>
<autoIncrementCycle>false</autoIncrementCycle>
</Column>
<Column name="frequency" id="90A373B2-5C3D-9D22-890A-3C16D37B77B3">
<createdBy>muchd</createdBy>
<createdTime>2023-01-28 23:21:45 UTC</createdTime>
<generatorID>8B5CBE54-8E3B-7006-EFFC-208C579A5C76</generatorID>
<ownerDesignName>bank_warehouse</ownerDesignName>
<nullsAllowed>true</nullsAllowed>
<useDomainConstraints>false</useDomainConstraints>
<use>1</use>
<logicalDatatype>LOGDT011</logicalDatatype>
<ownDataTypeParameters>,,</ownDataTypeParameters>
<autoIncrementCycle>false</autoIncrementCycle>
</Column>
</columns>
<indexes itemClass="oracle.dbtools.crest.model.design.relational.Index">
<ind_PK_UK id="6D5441E6-25D9-25D9-1710-F5275623E3A9" name="s_account_PK">
<createdBy>muchd</createdBy>
<createdTime>2023-01-28 23:21:45 UTC</createdTime>
<generatorID>3D83D094-973F-03B8-C09A-C90AD7D78521</generatorID>
<ownerDesignName>bank_warehouse</ownerDesignName>
<pk>true</pk>
<indexState>Primary Constraint</indexState>
<isSurrogateKey>false</isSurrogateKey>
<indexColumnUsage>
<colUsage columnID="3B2B6279-9307-AEC7-CA0F-04114BAB906A"/>
<colUsage columnID="5311ECE0-F966-CD1D-398E-73E59088606A"/>
</indexColumnUsage>
</ind_PK_UK>
<ind_PK_UK id="7938FAC1-5A0E-C468-CD17-B1792D331579" name="h_account_s_account">
<createdBy>muchd</createdBy>
<createdTime>2023-01-28 23:21:45 UTC</createdTime>
<generatorID>20F24825-B0D9-8CD0-D8F0-7F56E4E81D38</generatorID>
<ownerDesignName>bank_warehouse</ownerDesignName>
<indexState>Foreign Key</indexState>
<isSurrogateKey>false</isSurrogateKey>
<indexColumnUsage>
<colUsage columnID="5311ECE0-F966-CD1D-398E-73E59088606A"/>
</indexColumnUsage>
</ind_PK_UK>
</indexes>
</Table>
