<?xml version = '1.0' encoding = 'UTF-8'?>
<Table class="oracle.dbtools.crest.model.design.relational.Table" directorySegmentName="seg_0" id="AEF3DBE7-5D3A-B23C-2FEA-474CB2A7FB36" name="s_disposition">
<createdBy>muchd</createdBy>
<createdTime>2023-01-28 23:21:45 UTC</createdTime>
<generatorID>917EF6A1-48B0-609D-A6DB-6580CE1292D8</generatorID>
<ownerDesignName>bank_warehouse</ownerDesignName>
<typeID>4291E4CC-656F-6204-5281-D1D39858EBFC</typeID>
<allowColumnReorder>false</allowColumnReorder>
<existDependencyGenerateInDDl>true</existDependencyGenerateInDDl>
<parsed>true</parsed>
<columns itemClass="oracle.dbtools.crest.model.design.relational.Column">
<Column name="disposition_id" id="B1BCADCB-EA8A-C65D-B53E-C6CE4D3C814E">
<createdBy>muchd</createdBy>
<createdTime>2023-01-28 23:21:45 UTC</createdTime>
<generatorID>12BCDB52-20EA-6A15-BF33-D0354599ADDB</generatorID>
<ownerDesignName>bank_warehouse</ownerDesignName>
<useDomainConstraints>false</useDomainConstraints>
<use>1</use>
<logicalDatatype>LOGDT027</logicalDatatype>
<ownDataTypeParameters>,,</ownDataTypeParameters>
<previousColumn>false</previousColumn>
<autoIncrementCycle>false</autoIncrementCycle>
<associations>
<colAssociation fkAssociation="40D9F71C-18BD-3FA9-2709-3412A971867C" referredColumn="7308750E-6092-648E-80AE-305C7C78997C"/>
</associations>
</Column>
<Column name="loaded_at" id="CE7D2D55-88AD-ACC0-18CE-8532CFC5C64E">
<createdBy>muchd</createdBy>
<createdTime>2023-01-28 23:21:45 UTC</createdTime>
<generatorID>8A61E38A-97DA-4B5C-6AF1-A39A419F4AD3</generatorID>
<ownerDesignName>bank_warehouse</ownerDesignName>
<useDomainConstraints>false</useDomainConstraints>
<use>1</use>
<logicalDatatype>LOGDT008</logicalDatatype>
<ownDataTypeParameters>,,</ownDataTypeParameters>
<autoIncrementCycle>false</autoIncrementCycle>
</Column>
<Column name="source" id="52366181-B440-8641-1B9E-74ECEBFD27AB">
<createdBy>muchd</createdBy>
<createdTime>2023-01-28 23:21:45 UTC</createdTime>
<generatorID>F83AE504-FAED-B3D3-C246-44AD4533E8F1</generatorID>
<ownerDesignName>bank_warehouse</ownerDesignName>
<useDomainConstraints>false</useDomainConstraints>
<use>1</use>
<logicalDatatype>LOGDT024</logicalDatatype>
<dataTypeSize>50 CHAR</dataTypeSize>
<ownDataTypeParameters>50 CHAR,,</ownDataTypeParameters>
<autoIncrementCycle>false</autoIncrementCycle>
</Column>
<Column name="type" id="F0AC166A-403D-533F-5A82-729E8DFBA33E">
<createdBy>muchd</createdBy>
<createdTime>2023-01-28 23:21:45 UTC</createdTime>
<generatorID>77326258-F94F-2823-8330-77D2A8D71399</generatorID>
<ownerDesignName>bank_warehouse</ownerDesignName>
<nullsAllowed>true</nullsAllowed>
<useDomainConstraints>false</useDomainConstraints>
<use>1</use>
<logicalDatatype>LOGDT011</logicalDatatype>
<ownDataTypeParameters>,,</ownDataTypeParameters>
<autoIncrementCycle>false</autoIncrementCycle>
</Column>
</columns>
<indexes itemClass="oracle.dbtools.crest.model.design.relational.Index">
<ind_PK_UK id="304A7C2C-F2A9-759B-4E7A-4BB4D3982BB1" name="s_client_PKv1">
<createdBy>muchd</createdBy>
<createdTime>2023-01-28 23:21:45 UTC</createdTime>
<generatorID>D3A63375-95FB-4EDE-76DC-37456A145654</generatorID>
<ownerDesignName>bank_warehouse</ownerDesignName>
<pk>true</pk>
<indexState>Primary Constraint</indexState>
<isSurrogateKey>false</isSurrogateKey>
<indexColumnUsage>
<colUsage columnID="CE7D2D55-88AD-ACC0-18CE-8532CFC5C64E"/>
<colUsage columnID="B1BCADCB-EA8A-C65D-B53E-C6CE4D3C814E"/>
</indexColumnUsage>
</ind_PK_UK>
<ind_PK_UK id="0B7A4228-B75F-8109-5D71-18FC70786B9C" name="h_disposition_s_disposition">
<createdBy>muchd</createdBy>
<createdTime>2023-01-28 23:21:45 UTC</createdTime>
<generatorID>F670BFA0-2052-D1F8-8BA4-C9732613ABA7</generatorID>
<ownerDesignName>bank_warehouse</ownerDesignName>
<indexState>Foreign Key</indexState>
<isSurrogateKey>false</isSurrogateKey>
<indexColumnUsage>
<colUsage columnID="B1BCADCB-EA8A-C65D-B53E-C6CE4D3C814E"/>
</indexColumnUsage>
</ind_PK_UK>
</indexes>
</Table>
