<?xml version = '1.0' encoding = 'UTF-8'?>
<Table class="oracle.dbtools.crest.model.design.relational.Table" directorySegmentName="seg_0" id="F6EC29C6-6280-DB06-A362-B35D139A132D" name="h_disposition">
<createdBy>muchd</createdBy>
<createdTime>2023-01-28 23:21:45 UTC</createdTime>
<generatorID>D838BB84-D71A-10B7-D0F4-7E1597A54356</generatorID>
<ownerDesignName>bank_warehouse</ownerDesignName>
<typeID>6484D025-4DE6-F975-DECA-3A9FFEB06A1F</typeID>
<allowColumnReorder>false</allowColumnReorder>
<existDependencyGenerateInDDl>true</existDependencyGenerateInDDl>
<parsed>true</parsed>
<columns itemClass="oracle.dbtools.crest.model.design.relational.Column">
<Column name="id" id="7308750E-6092-648E-80AE-305C7C78997C">
<createdBy>muchd</createdBy>
<createdTime>2023-01-28 23:21:45 UTC</createdTime>
<generatorID>1D8CF065-028C-773F-1880-DD68A942B5E2</generatorID>
<ownerDesignName>bank_warehouse</ownerDesignName>
<useDomainConstraints>false</useDomainConstraints>
<use>1</use>
<logicalDatatype>LOGDT027</logicalDatatype>
<ownDataTypeParameters>,,</ownDataTypeParameters>
<autoIncrementCycle>false</autoIncrementCycle>
</Column>
<Column name="loaded_at" id="800314B2-939C-2341-5A18-70BC6682FD64">
<createdBy>muchd</createdBy>
<createdTime>2023-01-28 23:21:45 UTC</createdTime>
<generatorID>D81584B9-1B99-A88C-55D9-6E5CC0821DB5</generatorID>
<ownerDesignName>bank_warehouse</ownerDesignName>
<useDomainConstraints>false</useDomainConstraints>
<use>1</use>
<logicalDatatype>LOGDT008</logicalDatatype>
<ownDataTypeParameters>,,</ownDataTypeParameters>
<autoIncrementCycle>false</autoIncrementCycle>
</Column>
<Column name="source" id="21F8B0BE-8919-8282-2A37-DE97B51112AC">
<createdBy>muchd</createdBy>
<createdTime>2023-01-28 23:21:45 UTC</createdTime>
<generatorID>859A6BAC-2C8C-3A89-C6B1-22463897D3A4</generatorID>
<ownerDesignName>bank_warehouse</ownerDesignName>
<useDomainConstraints>false</useDomainConstraints>
<use>1</use>
<logicalDatatype>LOGDT024</logicalDatatype>
<dataTypeSize>50 CHAR</dataTypeSize>
<ownDataTypeParameters>50 CHAR,,</ownDataTypeParameters>
<autoIncrementCycle>false</autoIncrementCycle>
</Column>
<Column name="disp_id" id="E3A669D2-8685-A9AE-9757-7908835BA724">
<createdBy>muchd</createdBy>
<createdTime>2023-01-28 23:21:45 UTC</createdTime>
<generatorID>778A292D-6A14-B8E2-D779-B8918B166EE9</generatorID>
<ownerDesignName>bank_warehouse</ownerDesignName>
<useDomainConstraints>false</useDomainConstraints>
<use>1</use>
<logicalDatatype>LOGDT027</logicalDatatype>
<ownDataTypeParameters>,,</ownDataTypeParameters>
<autoIncrementCycle>false</autoIncrementCycle>
</Column>
</columns>
<indexes itemClass="oracle.dbtools.crest.model.design.relational.Index">
<ind_PK_UK id="0394B407-C297-243D-E9A0-AFA0601EECCD" name="h_disposition_PK">
<createdBy>muchd</createdBy>
<createdTime>2023-01-28 23:21:45 UTC</createdTime>
<generatorID>E41197AA-7BF6-3B19-11EC-4A7C400794FF</generatorID>
<ownerDesignName>bank_warehouse</ownerDesignName>
<pk>true</pk>
<indexState>Primary Constraint</indexState>
<isSurrogateKey>false</isSurrogateKey>
<indexColumnUsage>
<colUsage columnID="7308750E-6092-648E-80AE-305C7C78997C"/>
</indexColumnUsage>
</ind_PK_UK>
</indexes>
</Table>
