<?xml version = '1.0' encoding = 'UTF-8'?>
<Table class="oracle.dbtools.crest.model.design.relational.Table" directorySegmentName="seg_0" id="FD22DCA6-ABAB-A417-465E-C661F6892904" name="l_account_loan">
<createdBy>muchd</createdBy>
<createdTime>2023-01-28 23:21:45 UTC</createdTime>
<generatorID>DAA4FAF2-8485-C360-2BAB-48CABFDFA40F</generatorID>
<ownerDesignName>bank_warehouse</ownerDesignName>
<typeID>B4C8898A-B011-940E-1A19-34BE7202E980</typeID>
<allowColumnReorder>false</allowColumnReorder>
<existDependencyGenerateInDDl>true</existDependencyGenerateInDDl>
<parsed>true</parsed>
<columns itemClass="oracle.dbtools.crest.model.design.relational.Column">
<Column name="id" id="7133A767-246C-8407-141F-A23C584CAD01">
<createdBy>muchd</createdBy>
<createdTime>2023-01-28 23:21:45 UTC</createdTime>
<generatorID>1AF75880-7D19-8EDD-8BFB-C9387A55093A</generatorID>
<ownerDesignName>bank_warehouse</ownerDesignName>
<useDomainConstraints>false</useDomainConstraints>
<use>1</use>
<logicalDatatype>LOGDT027</logicalDatatype>
<ownDataTypeParameters>,,</ownDataTypeParameters>
<autoIncrementCycle>false</autoIncrementCycle>
</Column>
<Column name="loaded_at" id="C0780EFA-81AB-F102-1C31-46F5E8C7365E">
<createdBy>muchd</createdBy>
<createdTime>2023-01-28 23:21:45 UTC</createdTime>
<generatorID>98C24011-8E65-5C28-6C62-0AB1DFCC19D8</generatorID>
<ownerDesignName>bank_warehouse</ownerDesignName>
<useDomainConstraints>false</useDomainConstraints>
<use>1</use>
<logicalDatatype>LOGDT008</logicalDatatype>
<ownDataTypeParameters>,,</ownDataTypeParameters>
<autoIncrementCycle>false</autoIncrementCycle>
</Column>
<Column name="source" id="CD066335-374D-C573-4E47-10A09ABCD187">
<createdBy>muchd</createdBy>
<createdTime>2023-01-28 23:21:45 UTC</createdTime>
<generatorID>D4A3CF39-9109-D704-55CB-7B41882CDB79</generatorID>
<ownerDesignName>bank_warehouse</ownerDesignName>
<useDomainConstraints>false</useDomainConstraints>
<use>1</use>
<logicalDatatype>LOGDT024</logicalDatatype>
<dataTypeSize>50 CHAR</dataTypeSize>
<ownDataTypeParameters>50 CHAR,,</ownDataTypeParameters>
<autoIncrementCycle>false</autoIncrementCycle>
</Column>
<Column name="loan_id" id="3B42F563-F266-9ED7-2C31-6D9BE98B7D97">
<createdBy>muchd</createdBy>
<createdTime>2023-01-28 23:21:45 UTC</createdTime>
<generatorID>6CE6A12D-ECD4-A443-DFE1-DB3381F1E53E</generatorID>
<ownerDesignName>bank_warehouse</ownerDesignName>
<useDomainConstraints>false</useDomainConstraints>
<use>1</use>
<logicalDatatype>LOGDT027</logicalDatatype>
<ownDataTypeParameters>,,</ownDataTypeParameters>
<previousColumn>false</previousColumn>
<autoIncrementCycle>false</autoIncrementCycle>
<associations>
<colAssociation fkAssociation="30E241DC-3610-687D-B2F6-05B6E27C000C" referredColumn="17D40143-2C74-92ED-1A44-681DC9D03EB8"/>
</associations>
</Column>
<Column name="account_id" id="E3736F87-179B-EAE6-CC60-0B2B155DC0FE">
<createdBy>muchd</createdBy>
<createdTime>2023-01-28 23:21:45 UTC</createdTime>
<generatorID>D4707D07-F885-A60D-D641-156CEBFE66EF</generatorID>
<ownerDesignName>bank_warehouse</ownerDesignName>
<useDomainConstraints>false</useDomainConstraints>
<use>1</use>
<logicalDatatype>LOGDT027</logicalDatatype>
<ownDataTypeParameters>,,</ownDataTypeParameters>
<previousColumn>false</previousColumn>
<autoIncrementCycle>false</autoIncrementCycle>
<associations>
<colAssociation fkAssociation="92CABD65-3E9A-160F-2D28-6AEA220E4A50" referredColumn="EAA58E58-2973-2D54-33C9-2E4AFACFCC25"/>
</associations>
</Column>
</columns>
<indexes itemClass="oracle.dbtools.crest.model.design.relational.Index">
<ind_PK_UK id="FD7CB2C9-56DC-C2A5-8AAF-E56DDECBD90F" name="l_account_loan_PK">
<createdBy>muchd</createdBy>
<createdTime>2023-01-28 23:21:45 UTC</createdTime>
<generatorID>5AA4FC5E-80ED-F07B-13C7-5096D3BE9230</generatorID>
<ownerDesignName>bank_warehouse</ownerDesignName>
<pk>true</pk>
<indexState>Primary Constraint</indexState>
<isSurrogateKey>false</isSurrogateKey>
<indexColumnUsage>
<colUsage columnID="7133A767-246C-8407-141F-A23C584CAD01"/>
</indexColumnUsage>
</ind_PK_UK>
<ind_PK_UK id="178878CE-F2F4-61E3-935B-048FDC5FBCC3" name="h_account_l_account_loan">
<createdBy>muchd</createdBy>
<createdTime>2023-01-28 23:21:45 UTC</createdTime>
<generatorID>36020ABC-363A-B7DB-E93C-FD5225E10842</generatorID>
<ownerDesignName>bank_warehouse</ownerDesignName>
<indexState>Foreign Key</indexState>
<isSurrogateKey>false</isSurrogateKey>
<indexColumnUsage>
<colUsage columnID="E3736F87-179B-EAE6-CC60-0B2B155DC0FE"/>
</indexColumnUsage>
</ind_PK_UK>
<ind_PK_UK id="2DEF8193-3F8A-645F-BEE7-723A52D20CC2" name="h_loan_l_account_loan">
<createdBy>muchd</createdBy>
<createdTime>2023-01-28 23:21:45 UTC</createdTime>
<generatorID>060E27BB-CD04-0199-D5E4-B0A187C0AB31</generatorID>
<ownerDesignName>bank_warehouse</ownerDesignName>
<indexState>Foreign Key</indexState>
<isSurrogateKey>false</isSurrogateKey>
<indexColumnUsage>
<colUsage columnID="3B42F563-F266-9ED7-2C31-6D9BE98B7D97"/>
</indexColumnUsage>
</ind_PK_UK>
</indexes>
</Table>
