<?xml version = '1.0' encoding = 'UTF-8'?>
<Entity class="oracle.dbtools.crest.model.design.logical.Entity" directorySegmentName="seg_0" id="295006A5-A6FA-E15C-DF1C-18CCF0C0B7F6" name="transaction">
<createdBy>muchd</createdBy>
<createdTime>2022-11-13 19:26:21 UTC</createdTime>
<ownerDesignName>bank_source</ownerDesignName>
<engineerTo>
<item key="65895007-B891-B84A-85B1-6D13265B5AF1" value="true"/>
</engineerTo>
<adequatelyNormalized>NO</adequatelyNormalized>
<expectedVolumes>0</expectedVolumes>
<fwdEngineeringStrategyName>Single Table</fwdEngineeringStrategyName>
<growthPercent>0</growthPercent>
<growthType>Year</growthType>
<maxVolumes>9999999</maxVolumes>
<minVolumes>0</minVolumes>
<normalForm>Third</normalForm>
<attributes itemClass="oracle.dbtools.crest.model.design.logical.Attribute">
<Attribute name="trans_id" id="02176B75-99BF-8F3C-2A9C-45063213D190">
<createdBy>muchd</createdBy>
<createdTime>2022-11-13 19:38:44 UTC</createdTime>
<ownerDesignName>bank_source</ownerDesignName>
<engineerTo>
<item key="65895007-B891-B84A-85B1-6D13265B5AF1" value="true"/>
</engineerTo>
<useDomainConstraints>false</useDomainConstraints>
<use>1</use>
<logicalDatatype>LOGDT027</logicalDatatype>
<ownDataTypeParameters>,,</ownDataTypeParameters>
</Attribute>
<Attribute name="account_id" id="50AFF9AF-0BA6-54DB-0791-228D901B95DF">
<createdBy>muchd</createdBy>
<createdTime>2022-11-13 20:08:45 UTC</createdTime>
<generatorID>F40B85C9-B47C-C6DE-73D7-BCCB31BB85E3</generatorID>
<ownerDesignName>bank_source</ownerDesignName>
<engineerTo>
<item key="65895007-B891-B84A-85B1-6D13265B5AF1" value="true"/>
</engineerTo>
<nullsAllowed>true</nullsAllowed>
<referedAttribute>3698CD3E-4FA5-4EF6-5342-22725459EAC6</referedAttribute>
<useDomainConstraints>false</useDomainConstraints>
<use>1</use>
<logicalDatatype>LOGDT027</logicalDatatype>
<ownDataTypeParameters>,,</ownDataTypeParameters>
</Attribute>
<Attribute name="date" id="FECD19B2-0105-82BE-D675-E9C6FFE68A27">
<createdBy>muchd</createdBy>
<createdTime>2022-11-13 20:16:13 UTC</createdTime>
<ownerDesignName>bank_source</ownerDesignName>
<engineerTo>
<item key="65895007-B891-B84A-85B1-6D13265B5AF1" value="true"/>
</engineerTo>
<nullsAllowed>true</nullsAllowed>
<useDomainConstraints>false</useDomainConstraints>
<use>1</use>
<logicalDatatype>LOGDT011</logicalDatatype>
<ownDataTypeParameters>,,</ownDataTypeParameters>
</Attribute>
<Attribute name="type" id="7264172E-F63A-30F5-C530-4EC632E3B263">
<createdBy>muchd</createdBy>
<createdTime>2022-11-13 20:16:20 UTC</createdTime>
<ownerDesignName>bank_source</ownerDesignName>
<engineerTo>
<item key="65895007-B891-B84A-85B1-6D13265B5AF1" value="true"/>
</engineerTo>
<nullsAllowed>true</nullsAllowed>
<useDomainConstraints>false</useDomainConstraints>
<use>1</use>
<logicalDatatype>LOGDT024</logicalDatatype>
<dataTypeSize>10 CHAR</dataTypeSize>
<ownDataTypeParameters>10 CHAR,,</ownDataTypeParameters>
</Attribute>
<Attribute name="operation" id="394F321B-2A43-8863-E78E-738AB0B39DBD">
<createdBy>muchd</createdBy>
<createdTime>2022-11-13 20:16:25 UTC</createdTime>
<ownerDesignName>bank_source</ownerDesignName>
<engineerTo>
<item key="65895007-B891-B84A-85B1-6D13265B5AF1" value="true"/>
</engineerTo>
<nullsAllowed>true</nullsAllowed>
<useDomainConstraints>false</useDomainConstraints>
<use>1</use>
<logicalDatatype>LOGDT024</logicalDatatype>
<dataTypeSize>30 CHAR</dataTypeSize>
<ownDataTypeParameters>30 CHAR,,</ownDataTypeParameters>
</Attribute>
<Attribute name="amount" id="7A493850-5966-0D4D-E86B-4EE9CDFC452B">
<createdBy>muchd</createdBy>
<createdTime>2022-11-13 20:16:36 UTC</createdTime>
<ownerDesignName>bank_source</ownerDesignName>
<engineerTo>
<item key="65895007-B891-B84A-85B1-6D13265B5AF1" value="true"/>
</engineerTo>
<nullsAllowed>true</nullsAllowed>
<useDomainConstraints>false</useDomainConstraints>
<use>1</use>
<logicalDatatype>LOGDT026</logicalDatatype>
<ownDataTypeParameters>,,</ownDataTypeParameters>
</Attribute>
<Attribute name="balance" id="C91EAE22-CE27-F145-6D20-1030829291AB">
<createdBy>muchd</createdBy>
<createdTime>2022-11-13 20:16:55 UTC</createdTime>
<ownerDesignName>bank_source</ownerDesignName>
<engineerTo>
<item key="65895007-B891-B84A-85B1-6D13265B5AF1" value="true"/>
</engineerTo>
<nullsAllowed>true</nullsAllowed>
<useDomainConstraints>false</useDomainConstraints>
<use>1</use>
<logicalDatatype>LOGDT026</logicalDatatype>
<ownDataTypeParameters>,,</ownDataTypeParameters>
</Attribute>
<Attribute name="k_symbol" id="6BE3076B-BA3A-8F88-D47B-F068103F524E">
<createdBy>muchd</createdBy>
<createdTime>2022-11-13 20:17:01 UTC</createdTime>
<ownerDesignName>bank_source</ownerDesignName>
<engineerTo>
<item key="65895007-B891-B84A-85B1-6D13265B5AF1" value="true"/>
</engineerTo>
<nullsAllowed>true</nullsAllowed>
<useDomainConstraints>false</useDomainConstraints>
<use>1</use>
<logicalDatatype>LOGDT024</logicalDatatype>
<dataTypeSize>20 CHAR</dataTypeSize>
<ownDataTypeParameters>20 CHAR,,</ownDataTypeParameters>
</Attribute>
<Attribute name="bank" id="735154D6-35A5-575D-2680-1A41B6747F7C">
<createdBy>muchd</createdBy>
<createdTime>2022-11-13 20:17:09 UTC</createdTime>
<ownerDesignName>bank_source</ownerDesignName>
<engineerTo>
<item key="65895007-B891-B84A-85B1-6D13265B5AF1" value="true"/>
</engineerTo>
<nullsAllowed>true</nullsAllowed>
<useDomainConstraints>false</useDomainConstraints>
<use>1</use>
<logicalDatatype>LOGDT024</logicalDatatype>
<dataTypeSize>2 CHAR</dataTypeSize>
<ownDataTypeParameters>2 CHAR,,</ownDataTypeParameters>
</Attribute>
<Attribute name="account" id="637C4CA5-F176-F953-805E-0BFC3494468A">
<createdBy>muchd</createdBy>
<createdTime>2022-11-13 20:17:14 UTC</createdTime>
<ownerDesignName>bank_source</ownerDesignName>
<engineerTo>
<item key="65895007-B891-B84A-85B1-6D13265B5AF1" value="true"/>
</engineerTo>
<nullsAllowed>true</nullsAllowed>
<useDomainConstraints>false</useDomainConstraints>
<use>1</use>
<logicalDatatype>LOGDT027</logicalDatatype>
<ownDataTypeParameters>,,</ownDataTypeParameters>
</Attribute>
</attributes>
<identifiers itemClass="oracle.dbtools.crest.model.design.logical.CandidateKey">
<identifier id="96D91FB4-D682-75D4-AEC8-88D73F8A33D3" name="transaction PK">
<createdBy>muchd</createdBy>
<createdTime>2022-11-13 19:41:06 UTC</createdTime>
<ownerDesignName>bank_source</ownerDesignName>
<shouldEngineer>false</shouldEngineer>
<engineerTo>
<item key="65895007-B891-B84A-85B1-6D13265B5AF1" value="false"/>
</engineerTo>
<pk>true</pk>
<usedAttributes>
<attributeRef>02176B75-99BF-8F3C-2A9C-45063213D190</attributeRef>
</usedAttributes>
</identifier>
</identifiers>
</Entity>
