<?xml version = '1.0' encoding = 'UTF-8'?>
<Entity class="oracle.dbtools.crest.model.design.logical.Entity" directorySegmentName="seg_0" id="76562933-9AD4-C063-1394-4C56A86169AA" name="credit_card">
<createdBy>muchd</createdBy>
<createdTime>2022-11-13 19:26:55 UTC</createdTime>
<ownerDesignName>bank_source</ownerDesignName>
<engineerTo>
<item key="65895007-B891-B84A-85B1-6D13265B5AF1" value="true"/>
</engineerTo>
<adequatelyNormalized>NO</adequatelyNormalized>
<expectedVolumes>0</expectedVolumes>
<fwdEngineeringStrategyName>Single Table</fwdEngineeringStrategyName>
<growthPercent>0</growthPercent>
<growthType>Year</growthType>
<maxVolumes>9999999</maxVolumes>
<minVolumes>0</minVolumes>
<normalForm>Third</normalForm>
<attributes itemClass="oracle.dbtools.crest.model.design.logical.Attribute">
<Attribute name="card_id" id="CE8F4336-C46E-82FC-6057-FD6F6638C214">
<createdBy>muchd</createdBy>
<createdTime>2022-11-13 19:35:35 UTC</createdTime>
<ownerDesignName>bank_source</ownerDesignName>
<engineerTo>
<item key="65895007-B891-B84A-85B1-6D13265B5AF1" value="true"/>
</engineerTo>
<useDomainConstraints>false</useDomainConstraints>
<use>1</use>
<logicalDatatype>LOGDT027</logicalDatatype>
<ownDataTypeParameters>,,</ownDataTypeParameters>
</Attribute>
<Attribute name="disp_id" id="37546917-8748-BE60-D852-B5161FA897B0">
<createdBy>muchd</createdBy>
<createdTime>2023-01-02 17:32:53 UTC</createdTime>
<generatorID>9F18DE17-EA09-7CE4-BE57-0EF69D7D3D22</generatorID>
<ownerDesignName>bank_source</ownerDesignName>
<engineerTo>
<item key="65895007-B891-B84A-85B1-6D13265B5AF1" value="true"/>
</engineerTo>
<referedAttribute>041300CE-5763-3F97-DEE6-7C23C4F234DD</referedAttribute>
<useDomainConstraints>false</useDomainConstraints>
<use>1</use>
<logicalDatatype>LOGDT027</logicalDatatype>
<ownDataTypeParameters>,,</ownDataTypeParameters>
</Attribute>
<Attribute name="type" id="AE0DBCF2-BE54-A827-24A5-7005D8C8114E">
<createdBy>muchd</createdBy>
<createdTime>2022-11-13 20:23:21 UTC</createdTime>
<ownerDesignName>bank_source</ownerDesignName>
<engineerTo>
<item key="65895007-B891-B84A-85B1-6D13265B5AF1" value="true"/>
</engineerTo>
<nullsAllowed>true</nullsAllowed>
<useDomainConstraints>false</useDomainConstraints>
<use>1</use>
<logicalDatatype>LOGDT024</logicalDatatype>
<dataTypeSize>10 CHAR</dataTypeSize>
<ownDataTypeParameters>10 CHAR,,</ownDataTypeParameters>
</Attribute>
<Attribute name="issued" id="00B27410-7A4C-A2CB-6362-D8EFC2274981">
<createdBy>muchd</createdBy>
<createdTime>2022-11-13 20:23:32 UTC</createdTime>
<ownerDesignName>bank_source</ownerDesignName>
<engineerTo>
<item key="65895007-B891-B84A-85B1-6D13265B5AF1" value="true"/>
</engineerTo>
<nullsAllowed>true</nullsAllowed>
<useDomainConstraints>false</useDomainConstraints>
<use>1</use>
<logicalDatatype>LOGDT024</logicalDatatype>
<dataTypeSize>20 CHAR</dataTypeSize>
<ownDataTypeParameters>20 CHAR,,</ownDataTypeParameters>
</Attribute>
</attributes>
<identifiers itemClass="oracle.dbtools.crest.model.design.logical.CandidateKey">
<identifier id="A9E6796A-BCD9-59CE-0D20-D5772930EF0B" name="credit_card PK">
<createdBy>muchd</createdBy>
<createdTime>2022-11-13 19:41:18 UTC</createdTime>
<ownerDesignName>bank_source</ownerDesignName>
<shouldEngineer>false</shouldEngineer>
<engineerTo>
<item key="65895007-B891-B84A-85B1-6D13265B5AF1" value="false"/>
</engineerTo>
<pk>true</pk>
<usedAttributes>
<attributeRef>CE8F4336-C46E-82FC-6057-FD6F6638C214</attributeRef>
</usedAttributes>
</identifier>
</identifiers>
</Entity>
