<?xml version = '1.0' encoding = 'UTF-8'?>
<Entity class="oracle.dbtools.crest.model.design.logical.Entity" directorySegmentName="seg_0" id="2DB20208-0A9F-CA53-46CD-9CCFF2375E4D" name="s_account">
<createdBy>muchd</createdBy>
<createdTime>2022-12-12 20:53:19 UTC</createdTime>
<ownerDesignName>bank_warehouse</ownerDesignName>
<engineerTo>
<item key="383E7134-4D1E-8BE2-811F-122CB41EAC1B" value="true"/>
</engineerTo>
<typeID>4291E4CC-656F-6204-5281-D1D39858EBFC</typeID>
<adequatelyNormalized>NO</adequatelyNormalized>
<expectedVolumes>0</expectedVolumes>
<fwdEngineeringStrategyName>Single Table</fwdEngineeringStrategyName>
<growthPercent>0</growthPercent>
<growthType>Year</growthType>
<maxVolumes>9999999</maxVolumes>
<minVolumes>0</minVolumes>
<normalForm>Third</normalForm>
<attributes itemClass="oracle.dbtools.crest.model.design.logical.Attribute">
<Attribute name="account_id" id="6244175A-C1C8-330A-1D0A-6A0C5AB333EF">
<createdBy>muchd</createdBy>
<createdTime>2022-12-17 12:06:10 UTC</createdTime>
<generatorID>20F24825-B0D9-8CD0-D8F0-7F56E4E81D38</generatorID>
<ownerDesignName>bank_warehouse</ownerDesignName>
<engineerTo>
<item key="383E7134-4D1E-8BE2-811F-122CB41EAC1B" value="true"/>
</engineerTo>
<referedAttribute>A2992524-7242-FD33-8597-457B95D71F99</referedAttribute>
<useDomainConstraints>false</useDomainConstraints>
<use>1</use>
<logicalDatatype>LOGDT027</logicalDatatype>
<ownDataTypeParameters>,,</ownDataTypeParameters>
</Attribute>
<Attribute name="loaded_at" id="0E6006CE-2838-BE28-8C37-AD00CEB8336E">
<createdBy>muchd</createdBy>
<createdTime>2022-12-12 20:53:19 UTC</createdTime>
<ownerDesignName>bank_warehouse</ownerDesignName>
<importedID>E5B722BB-B8BD-2C08-6803-D0C01D7D9AEE</importedID>
<engineerTo>
<item key="383E7134-4D1E-8BE2-811F-122CB41EAC1B" value="true"/>
</engineerTo>
<useDomainConstraints>false</useDomainConstraints>
<use>1</use>
<logicalDatatype>LOGDT008</logicalDatatype>
<ownDataTypeParameters>,,</ownDataTypeParameters>
</Attribute>
<Attribute name="source" id="BCD0E326-1331-C23A-B0CC-A70051323C22">
<createdBy>muchd</createdBy>
<createdTime>2022-12-12 21:42:38 UTC</createdTime>
<ownerDesignName>bank_warehouse</ownerDesignName>
<engineerTo>
<item key="383E7134-4D1E-8BE2-811F-122CB41EAC1B" value="true"/>
</engineerTo>
<useDomainConstraints>false</useDomainConstraints>
<use>1</use>
<logicalDatatype>LOGDT024</logicalDatatype>
<dataTypeSize>50 CHAR</dataTypeSize>
<ownDataTypeParameters>50 CHAR,,</ownDataTypeParameters>
</Attribute>
<Attribute name="date" id="2AF2632A-0572-F859-8C97-D7CBB6426313">
<createdBy>muchd</createdBy>
<createdTime>2022-12-12 20:53:19 UTC</createdTime>
<ownerDesignName>bank_warehouse</ownerDesignName>
<importedID>F50A61AF-68C2-0DD9-D3FA-97B0B5B5596F</importedID>
<engineerTo>
<item key="383E7134-4D1E-8BE2-811F-122CB41EAC1B" value="true"/>
</engineerTo>
<nullsAllowed>true</nullsAllowed>
<useDomainConstraints>false</useDomainConstraints>
<use>1</use>
<logicalDatatype>LOGDT007</logicalDatatype>
<ownDataTypeParameters>,,</ownDataTypeParameters>
</Attribute>
<Attribute name="frequency" id="8B5CBE54-8E3B-7006-EFFC-208C579A5C76">
<createdBy>muchd</createdBy>
<createdTime>2022-12-12 20:53:19 UTC</createdTime>
<ownerDesignName>bank_warehouse</ownerDesignName>
<importedID>A94A9AA7-8B7E-9703-DB05-9069A2813BE1</importedID>
<engineerTo>
<item key="383E7134-4D1E-8BE2-811F-122CB41EAC1B" value="true"/>
</engineerTo>
<nullsAllowed>true</nullsAllowed>
<useDomainConstraints>false</useDomainConstraints>
<use>1</use>
<logicalDatatype>LOGDT011</logicalDatatype>
<ownDataTypeParameters>,,</ownDataTypeParameters>
</Attribute>
</attributes>
<identifiers itemClass="oracle.dbtools.crest.model.design.logical.CandidateKey">
<identifier id="3D83D094-973F-03B8-C09A-C90AD7D78521" name="s_account PK">
<createdBy>muchd</createdBy>
<createdTime>2022-12-12 20:53:19 UTC</createdTime>
<ownerDesignName>bank_warehouse</ownerDesignName>
<engineerTo>
<item key="383E7134-4D1E-8BE2-811F-122CB41EAC1B" value="true"/>
</engineerTo>
<pk>true</pk>
<newElementsIDs>0E6006CE-2838-BE28-8C37-AD00CEB8336E,20F24825-B0D9-8CD0-D8F0-7F56E4E81D38</newElementsIDs>
<usedAttributes>
<attributeRef>0E6006CE-2838-BE28-8C37-AD00CEB8336E</attributeRef>
<attributeRef>6244175A-C1C8-330A-1D0A-6A0C5AB333EF</attributeRef>
</usedAttributes>
</identifier>
</identifiers>
</Entity>
