<?xml version = '1.0' encoding = 'UTF-8'?>
<Entity class="oracle.dbtools.crest.model.design.logical.Entity" directorySegmentName="seg_0" id="37F328CC-01CD-1443-8B56-36D7F50BF567" name="l_account_demographic">
<createdBy>muchd</createdBy>
<createdTime>2022-12-12 21:56:03 UTC</createdTime>
<ownerDesignName>bank_warehouse</ownerDesignName>
<engineerTo>
<item key="1BED09E0-D6CD-53FA-3333-91B810489950" value="true"/>
</engineerTo>
<typeID>B4C8898A-B011-940E-1A19-34BE7202E980</typeID>
<adequatelyNormalized>NO</adequatelyNormalized>
<expectedVolumes>0</expectedVolumes>
<fwdEngineeringStrategyName>Single Table</fwdEngineeringStrategyName>
<growthPercent>0</growthPercent>
<growthType>Year</growthType>
<maxVolumes>9999999</maxVolumes>
<minVolumes>0</minVolumes>
<normalForm>Third</normalForm>
<attributes itemClass="oracle.dbtools.crest.model.design.logical.Attribute">
<Attribute name="id" id="3046741C-B732-A2B9-25E3-799C0D52D89A">
<createdBy>muchd</createdBy>
<createdTime>2022-12-12 21:56:03 UTC</createdTime>
<ownerDesignName>bank_warehouse</ownerDesignName>
<engineerTo>
<item key="1BED09E0-D6CD-53FA-3333-91B810489950" value="true"/>
</engineerTo>
<useDomainConstraints>false</useDomainConstraints>
<use>1</use>
<logicalDatatype>LOGDT027</logicalDatatype>
<ownDataTypeParameters>,,</ownDataTypeParameters>
</Attribute>
<Attribute name="loaded_at" id="BF4B527B-73F0-DB3A-D8FA-22FBC4F00FB8">
<createdBy>muchd</createdBy>
<createdTime>2022-12-12 21:56:03 UTC</createdTime>
<ownerDesignName>bank_warehouse</ownerDesignName>
<engineerTo>
<item key="1BED09E0-D6CD-53FA-3333-91B810489950" value="true"/>
</engineerTo>
<useDomainConstraints>false</useDomainConstraints>
<use>1</use>
<logicalDatatype>LOGDT008</logicalDatatype>
<ownDataTypeParameters>,,</ownDataTypeParameters>
</Attribute>
<Attribute name="source" id="BEBFD464-70D1-504B-6CED-4B44CD351A63">
<createdBy>muchd</createdBy>
<createdTime>2022-12-12 21:56:03 UTC</createdTime>
<ownerDesignName>bank_warehouse</ownerDesignName>
<engineerTo>
<item key="1BED09E0-D6CD-53FA-3333-91B810489950" value="true"/>
</engineerTo>
<useDomainConstraints>false</useDomainConstraints>
<use>1</use>
<logicalDatatype>LOGDT024</logicalDatatype>
<dataTypeSize>50 CHAR</dataTypeSize>
<ownDataTypeParameters>50 CHAR,,</ownDataTypeParameters>
</Attribute>
<Attribute name="account_id" id="5044F938-3B80-95CC-CD52-FF1244C182E1">
<createdBy>muchd</createdBy>
<createdTime>2022-12-17 12:29:44 UTC</createdTime>
<generatorID>2AAB5103-3A5F-94F0-F8F0-EC2481993061</generatorID>
<ownerDesignName>bank_warehouse</ownerDesignName>
<engineerTo>
<item key="1BED09E0-D6CD-53FA-3333-91B810489950" value="true"/>
</engineerTo>
<referedAttribute>A2992524-7242-FD33-8597-457B95D71F99</referedAttribute>
<useDomainConstraints>false</useDomainConstraints>
<use>1</use>
<logicalDatatype>LOGDT027</logicalDatatype>
<ownDataTypeParameters>,,</ownDataTypeParameters>
</Attribute>
<Attribute name="demographic_id" id="A7334135-AF68-BC75-EB26-D0B835D2BB2A">
<createdBy>muchd</createdBy>
<createdTime>2022-12-28 09:01:59 UTC</createdTime>
<generatorID>6B28700F-F802-0B85-5A15-3E7BF1109328</generatorID>
<ownerDesignName>bank_warehouse</ownerDesignName>
<engineerTo>
<item key="1BED09E0-D6CD-53FA-3333-91B810489950" value="true"/>
</engineerTo>
<referedAttribute>DC8963D1-3FE1-3678-7D59-3FCCF9A8F7F3</referedAttribute>
<useDomainConstraints>false</useDomainConstraints>
<use>1</use>
<logicalDatatype>LOGDT027</logicalDatatype>
<ownDataTypeParameters>,,</ownDataTypeParameters>
</Attribute>
</attributes>
<identifiers itemClass="oracle.dbtools.crest.model.design.logical.CandidateKey">
<identifier id="BA3BF35D-3FC9-ACBF-C5D4-BB02F554D2A0" name="l_account_demographic PK">
<createdBy>muchd</createdBy>
<createdTime>2022-12-17 11:53:22 UTC</createdTime>
<ownerDesignName>bank_warehouse</ownerDesignName>
<shouldEngineer>false</shouldEngineer>
<engineerTo>
<item key="1BED09E0-D6CD-53FA-3333-91B810489950" value="false"/>
</engineerTo>
<pk>true</pk>
<usedAttributes>
<attributeRef>3046741C-B732-A2B9-25E3-799C0D52D89A</attributeRef>
</usedAttributes>
</identifier>
</identifiers>
</Entity>
