<?xml version = '1.0' encoding = 'UTF-8'?>
<Entity class="oracle.dbtools.crest.model.design.logical.Entity" directorySegmentName="seg_0" id="3CC3130C-E780-E404-A0E9-FE9CA888FAB8" name="h_transaction">
<createdBy>muchd</createdBy>
<createdTime>2022-12-12 22:36:03 UTC</createdTime>
<ownerDesignName>bank_warehouse</ownerDesignName>
<engineerTo>
<item key="E975F7EC-B90C-029D-F793-FCAB0B1A3EA5" value="true"/>
</engineerTo>
<typeID>6484D025-4DE6-F975-DECA-3A9FFEB06A1F</typeID>
<adequatelyNormalized>NO</adequatelyNormalized>
<expectedVolumes>0</expectedVolumes>
<fwdEngineeringStrategyName>Single Table</fwdEngineeringStrategyName>
<growthPercent>0</growthPercent>
<growthType>Year</growthType>
<maxVolumes>9999999</maxVolumes>
<minVolumes>0</minVolumes>
<normalForm>Third</normalForm>
<attributes itemClass="oracle.dbtools.crest.model.design.logical.Attribute">
<Attribute name="id" id="2C54606E-9445-B2DD-2743-9759ADA20644">
<createdBy>muchd</createdBy>
<createdTime>2022-12-12 22:36:03 UTC</createdTime>
<ownerDesignName>bank_warehouse</ownerDesignName>
<engineerTo>
<item key="E975F7EC-B90C-029D-F793-FCAB0B1A3EA5" value="true"/>
</engineerTo>
<useDomainConstraints>false</useDomainConstraints>
<use>1</use>
<logicalDatatype>LOGDT027</logicalDatatype>
<ownDataTypeParameters>,,</ownDataTypeParameters>
</Attribute>
<Attribute name="loaded_at" id="B308BA92-52D3-AA66-9C57-38D970493995">
<createdBy>muchd</createdBy>
<createdTime>2022-12-12 22:36:03 UTC</createdTime>
<ownerDesignName>bank_warehouse</ownerDesignName>
<engineerTo>
<item key="E975F7EC-B90C-029D-F793-FCAB0B1A3EA5" value="true"/>
</engineerTo>
<useDomainConstraints>false</useDomainConstraints>
<use>1</use>
<logicalDatatype>LOGDT008</logicalDatatype>
<ownDataTypeParameters>,,</ownDataTypeParameters>
</Attribute>
<Attribute name="source" id="DD4A27E5-01C2-33B7-8A02-A82C334CCD09">
<createdBy>muchd</createdBy>
<createdTime>2022-12-12 22:36:03 UTC</createdTime>
<ownerDesignName>bank_warehouse</ownerDesignName>
<engineerTo>
<item key="E975F7EC-B90C-029D-F793-FCAB0B1A3EA5" value="true"/>
</engineerTo>
<useDomainConstraints>false</useDomainConstraints>
<use>1</use>
<logicalDatatype>LOGDT024</logicalDatatype>
<dataTypeSize>50 CHAR</dataTypeSize>
<ownDataTypeParameters>50 CHAR,,</ownDataTypeParameters>
</Attribute>
<Attribute name="trans_id" id="8C5B9553-1D7E-0C07-4BF0-F09B1ABCBD49">
<createdBy>muchd</createdBy>
<createdTime>2022-12-12 22:36:26 UTC</createdTime>
<ownerDesignName>bank_warehouse</ownerDesignName>
<engineerTo>
<item key="E975F7EC-B90C-029D-F793-FCAB0B1A3EA5" value="true"/>
</engineerTo>
<useDomainConstraints>false</useDomainConstraints>
<use>1</use>
<logicalDatatype>LOGDT027</logicalDatatype>
<ownDataTypeParameters>,,</ownDataTypeParameters>
</Attribute>
</attributes>
<identifiers itemClass="oracle.dbtools.crest.model.design.logical.CandidateKey">
<identifier id="2DF25348-A9F0-B349-2A14-FB1676F342D7" name="h_transaction PK">
<createdBy>muchd</createdBy>
<createdTime>2022-12-12 22:36:03 UTC</createdTime>
<ownerDesignName>bank_warehouse</ownerDesignName>
<engineerTo>
<item key="E975F7EC-B90C-029D-F793-FCAB0B1A3EA5" value="true"/>
</engineerTo>
<pk>true</pk>
<newElementsIDs>2C54606E-9445-B2DD-2743-9759ADA20644</newElementsIDs>
<usedAttributes>
<attributeRef>2C54606E-9445-B2DD-2743-9759ADA20644</attributeRef>
</usedAttributes>
</identifier>
</identifiers>
</Entity>
