<?xml version = '1.0' encoding = 'UTF-8'?>
<Entity class="oracle.dbtools.crest.model.design.logical.Entity" directorySegmentName="seg_0" id="60E385C0-1408-1B56-DE43-D7D69877893D" name="s_transaction">
<createdBy>muchd</createdBy>
<createdTime>2022-12-12 22:31:30 UTC</createdTime>
<ownerDesignName>bank_warehouse</ownerDesignName>
<engineerTo>
<item key="1BD13AEE-1063-81AC-D3FC-7E6CC74F173A" value="true"/>
</engineerTo>
<typeID>4291E4CC-656F-6204-5281-D1D39858EBFC</typeID>
<adequatelyNormalized>NO</adequatelyNormalized>
<expectedVolumes>0</expectedVolumes>
<fwdEngineeringStrategyName>Single Table</fwdEngineeringStrategyName>
<growthPercent>0</growthPercent>
<growthType>Year</growthType>
<maxVolumes>9999999</maxVolumes>
<minVolumes>0</minVolumes>
<normalForm>Third</normalForm>
<attributes itemClass="oracle.dbtools.crest.model.design.logical.Attribute">
<Attribute name="transaction_id" id="DA8F0E07-94AC-E406-AD24-4EE1C601532B">
<createdBy>muchd</createdBy>
<createdTime>2022-12-12 22:39:10 UTC</createdTime>
<generatorID>A0734C29-D746-187A-9CB8-B1DA22DC67AC</generatorID>
<ownerDesignName>bank_warehouse</ownerDesignName>
<engineerTo>
<item key="1BD13AEE-1063-81AC-D3FC-7E6CC74F173A" value="true"/>
</engineerTo>
<referedAttribute>2C54606E-9445-B2DD-2743-9759ADA20644</referedAttribute>
<useDomainConstraints>false</useDomainConstraints>
<use>1</use>
<logicalDatatype>LOGDT027</logicalDatatype>
<ownDataTypeParameters>,,</ownDataTypeParameters>
</Attribute>
<Attribute name="loaded_at" id="8EA18637-DC70-39FD-9A72-AF2766CC6E1F">
<createdBy>muchd</createdBy>
<createdTime>2022-12-12 22:31:30 UTC</createdTime>
<ownerDesignName>bank_warehouse</ownerDesignName>
<engineerTo>
<item key="1BD13AEE-1063-81AC-D3FC-7E6CC74F173A" value="true"/>
</engineerTo>
<useDomainConstraints>false</useDomainConstraints>
<use>1</use>
<logicalDatatype>LOGDT008</logicalDatatype>
<ownDataTypeParameters>,,</ownDataTypeParameters>
</Attribute>
<Attribute name="source" id="0820169A-6A29-28DA-3D30-C28EBA1E8FC3">
<createdBy>muchd</createdBy>
<createdTime>2022-12-12 22:31:30 UTC</createdTime>
<ownerDesignName>bank_warehouse</ownerDesignName>
<engineerTo>
<item key="1BD13AEE-1063-81AC-D3FC-7E6CC74F173A" value="true"/>
</engineerTo>
<useDomainConstraints>false</useDomainConstraints>
<use>1</use>
<logicalDatatype>LOGDT024</logicalDatatype>
<dataTypeSize>50 CHAR</dataTypeSize>
<ownDataTypeParameters>50 CHAR,,</ownDataTypeParameters>
</Attribute>
<Attribute name="date" id="5B7D5B14-94F0-BB71-8329-89419D2F85A2">
<createdBy>muchd</createdBy>
<createdTime>2022-12-12 22:31:30 UTC</createdTime>
<ownerDesignName>bank_warehouse</ownerDesignName>
<engineerTo>
<item key="1BD13AEE-1063-81AC-D3FC-7E6CC74F173A" value="true"/>
</engineerTo>
<nullsAllowed>true</nullsAllowed>
<useDomainConstraints>false</useDomainConstraints>
<use>1</use>
<logicalDatatype>LOGDT007</logicalDatatype>
<ownDataTypeParameters>,,</ownDataTypeParameters>
</Attribute>
<Attribute name="type" id="AD9B2A9A-4FF8-367B-8369-59391931BFC9">
<createdBy>muchd</createdBy>
<createdTime>2022-12-12 22:31:30 UTC</createdTime>
<ownerDesignName>bank_warehouse</ownerDesignName>
<engineerTo>
<item key="1BD13AEE-1063-81AC-D3FC-7E6CC74F173A" value="true"/>
</engineerTo>
<nullsAllowed>true</nullsAllowed>
<useDomainConstraints>false</useDomainConstraints>
<use>1</use>
<logicalDatatype>LOGDT011</logicalDatatype>
<ownDataTypeParameters>,,</ownDataTypeParameters>
</Attribute>
<Attribute name="operation" id="B4A78546-818F-F28E-449A-D63E7441A4C6">
<createdBy>muchd</createdBy>
<createdTime>2022-12-12 22:31:30 UTC</createdTime>
<ownerDesignName>bank_warehouse</ownerDesignName>
<engineerTo>
<item key="1BD13AEE-1063-81AC-D3FC-7E6CC74F173A" value="true"/>
</engineerTo>
<nullsAllowed>true</nullsAllowed>
<useDomainConstraints>false</useDomainConstraints>
<use>1</use>
<logicalDatatype>LOGDT011</logicalDatatype>
<ownDataTypeParameters>,,</ownDataTypeParameters>
</Attribute>
<Attribute name="amount" id="C709093B-8D40-606B-9C02-74E88E9F9A92">
<createdBy>muchd</createdBy>
<createdTime>2022-12-12 22:31:30 UTC</createdTime>
<ownerDesignName>bank_warehouse</ownerDesignName>
<engineerTo>
<item key="1BD13AEE-1063-81AC-D3FC-7E6CC74F173A" value="true"/>
</engineerTo>
<nullsAllowed>true</nullsAllowed>
<useDomainConstraints>false</useDomainConstraints>
<use>1</use>
<logicalDatatype>LOGDT026</logicalDatatype>
<ownDataTypeParameters>,,</ownDataTypeParameters>
</Attribute>
<Attribute name="balance" id="91DD6540-4F21-1E09-4B94-2EE6C7D8246B">
<createdBy>muchd</createdBy>
<createdTime>2022-12-12 22:31:30 UTC</createdTime>
<ownerDesignName>bank_warehouse</ownerDesignName>
<engineerTo>
<item key="1BD13AEE-1063-81AC-D3FC-7E6CC74F173A" value="true"/>
</engineerTo>
<nullsAllowed>true</nullsAllowed>
<useDomainConstraints>false</useDomainConstraints>
<use>1</use>
<logicalDatatype>LOGDT026</logicalDatatype>
<ownDataTypeParameters>,,</ownDataTypeParameters>
</Attribute>
<Attribute name="k_symbol" id="D9D0EB58-5591-EF72-F4E0-7E8A328679FF">
<createdBy>muchd</createdBy>
<createdTime>2022-12-12 22:31:30 UTC</createdTime>
<ownerDesignName>bank_warehouse</ownerDesignName>
<engineerTo>
<item key="1BD13AEE-1063-81AC-D3FC-7E6CC74F173A" value="true"/>
</engineerTo>
<nullsAllowed>true</nullsAllowed>
<useDomainConstraints>false</useDomainConstraints>
<use>1</use>
<logicalDatatype>LOGDT011</logicalDatatype>
<ownDataTypeParameters>,,</ownDataTypeParameters>
</Attribute>
<Attribute name="partner" id="BA9DE17F-EC3E-9E54-ADAB-6B880C6DE3C8">
<createdBy>muchd</createdBy>
<createdTime>2022-12-12 22:31:30 UTC</createdTime>
<ownerDesignName>bank_warehouse</ownerDesignName>
<engineerTo>
<item key="1BD13AEE-1063-81AC-D3FC-7E6CC74F173A" value="true"/>
</engineerTo>
<nullsAllowed>true</nullsAllowed>
<useDomainConstraints>false</useDomainConstraints>
<use>1</use>
<logicalDatatype>LOGDT027</logicalDatatype>
<ownDataTypeParameters>,,</ownDataTypeParameters>
</Attribute>
</attributes>
<identifiers itemClass="oracle.dbtools.crest.model.design.logical.CandidateKey">
<identifier id="841CC314-B593-3A46-A173-FC435550A46F" name="s_transaction PK">
<createdBy>muchd</createdBy>
<createdTime>2022-12-12 22:31:30 UTC</createdTime>
<ownerDesignName>bank_warehouse</ownerDesignName>
<engineerTo>
<item key="1BD13AEE-1063-81AC-D3FC-7E6CC74F173A" value="true"/>
</engineerTo>
<pk>true</pk>
<newElementsIDs>8EA18637-DC70-39FD-9A72-AF2766CC6E1F,DA8F0E07-94AC-E406-AD24-4EE1C601532B</newElementsIDs>
<usedAttributes>
<attributeRef>8EA18637-DC70-39FD-9A72-AF2766CC6E1F</attributeRef>
<attributeRef>DA8F0E07-94AC-E406-AD24-4EE1C601532B</attributeRef>
</usedAttributes>
</identifier>
</identifiers>
</Entity>
