<?xml version = '1.0' encoding = 'UTF-8'?>
<Entity class="oracle.dbtools.crest.model.design.logical.Entity" directorySegmentName="seg_0" id="66630091-E318-074A-2E64-D95FE5991C95" name="s_loan">
<createdBy>muchd</createdBy>
<createdTime>2022-12-12 22:42:32 UTC</createdTime>
<ownerDesignName>bank_warehouse</ownerDesignName>
<engineerTo>
<item key="1BD13AEE-1063-81AC-D3FC-7E6CC74F173A" value="true"/>
</engineerTo>
<typeID>4291E4CC-656F-6204-5281-D1D39858EBFC</typeID>
<adequatelyNormalized>NO</adequatelyNormalized>
<expectedVolumes>0</expectedVolumes>
<fwdEngineeringStrategyName>Single Table</fwdEngineeringStrategyName>
<growthPercent>0</growthPercent>
<growthType>Year</growthType>
<maxVolumes>9999999</maxVolumes>
<minVolumes>0</minVolumes>
<normalForm>Third</normalForm>
<attributes itemClass="oracle.dbtools.crest.model.design.logical.Attribute">
<Attribute name="loan_id" id="DA6B7875-58EF-26F7-68C1-F5DE6661A218">
<createdBy>muchd</createdBy>
<createdTime>2022-12-12 22:45:10 UTC</createdTime>
<generatorID>8FAA682C-7F2F-5413-35B2-326BB09ADF35</generatorID>
<ownerDesignName>bank_warehouse</ownerDesignName>
<engineerTo>
<item key="1BD13AEE-1063-81AC-D3FC-7E6CC74F173A" value="true"/>
</engineerTo>
<referedAttribute>0833841F-25E2-D1D2-4D51-59BEFF3A71A0</referedAttribute>
<useDomainConstraints>false</useDomainConstraints>
<use>1</use>
<logicalDatatype>LOGDT027</logicalDatatype>
<ownDataTypeParameters>,,</ownDataTypeParameters>
</Attribute>
<Attribute name="loaded_at" id="A112953F-3878-9A8D-16E2-C1D422B25AEB">
<createdBy>muchd</createdBy>
<createdTime>2022-12-12 22:42:32 UTC</createdTime>
<ownerDesignName>bank_warehouse</ownerDesignName>
<engineerTo>
<item key="1BD13AEE-1063-81AC-D3FC-7E6CC74F173A" value="true"/>
</engineerTo>
<useDomainConstraints>false</useDomainConstraints>
<use>1</use>
<logicalDatatype>LOGDT008</logicalDatatype>
<ownDataTypeParameters>,,</ownDataTypeParameters>
</Attribute>
<Attribute name="source" id="00D5C7D1-D666-2BC1-0F11-77FF75FF18E4">
<createdBy>muchd</createdBy>
<createdTime>2022-12-12 22:42:32 UTC</createdTime>
<ownerDesignName>bank_warehouse</ownerDesignName>
<engineerTo>
<item key="1BD13AEE-1063-81AC-D3FC-7E6CC74F173A" value="true"/>
</engineerTo>
<useDomainConstraints>false</useDomainConstraints>
<use>1</use>
<logicalDatatype>LOGDT024</logicalDatatype>
<dataTypeSize>50 CHAR</dataTypeSize>
<ownDataTypeParameters>50 CHAR,,</ownDataTypeParameters>
</Attribute>
<Attribute name="date" id="ED04A0FC-7C5C-ED78-E53B-B9245B9DB63E">
<createdBy>muchd</createdBy>
<createdTime>2022-12-12 22:42:32 UTC</createdTime>
<ownerDesignName>bank_warehouse</ownerDesignName>
<engineerTo>
<item key="1BD13AEE-1063-81AC-D3FC-7E6CC74F173A" value="true"/>
</engineerTo>
<nullsAllowed>true</nullsAllowed>
<useDomainConstraints>false</useDomainConstraints>
<use>1</use>
<logicalDatatype>LOGDT007</logicalDatatype>
<ownDataTypeParameters>,,</ownDataTypeParameters>
</Attribute>
<Attribute name="amount" id="5F85592B-10E4-BF75-F522-34C617142627">
<createdBy>muchd</createdBy>
<createdTime>2022-12-12 22:42:32 UTC</createdTime>
<ownerDesignName>bank_warehouse</ownerDesignName>
<engineerTo>
<item key="1BD13AEE-1063-81AC-D3FC-7E6CC74F173A" value="true"/>
</engineerTo>
<nullsAllowed>true</nullsAllowed>
<useDomainConstraints>false</useDomainConstraints>
<use>1</use>
<logicalDatatype>LOGDT027</logicalDatatype>
<ownDataTypeParameters>,,</ownDataTypeParameters>
</Attribute>
<Attribute name="duration" id="FF223C45-6F32-CCC3-9F8C-6BF389525720">
<createdBy>muchd</createdBy>
<createdTime>2022-12-12 22:42:32 UTC</createdTime>
<ownerDesignName>bank_warehouse</ownerDesignName>
<engineerTo>
<item key="1BD13AEE-1063-81AC-D3FC-7E6CC74F173A" value="true"/>
</engineerTo>
<nullsAllowed>true</nullsAllowed>
<useDomainConstraints>false</useDomainConstraints>
<use>1</use>
<logicalDatatype>LOGDT011</logicalDatatype>
<ownDataTypeParameters>,,</ownDataTypeParameters>
</Attribute>
<Attribute name="payments" id="27CA8C4D-1776-284C-EBEA-E4D168638D51">
<createdBy>muchd</createdBy>
<createdTime>2022-12-12 22:42:32 UTC</createdTime>
<ownerDesignName>bank_warehouse</ownerDesignName>
<engineerTo>
<item key="1BD13AEE-1063-81AC-D3FC-7E6CC74F173A" value="true"/>
</engineerTo>
<nullsAllowed>true</nullsAllowed>
<useDomainConstraints>false</useDomainConstraints>
<use>1</use>
<logicalDatatype>LOGDT026</logicalDatatype>
<ownDataTypeParameters>,,</ownDataTypeParameters>
</Attribute>
<Attribute name="status" id="88DF0CBE-F702-8965-9826-0BF965C16E01">
<createdBy>muchd</createdBy>
<createdTime>2022-12-12 22:42:32 UTC</createdTime>
<ownerDesignName>bank_warehouse</ownerDesignName>
<engineerTo>
<item key="1BD13AEE-1063-81AC-D3FC-7E6CC74F173A" value="true"/>
</engineerTo>
<nullsAllowed>true</nullsAllowed>
<useDomainConstraints>false</useDomainConstraints>
<use>1</use>
<logicalDatatype>LOGDT011</logicalDatatype>
<ownDataTypeParameters>,,</ownDataTypeParameters>
</Attribute>
</attributes>
<identifiers itemClass="oracle.dbtools.crest.model.design.logical.CandidateKey">
<identifier id="43802BE4-8157-F551-BD78-61C3EB336267" name="s_loan PK">
<createdBy>muchd</createdBy>
<createdTime>2022-12-12 22:42:32 UTC</createdTime>
<ownerDesignName>bank_warehouse</ownerDesignName>
<engineerTo>
<item key="1BD13AEE-1063-81AC-D3FC-7E6CC74F173A" value="true"/>
</engineerTo>
<pk>true</pk>
<newElementsIDs>A112953F-3878-9A8D-16E2-C1D422B25AEB,DA6B7875-58EF-26F7-68C1-F5DE6661A218</newElementsIDs>
<usedAttributes>
<attributeRef>A112953F-3878-9A8D-16E2-C1D422B25AEB</attributeRef>
<attributeRef>DA6B7875-58EF-26F7-68C1-F5DE6661A218</attributeRef>
</usedAttributes>
</identifier>
</identifiers>
</Entity>
