<?xml version = '1.0' encoding = 'UTF-8'?>
<Entity class="oracle.dbtools.crest.model.design.logical.Entity" directorySegmentName="seg_0" id="85382D75-0F36-4C5A-0058-0AE018EB917C" name="l_account_transaction">
<createdBy>muchd</createdBy>
<createdTime>2022-12-12 22:29:40 UTC</createdTime>
<ownerDesignName>bank_warehouse</ownerDesignName>
<engineerTo>
<item key="E975F7EC-B90C-029D-F793-FCAB0B1A3EA5" value="true"/>
</engineerTo>
<typeID>B4C8898A-B011-940E-1A19-34BE7202E980</typeID>
<adequatelyNormalized>NO</adequatelyNormalized>
<expectedVolumes>0</expectedVolumes>
<fwdEngineeringStrategyName>Single Table</fwdEngineeringStrategyName>
<growthPercent>0</growthPercent>
<growthType>Year</growthType>
<maxVolumes>9999999</maxVolumes>
<minVolumes>0</minVolumes>
<normalForm>Third</normalForm>
<attributes itemClass="oracle.dbtools.crest.model.design.logical.Attribute">
<Attribute name="id" id="FCD48B2F-7C84-142C-6F9C-5D36D2BC463B">
<createdBy>muchd</createdBy>
<createdTime>2022-12-12 22:30:01 UTC</createdTime>
<ownerDesignName>bank_warehouse</ownerDesignName>
<engineerTo>
<item key="E975F7EC-B90C-029D-F793-FCAB0B1A3EA5" value="true"/>
</engineerTo>
<useDomainConstraints>false</useDomainConstraints>
<use>1</use>
<logicalDatatype>LOGDT027</logicalDatatype>
<ownDataTypeParameters>,,</ownDataTypeParameters>
</Attribute>
<Attribute name="loaded_at" id="334A2F20-BFA4-3EB1-5225-2499F1EA75DB">
<createdBy>muchd</createdBy>
<createdTime>2022-12-12 22:29:40 UTC</createdTime>
<ownerDesignName>bank_warehouse</ownerDesignName>
<engineerTo>
<item key="E975F7EC-B90C-029D-F793-FCAB0B1A3EA5" value="true"/>
</engineerTo>
<useDomainConstraints>false</useDomainConstraints>
<use>1</use>
<logicalDatatype>LOGDT008</logicalDatatype>
<ownDataTypeParameters>,,</ownDataTypeParameters>
</Attribute>
<Attribute name="source" id="DF1F00C0-2ED9-62D3-1149-66EEA6A7978A">
<createdBy>muchd</createdBy>
<createdTime>2022-12-12 22:30:30 UTC</createdTime>
<ownerDesignName>bank_warehouse</ownerDesignName>
<engineerTo>
<item key="E975F7EC-B90C-029D-F793-FCAB0B1A3EA5" value="true"/>
</engineerTo>
<useDomainConstraints>false</useDomainConstraints>
<use>1</use>
<logicalDatatype>LOGDT024</logicalDatatype>
<dataTypeSize>50 CHAR</dataTypeSize>
<ownDataTypeParameters>50 CHAR,,</ownDataTypeParameters>
</Attribute>
<Attribute name="account_id" id="FC6AEC84-34A5-FB95-741C-83EA31264B4A">
<createdBy>muchd</createdBy>
<createdTime>2022-12-17 12:25:35 UTC</createdTime>
<generatorID>83A6516B-823A-B914-5451-4D13BF69063B</generatorID>
<ownerDesignName>bank_warehouse</ownerDesignName>
<engineerTo>
<item key="E975F7EC-B90C-029D-F793-FCAB0B1A3EA5" value="true"/>
</engineerTo>
<referedAttribute>A2992524-7242-FD33-8597-457B95D71F99</referedAttribute>
<useDomainConstraints>false</useDomainConstraints>
<use>1</use>
<logicalDatatype>LOGDT027</logicalDatatype>
<ownDataTypeParameters>,,</ownDataTypeParameters>
</Attribute>
<Attribute name="transaction_id" id="29353D90-6430-462E-131C-0BCF99DC3635">
<createdBy>muchd</createdBy>
<createdTime>2023-01-28 23:17:11 UTC</createdTime>
<generatorID>292215BF-8410-11E2-0563-E83C030EB329</generatorID>
<ownerDesignName>bank_warehouse</ownerDesignName>
<engineerTo>
<item key="E975F7EC-B90C-029D-F793-FCAB0B1A3EA5" value="true"/>
</engineerTo>
<referedAttribute>2C54606E-9445-B2DD-2743-9759ADA20644</referedAttribute>
<useDomainConstraints>false</useDomainConstraints>
<use>1</use>
<logicalDatatype>LOGDT027</logicalDatatype>
<ownDataTypeParameters>,,</ownDataTypeParameters>
</Attribute>
</attributes>
<identifiers itemClass="oracle.dbtools.crest.model.design.logical.CandidateKey">
<identifier id="FA1E2E2B-B623-EC85-D590-7CA4E7EAA5B7" name="l_account_transaction PK">
<createdBy>muchd</createdBy>
<createdTime>2022-12-12 22:29:40 UTC</createdTime>
<ownerDesignName>bank_warehouse</ownerDesignName>
<engineerTo>
<item key="E975F7EC-B90C-029D-F793-FCAB0B1A3EA5" value="true"/>
</engineerTo>
<pk>true</pk>
<newElementsIDs>FCD48B2F-7C84-142C-6F9C-5D36D2BC463B</newElementsIDs>
<usedAttributes>
<attributeRef>FCD48B2F-7C84-142C-6F9C-5D36D2BC463B</attributeRef>
</usedAttributes>
</identifier>
</identifiers>
</Entity>
