<?xml version = '1.0' encoding = 'UTF-8'?>
<Entity class="oracle.dbtools.crest.model.design.logical.Entity" directorySegmentName="seg_0" id="8785699F-0536-1E66-25F8-7C0213C7C2EE" name="l_disposition_credit_card">
<createdBy>muchd</createdBy>
<createdTime>2022-12-12 22:22:18 UTC</createdTime>
<ownerDesignName>bank_warehouse</ownerDesignName>
<engineerTo>
<item key="E975F7EC-B90C-029D-F793-FCAB0B1A3EA5" value="true"/>
</engineerTo>
<typeID>B4C8898A-B011-940E-1A19-34BE7202E980</typeID>
<adequatelyNormalized>NO</adequatelyNormalized>
<expectedVolumes>0</expectedVolumes>
<fwdEngineeringStrategyName>Single Table</fwdEngineeringStrategyName>
<growthPercent>0</growthPercent>
<growthType>Year</growthType>
<maxVolumes>9999999</maxVolumes>
<minVolumes>0</minVolumes>
<normalForm>Third</normalForm>
<attributes itemClass="oracle.dbtools.crest.model.design.logical.Attribute">
<Attribute name="id" id="5805E2D4-175D-2A22-5D29-F008687E79BB">
<createdBy>muchd</createdBy>
<createdTime>2022-12-12 22:22:18 UTC</createdTime>
<ownerDesignName>bank_warehouse</ownerDesignName>
<engineerTo>
<item key="E975F7EC-B90C-029D-F793-FCAB0B1A3EA5" value="true"/>
</engineerTo>
<useDomainConstraints>false</useDomainConstraints>
<use>1</use>
<logicalDatatype>LOGDT027</logicalDatatype>
<ownDataTypeParameters>,,</ownDataTypeParameters>
</Attribute>
<Attribute name="loaded_at" id="D932E48B-BB1D-C9BD-103E-D191F15F25FF">
<createdBy>muchd</createdBy>
<createdTime>2022-12-12 22:22:18 UTC</createdTime>
<ownerDesignName>bank_warehouse</ownerDesignName>
<engineerTo>
<item key="E975F7EC-B90C-029D-F793-FCAB0B1A3EA5" value="true"/>
</engineerTo>
<useDomainConstraints>false</useDomainConstraints>
<use>1</use>
<logicalDatatype>LOGDT008</logicalDatatype>
<ownDataTypeParameters>,,</ownDataTypeParameters>
</Attribute>
<Attribute name="source" id="8C2D8A07-705F-E037-F415-E249593828AF">
<createdBy>muchd</createdBy>
<createdTime>2022-12-12 22:22:18 UTC</createdTime>
<ownerDesignName>bank_warehouse</ownerDesignName>
<engineerTo>
<item key="E975F7EC-B90C-029D-F793-FCAB0B1A3EA5" value="true"/>
</engineerTo>
<useDomainConstraints>false</useDomainConstraints>
<use>1</use>
<logicalDatatype>LOGDT024</logicalDatatype>
<dataTypeSize>50 CHAR</dataTypeSize>
<ownDataTypeParameters>50 CHAR,,</ownDataTypeParameters>
</Attribute>
<Attribute name="disposition_id" id="67A2E4EE-0882-9C19-317A-CCC46486D90C">
<createdBy>muchd</createdBy>
<createdTime>2022-12-12 22:24:08 UTC</createdTime>
<generatorID>4451651A-F885-CAFE-35AF-A01DA92B9DDA</generatorID>
<ownerDesignName>bank_warehouse</ownerDesignName>
<engineerTo>
<item key="E975F7EC-B90C-029D-F793-FCAB0B1A3EA5" value="true"/>
</engineerTo>
<referedAttribute>1D8CF065-028C-773F-1880-DD68A942B5E2</referedAttribute>
<useDomainConstraints>false</useDomainConstraints>
<use>1</use>
<logicalDatatype>LOGDT027</logicalDatatype>
<ownDataTypeParameters>,,</ownDataTypeParameters>
</Attribute>
<Attribute name="card_id" id="3D644399-E6E0-266D-F0AE-EDC6F4DDC0C5">
<createdBy>muchd</createdBy>
<createdTime>2023-01-28 23:18:39 UTC</createdTime>
<generatorID>4598956F-A5C6-E046-AD32-91F2617119BD</generatorID>
<ownerDesignName>bank_warehouse</ownerDesignName>
<engineerTo>
<item key="E975F7EC-B90C-029D-F793-FCAB0B1A3EA5" value="true"/>
</engineerTo>
<referedAttribute>13320A3C-371E-9565-A8EA-A2B38DB1B020</referedAttribute>
<useDomainConstraints>false</useDomainConstraints>
<use>1</use>
<logicalDatatype>LOGDT027</logicalDatatype>
<ownDataTypeParameters>,,</ownDataTypeParameters>
</Attribute>
</attributes>
<identifiers itemClass="oracle.dbtools.crest.model.design.logical.CandidateKey">
<identifier id="37812CEA-F029-33BD-141D-09066443383E" name="l_disposition_credit_card PK">
<createdBy>muchd</createdBy>
<createdTime>2022-12-12 22:22:18 UTC</createdTime>
<ownerDesignName>bank_warehouse</ownerDesignName>
<engineerTo>
<item key="E975F7EC-B90C-029D-F793-FCAB0B1A3EA5" value="true"/>
</engineerTo>
<pk>true</pk>
<newElementsIDs>5805E2D4-175D-2A22-5D29-F008687E79BB</newElementsIDs>
<usedAttributes>
<attributeRef>5805E2D4-175D-2A22-5D29-F008687E79BB</attributeRef>
</usedAttributes>
</identifier>
</identifiers>
</Entity>
