<?xml version = '1.0' encoding = 'UTF-8'?>
<Entity class="oracle.dbtools.crest.model.design.logical.Entity" directorySegmentName="seg_0" id="A9E0108D-8139-7D0C-28DC-6A512C958E5A" name="l_client_account_disposition">
<createdBy>muchd</createdBy>
<createdTime>2022-12-12 20:53:19 UTC</createdTime>
<ownerDesignName>bank_warehouse</ownerDesignName>
<engineerTo>
<item key="E975F7EC-B90C-029D-F793-FCAB0B1A3EA5" value="true"/>
</engineerTo>
<typeID>B4C8898A-B011-940E-1A19-34BE7202E980</typeID>
<adequatelyNormalized>NO</adequatelyNormalized>
<expectedVolumes>0</expectedVolumes>
<fwdEngineeringStrategyName>Single Table</fwdEngineeringStrategyName>
<growthPercent>0</growthPercent>
<growthType>Year</growthType>
<maxVolumes>9999999</maxVolumes>
<minVolumes>0</minVolumes>
<normalForm>Third</normalForm>
<attributes itemClass="oracle.dbtools.crest.model.design.logical.Attribute">
<Attribute name="id" id="31524AE6-FABF-C75A-D6F5-FF94216C5A1D">
<createdBy>muchd</createdBy>
<createdTime>2022-12-12 20:53:19 UTC</createdTime>
<ownerDesignName>bank_warehouse</ownerDesignName>
<importedID>72B71F6D-7CD0-92C8-7913-73E8726E705F</importedID>
<engineerTo>
<item key="E975F7EC-B90C-029D-F793-FCAB0B1A3EA5" value="true"/>
</engineerTo>
<useDomainConstraints>false</useDomainConstraints>
<use>1</use>
<logicalDatatype>LOGDT027</logicalDatatype>
<ownDataTypeParameters>,,</ownDataTypeParameters>
</Attribute>
<Attribute name="loaded_at" id="A82266E3-C029-FD9E-9860-59C3F2DEB0A3">
<createdBy>muchd</createdBy>
<createdTime>2022-12-12 20:53:19 UTC</createdTime>
<ownerDesignName>bank_warehouse</ownerDesignName>
<importedID>1E796584-DB5C-6F58-4A4F-B1C891293406</importedID>
<engineerTo>
<item key="E975F7EC-B90C-029D-F793-FCAB0B1A3EA5" value="true"/>
</engineerTo>
<useDomainConstraints>false</useDomainConstraints>
<use>1</use>
<logicalDatatype>LOGDT008</logicalDatatype>
<ownDataTypeParameters>,,</ownDataTypeParameters>
</Attribute>
<Attribute name="source" id="D357A2C1-98F2-CBF7-0B1E-E7D6865A7249">
<createdBy>muchd</createdBy>
<createdTime>2022-12-12 22:11:16 UTC</createdTime>
<ownerDesignName>bank_warehouse</ownerDesignName>
<engineerTo>
<item key="E975F7EC-B90C-029D-F793-FCAB0B1A3EA5" value="true"/>
</engineerTo>
<useDomainConstraints>false</useDomainConstraints>
<use>1</use>
<logicalDatatype>LOGDT024</logicalDatatype>
<dataTypeSize>50 CHAR</dataTypeSize>
<ownDataTypeParameters>50 CHAR,,</ownDataTypeParameters>
</Attribute>
<Attribute name="disposition_id" id="EDFBD42D-AC4C-569E-8486-C7BC78D68026">
<createdBy>muchd</createdBy>
<createdTime>2022-12-12 22:19:50 UTC</createdTime>
<generatorID>D49A5712-8F1A-1946-8BC3-F6F1191A6DB8</generatorID>
<ownerDesignName>bank_warehouse</ownerDesignName>
<engineerTo>
<item key="E975F7EC-B90C-029D-F793-FCAB0B1A3EA5" value="true"/>
</engineerTo>
<referedAttribute>1D8CF065-028C-773F-1880-DD68A942B5E2</referedAttribute>
<useDomainConstraints>false</useDomainConstraints>
<use>1</use>
<logicalDatatype>LOGDT027</logicalDatatype>
<ownDataTypeParameters>,,</ownDataTypeParameters>
</Attribute>
<Attribute name="account_id" id="7672412B-A9B2-77A5-3A78-ACA974C412C3">
<createdBy>muchd</createdBy>
<createdTime>2022-12-17 12:30:16 UTC</createdTime>
<generatorID>617DFBE9-35F1-B15A-C4F5-224F2BF2D584</generatorID>
<ownerDesignName>bank_warehouse</ownerDesignName>
<engineerTo>
<item key="E975F7EC-B90C-029D-F793-FCAB0B1A3EA5" value="true"/>
</engineerTo>
<referedAttribute>A2992524-7242-FD33-8597-457B95D71F99</referedAttribute>
<useDomainConstraints>false</useDomainConstraints>
<use>1</use>
<logicalDatatype>LOGDT027</logicalDatatype>
<ownDataTypeParameters>,,</ownDataTypeParameters>
</Attribute>
<Attribute name="client_id" id="2B6D2F98-1D05-0C21-F101-5A1A51F80B4B">
<createdBy>muchd</createdBy>
<createdTime>2023-01-28 23:20:29 UTC</createdTime>
<generatorID>84B58288-9085-429A-7CF3-B2FBEA6ED64C</generatorID>
<ownerDesignName>bank_warehouse</ownerDesignName>
<engineerTo>
<item key="E975F7EC-B90C-029D-F793-FCAB0B1A3EA5" value="true"/>
</engineerTo>
<referedAttribute>75CDE82B-2A83-0DD0-7F13-BD125CEF8E20</referedAttribute>
<useDomainConstraints>false</useDomainConstraints>
<use>1</use>
<logicalDatatype>LOGDT027</logicalDatatype>
<ownDataTypeParameters>,,</ownDataTypeParameters>
</Attribute>
</attributes>
<identifiers itemClass="oracle.dbtools.crest.model.design.logical.CandidateKey">
<identifier id="B697F854-2225-36F5-4603-B4954DD8666B" name="l_client_account_disposition PK">
<createdBy>muchd</createdBy>
<createdTime>2022-12-12 20:53:19 UTC</createdTime>
<ownerDesignName>bank_warehouse</ownerDesignName>
<engineerTo>
<item key="E975F7EC-B90C-029D-F793-FCAB0B1A3EA5" value="true"/>
</engineerTo>
<pk>true</pk>
<newElementsIDs>31524AE6-FABF-C75A-D6F5-FF94216C5A1D</newElementsIDs>
<usedAttributes>
<attributeRef>31524AE6-FABF-C75A-D6F5-FF94216C5A1D</attributeRef>
</usedAttributes>
</identifier>
</identifiers>
</Entity>
