<?xml version = '1.0' encoding = 'UTF-8'?>
<Entity class="oracle.dbtools.crest.model.design.logical.Entity" directorySegmentName="seg_0" id="AB49CEE8-AB51-BFDE-B7C3-8EE3D31C4FE2" name="r_transaction_operation">
<createdBy>muchd</createdBy>
<createdTime>2022-12-12 22:00:21 UTC</createdTime>
<ownerDesignName>bank_warehouse</ownerDesignName>
<engineerTo>
<item key="1BED09E0-D6CD-53FA-3333-91B810489950" value="true"/>
</engineerTo>
<adequatelyNormalized>NO</adequatelyNormalized>
<expectedVolumes>0</expectedVolumes>
<fwdEngineeringStrategyName>Single Table</fwdEngineeringStrategyName>
<growthPercent>0</growthPercent>
<growthType>Year</growthType>
<maxVolumes>9999999</maxVolumes>
<minVolumes>0</minVolumes>
<normalForm>Third</normalForm>
<attributes itemClass="oracle.dbtools.crest.model.design.logical.Attribute">
<Attribute name="id" id="62F3A1A5-EED5-153D-54D6-1623F111B5BC">
<createdBy>muchd</createdBy>
<createdTime>2022-12-12 22:00:21 UTC</createdTime>
<ownerDesignName>bank_warehouse</ownerDesignName>
<engineerTo>
<item key="1BED09E0-D6CD-53FA-3333-91B810489950" value="true"/>
</engineerTo>
<useDomainConstraints>false</useDomainConstraints>
<use>1</use>
<logicalDatatype>LOGDT011</logicalDatatype>
<ownDataTypeParameters>,,</ownDataTypeParameters>
</Attribute>
<Attribute name="value" id="1BF70820-37CD-4233-084A-6CD0935B2E37">
<createdBy>muchd</createdBy>
<createdTime>2022-12-12 22:00:21 UTC</createdTime>
<ownerDesignName>bank_warehouse</ownerDesignName>
<engineerTo>
<item key="1BED09E0-D6CD-53FA-3333-91B810489950" value="true"/>
</engineerTo>
<useDomainConstraints>false</useDomainConstraints>
<use>1</use>
<logicalDatatype>LOGDT024</logicalDatatype>
<dataTypeSize>30 CHAR</dataTypeSize>
<ownDataTypeParameters>30 CHAR,,</ownDataTypeParameters>
</Attribute>
</attributes>
<identifiers itemClass="oracle.dbtools.crest.model.design.logical.CandidateKey">
<identifier id="43CC7784-A2AC-7596-3DF7-8AEFCE12582D" name="r_transaction_operation PK">
<createdBy>muchd</createdBy>
<createdTime>2022-12-17 12:01:40 UTC</createdTime>
<ownerDesignName>bank_warehouse</ownerDesignName>
<shouldEngineer>false</shouldEngineer>
<engineerTo>
<item key="1BED09E0-D6CD-53FA-3333-91B810489950" value="false"/>
</engineerTo>
<pk>true</pk>
<usedAttributes>
<attributeRef>62F3A1A5-EED5-153D-54D6-1623F111B5BC</attributeRef>
</usedAttributes>
</identifier>
</identifiers>
</Entity>
