<?xml version = '1.0' encoding = 'UTF-8'?>
<Entity class="oracle.dbtools.crest.model.design.logical.Entity" directorySegmentName="seg_0" id="D37CA140-83A7-3A43-B8C7-13183970B716" name="l_client_demographic">
<createdBy>muchd</createdBy>
<createdTime>2022-12-12 20:53:19 UTC</createdTime>
<ownerDesignName>bank_warehouse</ownerDesignName>
<engineerTo>
<item key="1BD13AEE-1063-81AC-D3FC-7E6CC74F173A" value="true"/>
</engineerTo>
<typeID>B4C8898A-B011-940E-1A19-34BE7202E980</typeID>
<adequatelyNormalized>NO</adequatelyNormalized>
<expectedVolumes>0</expectedVolumes>
<fwdEngineeringStrategyName>Single Table</fwdEngineeringStrategyName>
<growthPercent>0</growthPercent>
<growthType>Year</growthType>
<maxVolumes>9999999</maxVolumes>
<minVolumes>0</minVolumes>
<normalForm>Third</normalForm>
<createSurrogateKey>true</createSurrogateKey>
<attributes itemClass="oracle.dbtools.crest.model.design.logical.Attribute">
<Attribute name="id" id="B2D53CA4-CE44-FC57-B2A5-75504A875354">
<createdBy>muchd</createdBy>
<createdTime>2023-01-25 22:19:41 UTC</createdTime>
<ownerDesignName>bank_warehouse</ownerDesignName>
<engineerTo>
<item key="1BD13AEE-1063-81AC-D3FC-7E6CC74F173A" value="true"/>
</engineerTo>
<useDomainConstraints>false</useDomainConstraints>
<use>1</use>
<logicalDatatype>LOGDT027</logicalDatatype>
<ownDataTypeParameters>,,</ownDataTypeParameters>
</Attribute>
<Attribute name="loaded_at" id="1E7C8983-9CBE-8DD8-C34D-F4FF9CBA858A">
<createdBy>muchd</createdBy>
<createdTime>2022-12-12 20:53:19 UTC</createdTime>
<ownerDesignName>bank_warehouse</ownerDesignName>
<importedID>CF4D103B-A3BB-17C4-A9ED-D1D6CCFBC6CA</importedID>
<engineerTo>
<item key="1BD13AEE-1063-81AC-D3FC-7E6CC74F173A" value="true"/>
</engineerTo>
<useDomainConstraints>false</useDomainConstraints>
<use>1</use>
<logicalDatatype>LOGDT008</logicalDatatype>
<ownDataTypeParameters>,,</ownDataTypeParameters>
</Attribute>
<Attribute name="source" id="6A57F4B4-04B7-987A-CCA0-F9BC715D8567">
<createdBy>muchd</createdBy>
<createdTime>2022-12-12 20:53:19 UTC</createdTime>
<ownerDesignName>bank_warehouse</ownerDesignName>
<importedID>68029782-C8A4-00A1-5973-FFF7B8F184CE</importedID>
<engineerTo>
<item key="1BD13AEE-1063-81AC-D3FC-7E6CC74F173A" value="true"/>
</engineerTo>
<useDomainConstraints>false</useDomainConstraints>
<use>1</use>
<logicalDatatype>LOGDT024</logicalDatatype>
<dataTypeSize>50 CHAR</dataTypeSize>
<ownDataTypeParameters>50 CHAR,,</ownDataTypeParameters>
</Attribute>
<Attribute name="client_id" id="8A8B1E35-D6E7-30DB-A03A-7944EC6F8A15">
<createdBy>muchd</createdBy>
<createdTime>2022-12-12 21:29:17 UTC</createdTime>
<generatorID>7D941497-D345-DEB1-F607-FC765AE182D6</generatorID>
<ownerDesignName>bank_warehouse</ownerDesignName>
<engineerTo>
<item key="1BD13AEE-1063-81AC-D3FC-7E6CC74F173A" value="true"/>
</engineerTo>
<referedAttribute>75CDE82B-2A83-0DD0-7F13-BD125CEF8E20</referedAttribute>
<useDomainConstraints>false</useDomainConstraints>
<use>1</use>
<logicalDatatype>LOGDT027</logicalDatatype>
<ownDataTypeParameters>,,</ownDataTypeParameters>
</Attribute>
<Attribute name="demographic_id" id="E553A36D-2CFC-470F-8D52-B8D563A5D0BC">
<createdBy>muchd</createdBy>
<createdTime>2023-01-28 23:19:22 UTC</createdTime>
<generatorID>622497DF-66C6-4399-CD7B-C39C3FDC5AAA</generatorID>
<ownerDesignName>bank_warehouse</ownerDesignName>
<engineerTo>
<item key="1BD13AEE-1063-81AC-D3FC-7E6CC74F173A" value="true"/>
</engineerTo>
<referedAttribute>DC8963D1-3FE1-3678-7D59-3FCCF9A8F7F3</referedAttribute>
<useDomainConstraints>false</useDomainConstraints>
<use>1</use>
<logicalDatatype>LOGDT027</logicalDatatype>
<ownDataTypeParameters>,,</ownDataTypeParameters>
</Attribute>
</attributes>
<identifiers itemClass="oracle.dbtools.crest.model.design.logical.CandidateKey">
<identifier id="CBFC832F-B975-E9F8-2191-23F9494106A8" name="l_client_demographic PK">
<createdBy>muchd</createdBy>
<createdTime>2023-01-25 22:19:48 UTC</createdTime>
<ownerDesignName>bank_warehouse</ownerDesignName>
<engineerTo>
<item key="1BD13AEE-1063-81AC-D3FC-7E6CC74F173A" value="true"/>
</engineerTo>
<pk>true</pk>
<usedAttributes>
<attributeRef>B2D53CA4-CE44-FC57-B2A5-75504A875354</attributeRef>
</usedAttributes>
</identifier>
</identifiers>
</Entity>
