<?xml version = '1.0' encoding = 'UTF-8'?>
<Entity class="oracle.dbtools.crest.model.design.logical.Entity" directorySegmentName="seg_0" id="D7ADE293-2A61-FC94-2334-BD6615BD548C" name="s_permanent_order">
<createdBy>muchd</createdBy>
<createdTime>2022-12-12 22:49:07 UTC</createdTime>
<ownerDesignName>bank_warehouse</ownerDesignName>
<engineerTo>
<item key="1BED09E0-D6CD-53FA-3333-91B810489950" value="true"/>
</engineerTo>
<typeID>4291E4CC-656F-6204-5281-D1D39858EBFC</typeID>
<adequatelyNormalized>NO</adequatelyNormalized>
<expectedVolumes>0</expectedVolumes>
<fwdEngineeringStrategyName>Single Table</fwdEngineeringStrategyName>
<growthPercent>0</growthPercent>
<growthType>Year</growthType>
<maxVolumes>9999999</maxVolumes>
<minVolumes>0</minVolumes>
<normalForm>Third</normalForm>
<attributes itemClass="oracle.dbtools.crest.model.design.logical.Attribute">
<Attribute name="permanent_order_id" id="12705431-7B06-9895-F09D-A6C894F8B55C">
<createdBy>muchd</createdBy>
<createdTime>2022-12-17 11:58:56 UTC</createdTime>
<generatorID>0CE0C282-5198-6E7C-7AE2-B3305BBAC15B</generatorID>
<ownerDesignName>bank_warehouse</ownerDesignName>
<engineerTo>
<item key="1BED09E0-D6CD-53FA-3333-91B810489950" value="true"/>
</engineerTo>
<referedAttribute>F2ADD2C5-AD3D-0E78-6D01-93503573834E</referedAttribute>
<useDomainConstraints>false</useDomainConstraints>
<use>1</use>
<logicalDatatype>LOGDT027</logicalDatatype>
<ownDataTypeParameters>,,</ownDataTypeParameters>
</Attribute>
<Attribute name="loaded_at" id="8697D121-CF3A-3E82-C02A-F0CA631F2A01">
<createdBy>muchd</createdBy>
<createdTime>2022-12-12 22:49:07 UTC</createdTime>
<ownerDesignName>bank_warehouse</ownerDesignName>
<engineerTo>
<item key="1BED09E0-D6CD-53FA-3333-91B810489950" value="true"/>
</engineerTo>
<useDomainConstraints>false</useDomainConstraints>
<use>1</use>
<logicalDatatype>LOGDT008</logicalDatatype>
<ownDataTypeParameters>,,</ownDataTypeParameters>
</Attribute>
<Attribute name="source" id="5E11E0F5-6FBA-F0A0-50C4-A3CFE1712368">
<createdBy>muchd</createdBy>
<createdTime>2022-12-12 22:49:07 UTC</createdTime>
<ownerDesignName>bank_warehouse</ownerDesignName>
<engineerTo>
<item key="1BED09E0-D6CD-53FA-3333-91B810489950" value="true"/>
</engineerTo>
<useDomainConstraints>false</useDomainConstraints>
<use>1</use>
<logicalDatatype>LOGDT024</logicalDatatype>
<dataTypeSize>50 CHAR</dataTypeSize>
<ownDataTypeParameters>50 CHAR,,</ownDataTypeParameters>
</Attribute>
<Attribute name="partner" id="31CD1A20-6235-5DBE-7E75-5A9107A67E79">
<createdBy>muchd</createdBy>
<createdTime>2022-12-12 22:49:07 UTC</createdTime>
<ownerDesignName>bank_warehouse</ownerDesignName>
<engineerTo>
<item key="1BED09E0-D6CD-53FA-3333-91B810489950" value="true"/>
</engineerTo>
<nullsAllowed>true</nullsAllowed>
<useDomainConstraints>false</useDomainConstraints>
<use>1</use>
<logicalDatatype>LOGDT027</logicalDatatype>
<ownDataTypeParameters>,,</ownDataTypeParameters>
</Attribute>
<Attribute name="amount" id="3FE8E600-45CD-468E-68A6-98D2DFB8A74A">
<createdBy>muchd</createdBy>
<createdTime>2022-12-12 22:49:07 UTC</createdTime>
<ownerDesignName>bank_warehouse</ownerDesignName>
<engineerTo>
<item key="1BED09E0-D6CD-53FA-3333-91B810489950" value="true"/>
</engineerTo>
<nullsAllowed>true</nullsAllowed>
<useDomainConstraints>false</useDomainConstraints>
<use>1</use>
<logicalDatatype>LOGDT026</logicalDatatype>
<ownDataTypeParameters>,,</ownDataTypeParameters>
</Attribute>
<Attribute name="k_symbol" id="5B056968-C653-AF88-4F37-DB904187E55B">
<createdBy>muchd</createdBy>
<createdTime>2022-12-12 22:49:07 UTC</createdTime>
<ownerDesignName>bank_warehouse</ownerDesignName>
<engineerTo>
<item key="1BED09E0-D6CD-53FA-3333-91B810489950" value="true"/>
</engineerTo>
<nullsAllowed>true</nullsAllowed>
<useDomainConstraints>false</useDomainConstraints>
<use>1</use>
<logicalDatatype>LOGDT011</logicalDatatype>
<ownDataTypeParameters>,,</ownDataTypeParameters>
</Attribute>
</attributes>
<identifiers itemClass="oracle.dbtools.crest.model.design.logical.CandidateKey">
<identifier id="CC39B649-AD4B-23A0-F036-F292137E851A" name="s_permanent_order PK">
<createdBy>muchd</createdBy>
<createdTime>2022-12-12 22:49:07 UTC</createdTime>
<ownerDesignName>bank_warehouse</ownerDesignName>
<shouldEngineer>false</shouldEngineer>
<engineerTo>
<item key="1BED09E0-D6CD-53FA-3333-91B810489950" value="false"/>
</engineerTo>
<pk>true</pk>
<newElementsIDs>8697D121-CF3A-3E82-C02A-F0CA631F2A01,0CE0C282-5198-6E7C-7AE2-B3305BBAC15B</newElementsIDs>
<usedAttributes>
<attributeRef>8697D121-CF3A-3E82-C02A-F0CA631F2A01</attributeRef>
<attributeRef>12705431-7B06-9895-F09D-A6C894F8B55C</attributeRef>
</usedAttributes>
</identifier>
</identifiers>
</Entity>
