<?xml version = '1.0' encoding = 'UTF-8'?>
<Entity class="oracle.dbtools.crest.model.design.logical.Entity" directorySegmentName="seg_0" id="DAA4FAF2-8485-C360-2BAB-48CABFDFA40F" name="l_account_loan">
<createdBy>muchd</createdBy>
<createdTime>2022-12-12 22:43:12 UTC</createdTime>
<ownerDesignName>bank_warehouse</ownerDesignName>
<engineerTo>
<item key="1BED09E0-D6CD-53FA-3333-91B810489950" value="true"/>
</engineerTo>
<typeID>B4C8898A-B011-940E-1A19-34BE7202E980</typeID>
<adequatelyNormalized>NO</adequatelyNormalized>
<expectedVolumes>0</expectedVolumes>
<fwdEngineeringStrategyName>Single Table</fwdEngineeringStrategyName>
<growthPercent>0</growthPercent>
<growthType>Year</growthType>
<maxVolumes>9999999</maxVolumes>
<minVolumes>0</minVolumes>
<normalForm>Third</normalForm>
<attributes itemClass="oracle.dbtools.crest.model.design.logical.Attribute">
<Attribute name="id" id="1AF75880-7D19-8EDD-8BFB-C9387A55093A">
<createdBy>muchd</createdBy>
<createdTime>2022-12-12 22:43:12 UTC</createdTime>
<ownerDesignName>bank_warehouse</ownerDesignName>
<engineerTo>
<item key="1BED09E0-D6CD-53FA-3333-91B810489950" value="true"/>
</engineerTo>
<useDomainConstraints>false</useDomainConstraints>
<use>1</use>
<logicalDatatype>LOGDT027</logicalDatatype>
<ownDataTypeParameters>,,</ownDataTypeParameters>
</Attribute>
<Attribute name="loaded_at" id="98C24011-8E65-5C28-6C62-0AB1DFCC19D8">
<createdBy>muchd</createdBy>
<createdTime>2022-12-12 22:43:12 UTC</createdTime>
<ownerDesignName>bank_warehouse</ownerDesignName>
<engineerTo>
<item key="1BED09E0-D6CD-53FA-3333-91B810489950" value="true"/>
</engineerTo>
<useDomainConstraints>false</useDomainConstraints>
<use>1</use>
<logicalDatatype>LOGDT008</logicalDatatype>
<ownDataTypeParameters>,,</ownDataTypeParameters>
</Attribute>
<Attribute name="source" id="D4A3CF39-9109-D704-55CB-7B41882CDB79">
<createdBy>muchd</createdBy>
<createdTime>2022-12-12 22:43:12 UTC</createdTime>
<ownerDesignName>bank_warehouse</ownerDesignName>
<engineerTo>
<item key="1BED09E0-D6CD-53FA-3333-91B810489950" value="true"/>
</engineerTo>
<useDomainConstraints>false</useDomainConstraints>
<use>1</use>
<logicalDatatype>LOGDT024</logicalDatatype>
<dataTypeSize>50 CHAR</dataTypeSize>
<ownDataTypeParameters>50 CHAR,,</ownDataTypeParameters>
</Attribute>
<Attribute name="loan_id" id="6CE6A12D-ECD4-A443-DFE1-DB3381F1E53E">
<createdBy>muchd</createdBy>
<createdTime>2022-12-12 22:45:26 UTC</createdTime>
<generatorID>060E27BB-CD04-0199-D5E4-B0A187C0AB31</generatorID>
<ownerDesignName>bank_warehouse</ownerDesignName>
<engineerTo>
<item key="1BED09E0-D6CD-53FA-3333-91B810489950" value="true"/>
</engineerTo>
<referedAttribute>0833841F-25E2-D1D2-4D51-59BEFF3A71A0</referedAttribute>
<useDomainConstraints>false</useDomainConstraints>
<use>1</use>
<logicalDatatype>LOGDT027</logicalDatatype>
<ownDataTypeParameters>,,</ownDataTypeParameters>
</Attribute>
<Attribute name="account_id" id="D4707D07-F885-A60D-D641-156CEBFE66EF">
<createdBy>muchd</createdBy>
<createdTime>2022-12-28 09:01:59 UTC</createdTime>
<generatorID>36020ABC-363A-B7DB-E93C-FD5225E10842</generatorID>
<ownerDesignName>bank_warehouse</ownerDesignName>
<engineerTo>
<item key="1BED09E0-D6CD-53FA-3333-91B810489950" value="true"/>
</engineerTo>
<referedAttribute>A2992524-7242-FD33-8597-457B95D71F99</referedAttribute>
<useDomainConstraints>false</useDomainConstraints>
<use>1</use>
<logicalDatatype>LOGDT027</logicalDatatype>
<ownDataTypeParameters>,,</ownDataTypeParameters>
</Attribute>
</attributes>
<identifiers itemClass="oracle.dbtools.crest.model.design.logical.CandidateKey">
<identifier id="5AA4FC5E-80ED-F07B-13C7-5096D3BE9230" name="l_account_loan PK">
<createdBy>muchd</createdBy>
<createdTime>2022-12-17 12:25:50 UTC</createdTime>
<ownerDesignName>bank_warehouse</ownerDesignName>
<shouldEngineer>false</shouldEngineer>
<engineerTo>
<item key="1BED09E0-D6CD-53FA-3333-91B810489950" value="false"/>
</engineerTo>
<pk>true</pk>
<newElementsIDs>1AF75880-7D19-8EDD-8BFB-C9387A55093A</newElementsIDs>
<usedAttributes>
<attributeRef>1AF75880-7D19-8EDD-8BFB-C9387A55093A</attributeRef>
</usedAttributes>
</identifier>
</identifiers>
</Entity>
