<?xml version = '1.0' encoding = 'UTF-8'?>
<Entity class="oracle.dbtools.crest.model.design.logical.Entity" directorySegmentName="seg_0" id="E4B10FF7-9727-8BD7-8151-76C32387F9D1" name="h_credit_card">
<createdBy>muchd</createdBy>
<createdTime>2022-12-12 20:53:19 UTC</createdTime>
<ownerDesignName>bank_warehouse</ownerDesignName>
<engineerTo>
<item key="E975F7EC-B90C-029D-F793-FCAB0B1A3EA5" value="true"/>
</engineerTo>
<typeID>6484D025-4DE6-F975-DECA-3A9FFEB06A1F</typeID>
<adequatelyNormalized>NO</adequatelyNormalized>
<expectedVolumes>0</expectedVolumes>
<fwdEngineeringStrategyName>Single Table</fwdEngineeringStrategyName>
<growthPercent>0</growthPercent>
<growthType>Year</growthType>
<maxVolumes>9999999</maxVolumes>
<minVolumes>0</minVolumes>
<normalForm>Third</normalForm>
<attributes itemClass="oracle.dbtools.crest.model.design.logical.Attribute">
<Attribute name="id" id="13320A3C-371E-9565-A8EA-A2B38DB1B020">
<createdBy>muchd</createdBy>
<createdTime>2022-12-12 22:12:36 UTC</createdTime>
<ownerDesignName>bank_warehouse</ownerDesignName>
<engineerTo>
<item key="E975F7EC-B90C-029D-F793-FCAB0B1A3EA5" value="true"/>
</engineerTo>
<useDomainConstraints>false</useDomainConstraints>
<use>1</use>
<logicalDatatype>LOGDT027</logicalDatatype>
<ownDataTypeParameters>,,</ownDataTypeParameters>
</Attribute>
<Attribute name="loaded_at" id="F6AC0606-B814-723B-6BC9-22672B8C9CD6">
<createdBy>muchd</createdBy>
<createdTime>2022-12-12 20:53:19 UTC</createdTime>
<ownerDesignName>bank_warehouse</ownerDesignName>
<importedID>9EBDCB98-6EC0-A6FD-8CFD-AB3AA062243C</importedID>
<engineerTo>
<item key="E975F7EC-B90C-029D-F793-FCAB0B1A3EA5" value="true"/>
</engineerTo>
<useDomainConstraints>false</useDomainConstraints>
<use>1</use>
<logicalDatatype>LOGDT008</logicalDatatype>
<ownDataTypeParameters>,,</ownDataTypeParameters>
</Attribute>
<Attribute name="source" id="1F220384-EC6F-853A-A6E8-5B32FE2031B5">
<createdBy>muchd</createdBy>
<createdTime>2022-12-12 22:12:52 UTC</createdTime>
<ownerDesignName>bank_warehouse</ownerDesignName>
<engineerTo>
<item key="E975F7EC-B90C-029D-F793-FCAB0B1A3EA5" value="true"/>
</engineerTo>
<nullsAllowed>true</nullsAllowed>
<useDomainConstraints>false</useDomainConstraints>
<use>1</use>
<logicalDatatype>LOGDT024</logicalDatatype>
<dataTypeSize>50 CHAR</dataTypeSize>
<ownDataTypeParameters>50 CHAR,,</ownDataTypeParameters>
</Attribute>
<Attribute name="card_id" id="51CD48AB-F592-5EDD-DDAF-770E58762C9F">
<createdBy>muchd</createdBy>
<createdTime>2022-12-12 20:53:19 UTC</createdTime>
<ownerDesignName>bank_warehouse</ownerDesignName>
<importedID>80960229-7314-C8B0-7E32-479CD208068E</importedID>
<engineerTo>
<item key="E975F7EC-B90C-029D-F793-FCAB0B1A3EA5" value="true"/>
</engineerTo>
<useDomainConstraints>false</useDomainConstraints>
<use>1</use>
<logicalDatatype>LOGDT027</logicalDatatype>
<ownDataTypeParameters>,,</ownDataTypeParameters>
</Attribute>
</attributes>
<identifiers itemClass="oracle.dbtools.crest.model.design.logical.CandidateKey">
<identifier id="C792DB45-1262-2720-F551-C30786795738" name="h_credit_card PK">
<createdBy>muchd</createdBy>
<createdTime>2022-12-12 20:53:19 UTC</createdTime>
<ownerDesignName>bank_warehouse</ownerDesignName>
<engineerTo>
<item key="E975F7EC-B90C-029D-F793-FCAB0B1A3EA5" value="true"/>
</engineerTo>
<pk>true</pk>
<newElementsIDs>13320A3C-371E-9565-A8EA-A2B38DB1B020</newElementsIDs>
<usedAttributes>
<attributeRef>13320A3C-371E-9565-A8EA-A2B38DB1B020</attributeRef>
</usedAttributes>
</identifier>
</identifiers>
</Entity>
