<?xml version = '1.0' encoding = 'UTF-8'?>
<Entity class="oracle.dbtools.crest.model.design.logical.Entity" directorySegmentName="seg_0" id="F41F0EF1-6021-F710-96AB-F890862F4E43" name="l_account_permanent_order">
<createdBy>muchd</createdBy>
<createdTime>2022-12-12 22:49:10 UTC</createdTime>
<ownerDesignName>bank_warehouse</ownerDesignName>
<engineerTo>
<item key="1BED09E0-D6CD-53FA-3333-91B810489950" value="true"/>
</engineerTo>
<typeID>B4C8898A-B011-940E-1A19-34BE7202E980</typeID>
<adequatelyNormalized>NO</adequatelyNormalized>
<expectedVolumes>0</expectedVolumes>
<fwdEngineeringStrategyName>Single Table</fwdEngineeringStrategyName>
<growthPercent>0</growthPercent>
<growthType>Year</growthType>
<maxVolumes>9999999</maxVolumes>
<minVolumes>0</minVolumes>
<normalForm>Third</normalForm>
<attributes itemClass="oracle.dbtools.crest.model.design.logical.Attribute">
<Attribute name="id" id="EC2EDA94-D399-9613-83B8-0A74279B4EC0">
<createdBy>muchd</createdBy>
<createdTime>2022-12-12 22:49:10 UTC</createdTime>
<ownerDesignName>bank_warehouse</ownerDesignName>
<engineerTo>
<item key="1BED09E0-D6CD-53FA-3333-91B810489950" value="true"/>
</engineerTo>
<useDomainConstraints>false</useDomainConstraints>
<use>1</use>
<logicalDatatype>LOGDT027</logicalDatatype>
<ownDataTypeParameters>,,</ownDataTypeParameters>
</Attribute>
<Attribute name="loaded_at" id="04A6751C-A97C-AC22-4DFE-FC22EFDD33F4">
<createdBy>muchd</createdBy>
<createdTime>2022-12-12 22:49:10 UTC</createdTime>
<ownerDesignName>bank_warehouse</ownerDesignName>
<engineerTo>
<item key="1BED09E0-D6CD-53FA-3333-91B810489950" value="true"/>
</engineerTo>
<useDomainConstraints>false</useDomainConstraints>
<use>1</use>
<logicalDatatype>LOGDT008</logicalDatatype>
<ownDataTypeParameters>,,</ownDataTypeParameters>
</Attribute>
<Attribute name="source" id="C24A3F04-2BE0-03CD-BC40-104D13C55C7D">
<createdBy>muchd</createdBy>
<createdTime>2022-12-12 22:49:10 UTC</createdTime>
<ownerDesignName>bank_warehouse</ownerDesignName>
<engineerTo>
<item key="1BED09E0-D6CD-53FA-3333-91B810489950" value="true"/>
</engineerTo>
<useDomainConstraints>false</useDomainConstraints>
<use>1</use>
<logicalDatatype>LOGDT024</logicalDatatype>
<dataTypeSize>50 CHAR</dataTypeSize>
<ownDataTypeParameters>50 CHAR,,</ownDataTypeParameters>
</Attribute>
<Attribute name="permanent_order_id" id="36424651-E2F1-43E0-3D82-B47B7455284E">
<createdBy>muchd</createdBy>
<createdTime>2022-12-17 11:58:56 UTC</createdTime>
<generatorID>298D6470-935C-8B90-6647-0D2FF2C52952</generatorID>
<ownerDesignName>bank_warehouse</ownerDesignName>
<engineerTo>
<item key="1BED09E0-D6CD-53FA-3333-91B810489950" value="true"/>
</engineerTo>
<referedAttribute>F2ADD2C5-AD3D-0E78-6D01-93503573834E</referedAttribute>
<useDomainConstraints>false</useDomainConstraints>
<use>1</use>
<logicalDatatype>LOGDT027</logicalDatatype>
<ownDataTypeParameters>,,</ownDataTypeParameters>
</Attribute>
<Attribute name="account_id" id="4402F0EB-C065-37A1-F940-FD0A3BCC654C">
<createdBy>muchd</createdBy>
<createdTime>2022-12-17 12:25:47 UTC</createdTime>
<generatorID>11ECB0AB-7B9F-EEBA-D938-6FEDE75F3E16</generatorID>
<ownerDesignName>bank_warehouse</ownerDesignName>
<engineerTo>
<item key="1BED09E0-D6CD-53FA-3333-91B810489950" value="true"/>
</engineerTo>
<referedAttribute>A2992524-7242-FD33-8597-457B95D71F99</referedAttribute>
<useDomainConstraints>false</useDomainConstraints>
<use>1</use>
<logicalDatatype>LOGDT027</logicalDatatype>
<ownDataTypeParameters>,,</ownDataTypeParameters>
</Attribute>
</attributes>
<identifiers itemClass="oracle.dbtools.crest.model.design.logical.CandidateKey">
<identifier id="83202611-6235-7F8E-FBAC-0FE14B8AC410" name="l_account_permanent_order PK">
<createdBy>muchd</createdBy>
<createdTime>2022-12-17 12:28:50 UTC</createdTime>
<ownerDesignName>bank_warehouse</ownerDesignName>
<shouldEngineer>false</shouldEngineer>
<engineerTo>
<item key="1BED09E0-D6CD-53FA-3333-91B810489950" value="false"/>
</engineerTo>
<pk>true</pk>
<usedAttributes>
<attributeRef>EC2EDA94-D399-9613-83B8-0A74279B4EC0</attributeRef>
</usedAttributes>
</identifier>
</identifiers>
</Entity>
