<?xml version = '1.0' encoding = 'UTF-8'?>
<Table class="oracle.dbtools.crest.model.design.relational.Table" directorySegmentName="seg_0" id="172D9817-391D-65ED-70BF-C068679608AB" name="f_client">
<createdBy>muchd</createdBy>
<createdTime>2023-01-28 22:57:17 UTC</createdTime>
<generatorID>0D921FC5-57BA-C783-71BE-17AD85735CE2</generatorID>
<ownerDesignName>bank_dimension</ownerDesignName>
<typeID>1</typeID>
<allowColumnReorder>false</allowColumnReorder>
<existDependencyGenerateInDDl>true</existDependencyGenerateInDDl>
<parsed>true</parsed>
<columns itemClass="oracle.dbtools.crest.model.design.relational.Column">
<Column name="district_id" id="DA0A3A2A-1EDD-654C-F5E8-27928AFAF620">
<createdBy>muchd</createdBy>
<createdTime>2023-01-28 22:57:17 UTC</createdTime>
<generatorID>930B4AA3-7CB8-0D3B-D609-8DEE14C366D8</generatorID>
<ownerDesignName>bank_dimension</ownerDesignName>
<useDomainConstraints>false</useDomainConstraints>
<use>1</use>
<logicalDatatype>LOGDT027</logicalDatatype>
<ownDataTypeParameters>,,</ownDataTypeParameters>
<previousColumn>false</previousColumn>
<autoIncrementCycle>false</autoIncrementCycle>
<associations>
<colAssociation fkAssociation="995D883E-3479-D11B-A933-B29D5F201870" referredColumn="6DF21DF2-BA35-5246-4792-E43F9E31B7AB"/>
</associations>
</Column>
<Column name="client_id" id="FD88EA8C-6859-9E2B-4E98-75A18B7527E6">
<createdBy>muchd</createdBy>
<createdTime>2023-01-28 22:57:17 UTC</createdTime>
<generatorID>8D9FA185-B124-A9B7-D622-E49115E11F9D</generatorID>
<ownerDesignName>bank_dimension</ownerDesignName>
<useDomainConstraints>false</useDomainConstraints>
<use>1</use>
<logicalDatatype>LOGDT027</logicalDatatype>
<ownDataTypeParameters>,,</ownDataTypeParameters>
<previousColumn>false</previousColumn>
<autoIncrementCycle>false</autoIncrementCycle>
<associations>
<colAssociation fkAssociation="7BFCC212-9CB4-9610-8304-E4B8C287EA85" referredColumn="BDFBC7BF-5941-8D9D-9D3B-82084702652C"/>
</associations>
</Column>
</columns>
<indexes itemClass="oracle.dbtools.crest.model.design.relational.Index">
<ind_PK_UK id="58B5AB55-8770-EE8E-FA85-4DD9C952DC51" name="f_client_PK">
<createdBy>muchd</createdBy>
<createdTime>2023-01-28 22:57:17 UTC</createdTime>
<generatorID>C208252C-3AA5-77D6-E25E-5D41EC08949F</generatorID>
<ownerDesignName>bank_dimension</ownerDesignName>
<pk>true</pk>
<indexState>Primary Constraint</indexState>
<isSurrogateKey>false</isSurrogateKey>
<indexColumnUsage>
<colUsage columnID="DA0A3A2A-1EDD-654C-F5E8-27928AFAF620"/>
<colUsage columnID="FD88EA8C-6859-9E2B-4E98-75A18B7527E6"/>
</indexColumnUsage>
</ind_PK_UK>
<ind_PK_UK id="DBC253E7-6248-2B62-D2C9-7BA63D34173D" name="f_client__IDX">
<createdBy>muchd</createdBy>
<createdTime>2023-01-28 22:58:50 UTC</createdTime>
<ownerDesignName>bank_dimension</ownerDesignName>
<isSurrogateKey>false</isSurrogateKey>
<indexColumnUsage>
<colUsage columnID="DA0A3A2A-1EDD-654C-F5E8-27928AFAF620"/>
<colUsage columnID="FD88EA8C-6859-9E2B-4E98-75A18B7527E6"/>
</indexColumnUsage>
</ind_PK_UK>
<ind_PK_UK id="D2913EF8-5DCC-50B5-E66B-42633728D2BC" name="f_client_d_client_FK">
<createdBy>muchd</createdBy>
<createdTime>2023-01-28 22:57:17 UTC</createdTime>
<generatorID>08317A4B-0D9A-81D8-98CF-7138AF3E9B4D</generatorID>
<ownerDesignName>bank_dimension</ownerDesignName>
<indexState>Foreign Key</indexState>
<isSurrogateKey>false</isSurrogateKey>
<indexColumnUsage>
<colUsage columnID="FD88EA8C-6859-9E2B-4E98-75A18B7527E6"/>
</indexColumnUsage>
</ind_PK_UK>
<ind_PK_UK id="08E8646A-113B-A1E5-BEA7-70C3186B4F65" name="f_client_d_demographic_FK">
<createdBy>muchd</createdBy>
<createdTime>2023-01-28 22:57:17 UTC</createdTime>
<generatorID>33718994-EEE1-7DCF-830A-A5D6F29061FC</generatorID>
<ownerDesignName>bank_dimension</ownerDesignName>
<indexState>Foreign Key</indexState>
<isSurrogateKey>false</isSurrogateKey>
<indexColumnUsage>
<colUsage columnID="DA0A3A2A-1EDD-654C-F5E8-27928AFAF620"/>
</indexColumnUsage>
</ind_PK_UK>
</indexes>
</Table>
