<?xml version = '1.0' encoding = 'UTF-8'?>
<Table class="oracle.dbtools.crest.model.design.relational.Table" directorySegmentName="seg_0" id="2436C665-7AB0-0FE5-CE5D-EE5008817E81" name="d_disposition_type">
<createdBy>muchd</createdBy>
<createdTime>2023-01-28 22:57:17 UTC</createdTime>
<generatorID>77CEF3D3-D393-7BD8-D870-CCC6A2C21B69</generatorID>
<ownerDesignName>bank_dimension</ownerDesignName>
<typeID>2</typeID>
<allowColumnReorder>false</allowColumnReorder>
<existDependencyGenerateInDDl>true</existDependencyGenerateInDDl>
<parsed>true</parsed>
<columns itemClass="oracle.dbtools.crest.model.design.relational.Column">
<Column name="id" id="54101916-BB6A-352C-8B0C-A8F47A7D8E9A">
<createdBy>muchd</createdBy>
<createdTime>2023-01-28 22:57:17 UTC</createdTime>
<generatorID>F1838FA1-70EC-0227-A637-220DF36748AF</generatorID>
<ownerDesignName>bank_dimension</ownerDesignName>
<useDomainConstraints>false</useDomainConstraints>
<use>1</use>
<logicalDatatype>LOGDT011</logicalDatatype>
<ownDataTypeParameters>,,</ownDataTypeParameters>
<autoIncrementCycle>false</autoIncrementCycle>
</Column>
<Column name="value" id="4F6F8FE9-1D1E-D194-5459-8F50AE1A9311">
<createdBy>muchd</createdBy>
<createdTime>2023-01-28 22:57:17 UTC</createdTime>
<generatorID>6FE5D90A-B2B6-D4FD-18E6-09542E16A11C</generatorID>
<ownerDesignName>bank_dimension</ownerDesignName>
<useDomainConstraints>false</useDomainConstraints>
<use>1</use>
<logicalDatatype>LOGDT024</logicalDatatype>
<dataTypeSize>10 CHAR</dataTypeSize>
<ownDataTypeParameters>10 CHAR,,</ownDataTypeParameters>
<autoIncrementCycle>false</autoIncrementCycle>
</Column>
</columns>
<indexes itemClass="oracle.dbtools.crest.model.design.relational.Index">
<ind_PK_UK id="EE45412A-DFDD-907A-6651-6C49E6688572" name="d_disposition_type_PK">
<createdBy>muchd</createdBy>
<createdTime>2023-01-28 22:57:17 UTC</createdTime>
<generatorID>104A6862-19E4-A795-E9BD-3C28A6F62EE3</generatorID>
<ownerDesignName>bank_dimension</ownerDesignName>
<pk>true</pk>
<indexState>Primary Constraint</indexState>
<isSurrogateKey>false</isSurrogateKey>
<indexColumnUsage>
<colUsage columnID="54101916-BB6A-352C-8B0C-A8F47A7D8E9A"/>
</indexColumnUsage>
</ind_PK_UK>
<ind_PK_UK id="F032D1C4-8139-886F-F5DD-C952873EED59" name="d_disposition_type__IDX">
<createdBy>muchd</createdBy>
<createdTime>2023-01-28 22:59:19 UTC</createdTime>
<ownerDesignName>bank_dimension</ownerDesignName>
<isSurrogateKey>false</isSurrogateKey>
<indexColumnUsage>
<colUsage columnID="54101916-BB6A-352C-8B0C-A8F47A7D8E9A"/>
</indexColumnUsage>
</ind_PK_UK>
</indexes>
</Table>
