<?xml version = '1.0' encoding = 'UTF-8'?>
<Table class="oracle.dbtools.crest.model.design.relational.Table" directorySegmentName="seg_0" id="548C0DEB-EE05-AE96-B673-7C94C5177FB2" name="d_time">
<createdBy>muchd</createdBy>
<createdTime>2023-01-28 22:57:17 UTC</createdTime>
<generatorID>C0AAAE12-7565-96A2-00CC-305D66FC7369</generatorID>
<ownerDesignName>bank_dimension</ownerDesignName>
<typeID>2</typeID>
<allowColumnReorder>false</allowColumnReorder>
<existDependencyGenerateInDDl>true</existDependencyGenerateInDDl>
<parsed>true</parsed>
<columns itemClass="oracle.dbtools.crest.model.design.relational.Column">
<Column name="id" id="4B321434-CEC5-72C1-C6B3-46A2B2D943AC">
<createdBy>muchd</createdBy>
<createdTime>2023-01-28 22:57:17 UTC</createdTime>
<generatorID>5FCBF8AE-D88C-5FA2-D12F-2B0A15ED48DC</generatorID>
<ownerDesignName>bank_dimension</ownerDesignName>
<useDomainConstraints>false</useDomainConstraints>
<use>1</use>
<logicalDatatype>LOGDT027</logicalDatatype>
<ownDataTypeParameters>,,</ownDataTypeParameters>
<autoIncrementCycle>false</autoIncrementCycle>
</Column>
<Column name="hour" id="AC82CC98-348A-C4A1-2EF2-6A6EA53C8A84">
<createdBy>muchd</createdBy>
<createdTime>2023-01-28 22:57:17 UTC</createdTime>
<generatorID>10F1B73C-C357-3F3C-B082-F4F081C84669</generatorID>
<ownerDesignName>bank_dimension</ownerDesignName>
<nullsAllowed>true</nullsAllowed>
<useDomainConstraints>false</useDomainConstraints>
<use>1</use>
<logicalDatatype>LOGDT042</logicalDatatype>
<ownDataTypeParameters>,,</ownDataTypeParameters>
<autoIncrementCycle>false</autoIncrementCycle>
</Column>
<Column name="minute" id="846711B5-9B11-429B-D975-9FD77B917B21">
<createdBy>muchd</createdBy>
<createdTime>2023-01-28 22:57:17 UTC</createdTime>
<generatorID>65616577-CCB4-F0AD-4461-96A8C614D631</generatorID>
<ownerDesignName>bank_dimension</ownerDesignName>
<nullsAllowed>true</nullsAllowed>
<useDomainConstraints>false</useDomainConstraints>
<use>1</use>
<logicalDatatype>LOGDT042</logicalDatatype>
<ownDataTypeParameters>,,</ownDataTypeParameters>
<autoIncrementCycle>false</autoIncrementCycle>
</Column>
</columns>
<indexes itemClass="oracle.dbtools.crest.model.design.relational.Index">
<ind_PK_UK id="56261ED2-E256-1B92-06A6-AB1C9027D642" name="d_time_PK">
<createdBy>muchd</createdBy>
<createdTime>2023-01-28 22:57:17 UTC</createdTime>
<generatorID>9ADBC1F1-9421-77EF-2298-1BF847FF78CA</generatorID>
<ownerDesignName>bank_dimension</ownerDesignName>
<pk>true</pk>
<indexState>Primary Constraint</indexState>
<isSurrogateKey>false</isSurrogateKey>
<indexColumnUsage>
<colUsage columnID="4B321434-CEC5-72C1-C6B3-46A2B2D943AC"/>
</indexColumnUsage>
</ind_PK_UK>
<ind_PK_UK id="DDF8E431-6475-325C-C462-27DC68E6F3BF" name="d_time__IDX">
<createdBy>muchd</createdBy>
<createdTime>2023-01-28 22:59:38 UTC</createdTime>
<ownerDesignName>bank_dimension</ownerDesignName>
<isSurrogateKey>false</isSurrogateKey>
<indexColumnUsage>
<colUsage columnID="4B321434-CEC5-72C1-C6B3-46A2B2D943AC"/>
</indexColumnUsage>
</ind_PK_UK>
</indexes>
</Table>
