<?xml version = '1.0' encoding = 'UTF-8'?>
<Table class="oracle.dbtools.crest.model.design.relational.Table" directorySegmentName="seg_0" id="69E55C4F-517F-7774-FD38-B6766714C116" name="f_account">
<createdBy>muchd</createdBy>
<createdTime>2023-01-28 22:57:17 UTC</createdTime>
<generatorID>E5A9C35F-0D49-B299-7B9C-06D4A57DFBA7</generatorID>
<ownerDesignName>bank_dimension</ownerDesignName>
<typeID>1</typeID>
<allowColumnReorder>false</allowColumnReorder>
<existDependencyGenerateInDDl>true</existDependencyGenerateInDDl>
<parsed>true</parsed>
<columns itemClass="oracle.dbtools.crest.model.design.relational.Column">
<Column name="account_id" id="A3DFFF50-48DF-E399-C435-A6F7A5FB978A">
<createdBy>muchd</createdBy>
<createdTime>2023-01-28 22:57:17 UTC</createdTime>
<generatorID>926B52CF-17A9-0519-7762-088C6A2253E8</generatorID>
<ownerDesignName>bank_dimension</ownerDesignName>
<useDomainConstraints>false</useDomainConstraints>
<use>1</use>
<logicalDatatype>LOGDT027</logicalDatatype>
<ownDataTypeParameters>,,</ownDataTypeParameters>
<previousColumn>false</previousColumn>
<autoIncrementCycle>false</autoIncrementCycle>
<associations>
<colAssociation fkAssociation="E5FF7226-1DB5-E95B-F34F-B5BD6568856F" referredColumn="86E6BA18-7101-5FBC-91A7-690EE191FFF7"/>
</associations>
</Column>
<Column name="client_id" id="D876CD1E-B574-E882-CD8A-8DE46028AC6E">
<createdBy>muchd</createdBy>
<createdTime>2023-01-28 22:57:17 UTC</createdTime>
<generatorID>4E028DDB-14E3-652C-5E8F-0775289253AD</generatorID>
<ownerDesignName>bank_dimension</ownerDesignName>
<useDomainConstraints>false</useDomainConstraints>
<use>1</use>
<logicalDatatype>LOGDT027</logicalDatatype>
<ownDataTypeParameters>,,</ownDataTypeParameters>
<previousColumn>false</previousColumn>
<autoIncrementCycle>false</autoIncrementCycle>
<associations>
<colAssociation fkAssociation="24EC4547-0C22-F72E-B45A-03750F9D26F9" referredColumn="BDFBC7BF-5941-8D9D-9D3B-82084702652C"/>
</associations>
</Column>
<Column name="demographic_id" id="C742546A-262C-6D77-610F-743ED375EBF8">
<createdBy>muchd</createdBy>
<createdTime>2023-01-28 22:57:17 UTC</createdTime>
<generatorID>B51A367A-4795-A897-E328-DFF8071DDFA8</generatorID>
<ownerDesignName>bank_dimension</ownerDesignName>
<useDomainConstraints>false</useDomainConstraints>
<use>1</use>
<logicalDatatype>LOGDT027</logicalDatatype>
<ownDataTypeParameters>,,</ownDataTypeParameters>
<previousColumn>false</previousColumn>
<autoIncrementCycle>false</autoIncrementCycle>
<associations>
<colAssociation fkAssociation="D5C1520E-B3B8-FA3A-B0E3-C729A342F67D" referredColumn="6DF21DF2-BA35-5246-4792-E43F9E31B7AB"/>
</associations>
</Column>
<Column name="date" id="8D31BCEB-8B1A-0A80-2A88-30E95C22694A">
<createdBy>muchd</createdBy>
<createdTime>2023-01-28 22:57:17 UTC</createdTime>
<generatorID>3BCBF028-29D3-4EDA-8CF9-B8A9C0F48282</generatorID>
<ownerDesignName>bank_dimension</ownerDesignName>
<useDomainConstraints>false</useDomainConstraints>
<use>1</use>
<logicalDatatype>LOGDT027</logicalDatatype>
<ownDataTypeParameters>,,</ownDataTypeParameters>
<previousColumn>false</previousColumn>
<autoIncrementCycle>false</autoIncrementCycle>
<associations>
<colAssociation fkAssociation="198995C2-4EC5-5D45-23D3-5738B1C5B0A9" referredColumn="29028318-C8DB-1EF0-8F49-592E312B96AF"/>
</associations>
</Column>
<Column name="disposition_type" id="BC4B037E-8814-E820-671A-9DBA4DD861A5">
<createdBy>muchd</createdBy>
<createdTime>2023-01-28 22:57:17 UTC</createdTime>
<generatorID>1955FFF6-EFB1-AFC4-0FFA-65A661D090CE</generatorID>
<ownerDesignName>bank_dimension</ownerDesignName>
<useDomainConstraints>false</useDomainConstraints>
<use>1</use>
<logicalDatatype>LOGDT011</logicalDatatype>
<ownDataTypeParameters>,,</ownDataTypeParameters>
<previousColumn>false</previousColumn>
<autoIncrementCycle>false</autoIncrementCycle>
<associations>
<colAssociation fkAssociation="6BA93DF9-4703-AAD2-6942-3BDFA290372D" referredColumn="54101916-BB6A-352C-8B0C-A8F47A7D8E9A"/>
</associations>
</Column>
</columns>
<indexes itemClass="oracle.dbtools.crest.model.design.relational.Index">
<ind_PK_UK id="7DFB81EC-365E-E360-B8EA-89D4FC54E8F3" name="f_account_PK">
<createdBy>muchd</createdBy>
<createdTime>2023-01-28 22:57:17 UTC</createdTime>
<generatorID>DAD362EE-1259-690E-D465-34D8AF9FA1DD</generatorID>
<ownerDesignName>bank_dimension</ownerDesignName>
<pk>true</pk>
<indexState>Primary Constraint</indexState>
<isSurrogateKey>false</isSurrogateKey>
<indexColumnUsage>
<colUsage columnID="A3DFFF50-48DF-E399-C435-A6F7A5FB978A"/>
<colUsage columnID="D876CD1E-B574-E882-CD8A-8DE46028AC6E"/>
<colUsage columnID="C742546A-262C-6D77-610F-743ED375EBF8"/>
<colUsage columnID="8D31BCEB-8B1A-0A80-2A88-30E95C22694A"/>
<colUsage columnID="BC4B037E-8814-E820-671A-9DBA4DD861A5"/>
</indexColumnUsage>
</ind_PK_UK>
<ind_PK_UK id="31F68D63-7F3F-14F8-8E0A-DCBF54E40148" name="f_account__IDX">
<createdBy>muchd</createdBy>
<createdTime>2023-01-28 22:58:19 UTC</createdTime>
<ownerDesignName>bank_dimension</ownerDesignName>
<isSurrogateKey>false</isSurrogateKey>
<indexColumnUsage>
<colUsage columnID="A3DFFF50-48DF-E399-C435-A6F7A5FB978A"/>
<colUsage columnID="D876CD1E-B574-E882-CD8A-8DE46028AC6E"/>
<colUsage columnID="C742546A-262C-6D77-610F-743ED375EBF8"/>
</indexColumnUsage>
</ind_PK_UK>
<ind_PK_UK id="D2DF1F29-8443-6901-279F-678A139DC142" name="f_account_d_account_FK">
<createdBy>muchd</createdBy>
<createdTime>2023-01-28 22:57:17 UTC</createdTime>
<generatorID>44ADA3AE-ECE9-A00A-9FDD-8AB067D0E59B</generatorID>
<ownerDesignName>bank_dimension</ownerDesignName>
<indexState>Foreign Key</indexState>
<isSurrogateKey>false</isSurrogateKey>
<indexColumnUsage>
<colUsage columnID="A3DFFF50-48DF-E399-C435-A6F7A5FB978A"/>
</indexColumnUsage>
</ind_PK_UK>
<ind_PK_UK id="A07E710D-69EA-F098-5B59-3309C2467CAC" name="f_account_d_client_FK">
<createdBy>muchd</createdBy>
<createdTime>2023-01-28 22:57:17 UTC</createdTime>
<generatorID>7D3EFB06-F2DA-C70B-1669-CFA8E7F16FD8</generatorID>
<ownerDesignName>bank_dimension</ownerDesignName>
<indexState>Foreign Key</indexState>
<isSurrogateKey>false</isSurrogateKey>
<indexColumnUsage>
<colUsage columnID="D876CD1E-B574-E882-CD8A-8DE46028AC6E"/>
</indexColumnUsage>
</ind_PK_UK>
<ind_PK_UK id="E0D28FC4-08B4-888C-F4C0-7E02C4668C95" name="f_account_d_date_FK">
<createdBy>muchd</createdBy>
<createdTime>2023-01-28 22:57:17 UTC</createdTime>
<generatorID>F9841D34-FE19-01DE-CC95-2F093F6AEAE8</generatorID>
<ownerDesignName>bank_dimension</ownerDesignName>
<indexState>Foreign Key</indexState>
<isSurrogateKey>false</isSurrogateKey>
<indexColumnUsage>
<colUsage columnID="8D31BCEB-8B1A-0A80-2A88-30E95C22694A"/>
</indexColumnUsage>
</ind_PK_UK>
<ind_PK_UK id="6CED4E6D-46AC-05E8-F23D-B7C114837A38" name="f_account_d_demographic_FK">
<createdBy>muchd</createdBy>
<createdTime>2023-01-28 22:57:17 UTC</createdTime>
<generatorID>AFBEA32B-69A6-9318-ACD0-34CFAB437823</generatorID>
<ownerDesignName>bank_dimension</ownerDesignName>
<indexState>Foreign Key</indexState>
<isSurrogateKey>false</isSurrogateKey>
<indexColumnUsage>
<colUsage columnID="C742546A-262C-6D77-610F-743ED375EBF8"/>
</indexColumnUsage>
</ind_PK_UK>
<ind_PK_UK id="F22FE213-0EEA-FBBE-A4E0-4E4C23D539EA" name="f_account_d_disposition_type_FK">
<createdBy>muchd</createdBy>
<createdTime>2023-01-28 22:57:17 UTC</createdTime>
<generatorID>A1A8C6E3-710E-601D-EFFE-A96BE9968BB2</generatorID>
<ownerDesignName>bank_dimension</ownerDesignName>
<indexState>Foreign Key</indexState>
<isSurrogateKey>false</isSurrogateKey>
<indexColumnUsage>
<colUsage columnID="BC4B037E-8814-E820-671A-9DBA4DD861A5"/>
</indexColumnUsage>
</ind_PK_UK>
</indexes>
</Table>
