<?xml version = '1.0' encoding = 'UTF-8'?>
<Table class="oracle.dbtools.crest.model.design.relational.Table" directorySegmentName="seg_0" id="9468C104-5ABD-D760-B147-4B4A806162CB" name="f_permanent_order">
<createdBy>muchd</createdBy>
<createdTime>2023-01-28 22:57:17 UTC</createdTime>
<generatorID>43768CDA-C971-C0A0-1F95-E15AF8ED51CD</generatorID>
<ownerDesignName>bank_dimension</ownerDesignName>
<typeID>1</typeID>
<allowColumnReorder>false</allowColumnReorder>
<existDependencyGenerateInDDl>true</existDependencyGenerateInDDl>
<parsed>true</parsed>
<columns itemClass="oracle.dbtools.crest.model.design.relational.Column">
<Column name="account_id" id="81357E1B-30B0-8D91-E6D3-7B401FA6B150">
<createdBy>muchd</createdBy>
<createdTime>2023-01-28 22:57:17 UTC</createdTime>
<generatorID>C7B59264-EF28-1EF9-9979-A586422ABE23</generatorID>
<ownerDesignName>bank_dimension</ownerDesignName>
<useDomainConstraints>false</useDomainConstraints>
<use>1</use>
<logicalDatatype>LOGDT027</logicalDatatype>
<ownDataTypeParameters>,,</ownDataTypeParameters>
<previousColumn>false</previousColumn>
<autoIncrementCycle>false</autoIncrementCycle>
<associations>
<colAssociation fkAssociation="2D49E699-53FC-06B7-9F4A-A334045AF82C" referredColumn="86E6BA18-7101-5FBC-91A7-690EE191FFF7"/>
</associations>
</Column>
<Column name="order_id" id="5E0258C8-FF9F-A1E9-E0DA-3A0B1EB0F8DB">
<createdBy>muchd</createdBy>
<createdTime>2023-01-28 22:57:17 UTC</createdTime>
<generatorID>7E27797A-AFB0-E722-F45C-E34FAC7DF915</generatorID>
<ownerDesignName>bank_dimension</ownerDesignName>
<useDomainConstraints>false</useDomainConstraints>
<use>1</use>
<logicalDatatype>LOGDT027</logicalDatatype>
<ownDataTypeParameters>,,</ownDataTypeParameters>
<previousColumn>false</previousColumn>
<autoIncrementCycle>false</autoIncrementCycle>
<associations>
<colAssociation fkAssociation="A30F2D0E-2A9D-6899-65F4-E6967851108A" referredColumn="D7E9E36D-7ED9-305B-AD5D-889D4BF84135"/>
</associations>
</Column>
<Column name="amount" id="3C03F6B1-5A0C-F217-3832-CC785DECBB03">
<createdBy>muchd</createdBy>
<createdTime>2023-01-28 22:57:17 UTC</createdTime>
<generatorID>163DFA7D-9C47-9FB6-6858-FF279E5DEAF9</generatorID>
<ownerDesignName>bank_dimension</ownerDesignName>
<nullsAllowed>true</nullsAllowed>
<useDomainConstraints>false</useDomainConstraints>
<use>1</use>
<logicalDatatype>LOGDT026</logicalDatatype>
<ownDataTypeParameters>,,</ownDataTypeParameters>
<autoIncrementCycle>false</autoIncrementCycle>
</Column>
</columns>
<indexes itemClass="oracle.dbtools.crest.model.design.relational.Index">
<ind_PK_UK id="AF5AA4BB-544D-8097-D33A-700B64A72583" name="f_permanent_order_PK">
<createdBy>muchd</createdBy>
<createdTime>2023-01-28 22:57:17 UTC</createdTime>
<generatorID>2DC1F801-C92E-7FB2-A8D5-4E874A65BB1C</generatorID>
<ownerDesignName>bank_dimension</ownerDesignName>
<pk>true</pk>
<indexState>Primary Constraint</indexState>
<isSurrogateKey>false</isSurrogateKey>
<indexColumnUsage>
<colUsage columnID="81357E1B-30B0-8D91-E6D3-7B401FA6B150"/>
<colUsage columnID="5E0258C8-FF9F-A1E9-E0DA-3A0B1EB0F8DB"/>
</indexColumnUsage>
</ind_PK_UK>
<ind_PK_UK id="A94FE3F2-8D42-EFE3-9CE7-40D07CACF31E" name="f_permanent_order__IDX">
<createdBy>muchd</createdBy>
<createdTime>2023-01-28 23:00:34 UTC</createdTime>
<ownerDesignName>bank_dimension</ownerDesignName>
<isSurrogateKey>false</isSurrogateKey>
<indexColumnUsage>
<colUsage columnID="81357E1B-30B0-8D91-E6D3-7B401FA6B150"/>
<colUsage columnID="5E0258C8-FF9F-A1E9-E0DA-3A0B1EB0F8DB"/>
</indexColumnUsage>
</ind_PK_UK>
<ind_PK_UK id="8B36EC70-1842-7688-25FC-BB392B7CEB93" name="f_permanent_order_d_account_FK">
<createdBy>muchd</createdBy>
<createdTime>2023-01-28 22:57:17 UTC</createdTime>
<generatorID>36276A49-BC42-BB30-9BFD-418D661CA1FA</generatorID>
<ownerDesignName>bank_dimension</ownerDesignName>
<indexState>Foreign Key</indexState>
<isSurrogateKey>false</isSurrogateKey>
<indexColumnUsage>
<colUsage columnID="81357E1B-30B0-8D91-E6D3-7B401FA6B150"/>
</indexColumnUsage>
</ind_PK_UK>
<ind_PK_UK id="617D1847-0A50-A1C1-C77F-B9A7E2646FCA" name="f_permanent_order_d_permanent_order_FK">
<createdBy>muchd</createdBy>
<createdTime>2023-01-28 22:57:17 UTC</createdTime>
<generatorID>6EBA2568-A6CE-C99F-CBE9-C0E550FFF1CE</generatorID>
<ownerDesignName>bank_dimension</ownerDesignName>
<indexState>Foreign Key</indexState>
<isSurrogateKey>false</isSurrogateKey>
<indexColumnUsage>
<colUsage columnID="5E0258C8-FF9F-A1E9-E0DA-3A0B1EB0F8DB"/>
</indexColumnUsage>
</ind_PK_UK>
</indexes>
</Table>
