<?xml version = '1.0' encoding = 'UTF-8'?>
<Table class="oracle.dbtools.crest.model.design.relational.Table" directorySegmentName="seg_0" id="9936782C-4445-EB56-9257-F82D66EDC67D" name="d_loan">
<createdBy>muchd</createdBy>
<createdTime>2023-01-28 22:57:17 UTC</createdTime>
<generatorID>B685BDBB-B1C7-4FB4-E61B-4780C573E997</generatorID>
<ownerDesignName>bank_dimension</ownerDesignName>
<typeID>2</typeID>
<allowColumnReorder>false</allowColumnReorder>
<existDependencyGenerateInDDl>true</existDependencyGenerateInDDl>
<parsed>true</parsed>
<columns itemClass="oracle.dbtools.crest.model.design.relational.Column">
<Column name="id" id="A936F249-2260-A5B3-0527-67451F419F91">
<createdBy>muchd</createdBy>
<createdTime>2023-01-28 22:57:17 UTC</createdTime>
<generatorID>B20FD40C-261E-A0AE-DDEF-CCE8C4415545</generatorID>
<ownerDesignName>bank_dimension</ownerDesignName>
<useDomainConstraints>false</useDomainConstraints>
<use>1</use>
<logicalDatatype>LOGDT027</logicalDatatype>
<ownDataTypeParameters>,,</ownDataTypeParameters>
<autoIncrementCycle>false</autoIncrementCycle>
</Column>
<Column name="loan_id" id="8DC4DC4E-2EB3-6047-6506-885F30963FA9">
<createdBy>muchd</createdBy>
<createdTime>2023-01-28 22:57:17 UTC</createdTime>
<generatorID>CA9F4EC4-8130-AC92-E7FD-E221E023FAAC</generatorID>
<ownerDesignName>bank_dimension</ownerDesignName>
<useDomainConstraints>false</useDomainConstraints>
<use>1</use>
<logicalDatatype>LOGDT027</logicalDatatype>
<ownDataTypeParameters>,,</ownDataTypeParameters>
<autoIncrementCycle>false</autoIncrementCycle>
</Column>
<Column name="duration" id="13D0D401-00BC-3FA1-6ACB-A3D36AB35194">
<createdBy>muchd</createdBy>
<createdTime>2023-01-28 22:57:17 UTC</createdTime>
<generatorID>0E878517-EA73-F1D8-FFE1-450F2B946927</generatorID>
<ownerDesignName>bank_dimension</ownerDesignName>
<nullsAllowed>true</nullsAllowed>
<useDomainConstraints>false</useDomainConstraints>
<use>1</use>
<logicalDatatype>LOGDT011</logicalDatatype>
<ownDataTypeParameters>,,</ownDataTypeParameters>
<autoIncrementCycle>false</autoIncrementCycle>
</Column>
<Column name="status" id="82B5A1E4-65EC-B23D-8C50-8168676634F1">
<createdBy>muchd</createdBy>
<createdTime>2023-01-28 22:57:17 UTC</createdTime>
<generatorID>9EB6758E-717D-A857-D7EA-3E7C4F2D2054</generatorID>
<ownerDesignName>bank_dimension</ownerDesignName>
<nullsAllowed>true</nullsAllowed>
<useDomainConstraints>false</useDomainConstraints>
<use>1</use>
<logicalDatatype>LOGDT024</logicalDatatype>
<dataTypeSize>1</dataTypeSize>
<ownDataTypeParameters>1,,</ownDataTypeParameters>
<autoIncrementCycle>false</autoIncrementCycle>
</Column>
</columns>
<indexes itemClass="oracle.dbtools.crest.model.design.relational.Index">
<ind_PK_UK id="9ED24DB0-F225-ECF4-8EF3-C5C5DDB4C059" name="d_loan_PK">
<createdBy>muchd</createdBy>
<createdTime>2023-01-28 22:57:17 UTC</createdTime>
<generatorID>12CD66DC-714E-80ED-28B8-691045F87971</generatorID>
<ownerDesignName>bank_dimension</ownerDesignName>
<pk>true</pk>
<indexState>Primary Constraint</indexState>
<isSurrogateKey>false</isSurrogateKey>
<indexColumnUsage>
<colUsage columnID="A936F249-2260-A5B3-0527-67451F419F91"/>
</indexColumnUsage>
</ind_PK_UK>
<ind_PK_UK id="49BC9C5A-34DB-1A5E-DCF9-6258C0137FC9" name="d_loan__IDX">
<createdBy>muchd</createdBy>
<createdTime>2023-01-28 23:00:05 UTC</createdTime>
<ownerDesignName>bank_dimension</ownerDesignName>
<isSurrogateKey>false</isSurrogateKey>
<indexColumnUsage>
<colUsage columnID="A936F249-2260-A5B3-0527-67451F419F91"/>
</indexColumnUsage>
</ind_PK_UK>
</indexes>
</Table>
