<?xml version = '1.0' encoding = 'UTF-8'?>
<Table class="oracle.dbtools.crest.model.design.relational.Table" directorySegmentName="seg_0" id="A457CA6F-7F10-9444-5039-8CA4E5985297" name="d_client">
<createdBy>muchd</createdBy>
<createdTime>2023-01-28 22:57:17 UTC</createdTime>
<generatorID>EAD12353-BF79-A6FB-5682-EDE9AFE2407B</generatorID>
<ownerDesignName>bank_dimension</ownerDesignName>
<typeID>2</typeID>
<allowColumnReorder>false</allowColumnReorder>
<existDependencyGenerateInDDl>true</existDependencyGenerateInDDl>
<parsed>true</parsed>
<columns itemClass="oracle.dbtools.crest.model.design.relational.Column">
<Column name="id" id="BDFBC7BF-5941-8D9D-9D3B-82084702652C">
<createdBy>muchd</createdBy>
<createdTime>2023-01-28 22:57:17 UTC</createdTime>
<generatorID>1278DF3C-5C15-6D10-CB9F-66D92D48CD24</generatorID>
<ownerDesignName>bank_dimension</ownerDesignName>
<useDomainConstraints>false</useDomainConstraints>
<use>1</use>
<logicalDatatype>LOGDT027</logicalDatatype>
<ownDataTypeParameters>,,</ownDataTypeParameters>
<autoIncrementCycle>false</autoIncrementCycle>
</Column>
<Column name="client_id" id="6A816F07-C7FE-C6B4-43E9-553C5BDBFF3B">
<createdBy>muchd</createdBy>
<createdTime>2023-01-28 22:57:17 UTC</createdTime>
<generatorID>96CBE0ED-4B3C-7EA1-5D2A-C96646E09C40</generatorID>
<ownerDesignName>bank_dimension</ownerDesignName>
<useDomainConstraints>false</useDomainConstraints>
<use>1</use>
<logicalDatatype>LOGDT027</logicalDatatype>
<ownDataTypeParameters>,,</ownDataTypeParameters>
<autoIncrementCycle>false</autoIncrementCycle>
</Column>
<Column name="birth_number" id="E097E10A-FD5B-AE5B-DE04-E2453C8F32E2">
<createdBy>muchd</createdBy>
<createdTime>2023-01-28 22:57:17 UTC</createdTime>
<generatorID>58F0690D-F044-621D-D64E-DBA67CFB99FA</generatorID>
<ownerDesignName>bank_dimension</ownerDesignName>
<nullsAllowed>true</nullsAllowed>
<useDomainConstraints>false</useDomainConstraints>
<use>1</use>
<logicalDatatype>LOGDT011</logicalDatatype>
<ownDataTypeParameters>,,</ownDataTypeParameters>
<autoIncrementCycle>false</autoIncrementCycle>
</Column>
</columns>
<indexes itemClass="oracle.dbtools.crest.model.design.relational.Index">
<ind_PK_UK id="BD382FAB-DD15-0F5A-F755-15CEB916B531" name="d_client_PK">
<createdBy>muchd</createdBy>
<createdTime>2023-01-28 22:57:17 UTC</createdTime>
<generatorID>53B8B2EE-BDC9-B844-F521-99520AE4E978</generatorID>
<ownerDesignName>bank_dimension</ownerDesignName>
<pk>true</pk>
<indexState>Primary Constraint</indexState>
<isSurrogateKey>false</isSurrogateKey>
<indexColumnUsage>
<colUsage columnID="BDFBC7BF-5941-8D9D-9D3B-82084702652C"/>
</indexColumnUsage>
</ind_PK_UK>
<ind_PK_UK id="F526FDCB-7599-AF44-3510-7DEF3A6B24FC" name="d_client__IDX">
<createdBy>muchd</createdBy>
<createdTime>2023-01-28 22:59:13 UTC</createdTime>
<ownerDesignName>bank_dimension</ownerDesignName>
<isSurrogateKey>false</isSurrogateKey>
<indexColumnUsage>
<colUsage columnID="BDFBC7BF-5941-8D9D-9D3B-82084702652C"/>
</indexColumnUsage>
</ind_PK_UK>
</indexes>
</Table>
