<?xml version = '1.0' encoding = 'UTF-8'?>
<Table class="oracle.dbtools.crest.model.design.relational.Table" directorySegmentName="seg_0" id="F6E5840E-08D7-DFCA-1534-4E4D82EA82BF" name="f_credit_card">
<createdBy>muchd</createdBy>
<createdTime>2023-01-28 22:57:17 UTC</createdTime>
<generatorID>14C9ED5F-3E33-3248-2AB1-C847B3105FC2</generatorID>
<ownerDesignName>bank_dimension</ownerDesignName>
<typeID>1</typeID>
<allowColumnReorder>false</allowColumnReorder>
<existDependencyGenerateInDDl>true</existDependencyGenerateInDDl>
<parsed>true</parsed>
<columns itemClass="oracle.dbtools.crest.model.design.relational.Column">
<Column name="card_id" id="D5B1F849-C3C3-29E3-ED4A-FA2A24E98824">
<createdBy>muchd</createdBy>
<createdTime>2023-01-28 22:57:17 UTC</createdTime>
<generatorID>CBA9E869-B89B-53CA-6B05-3B230C31808F</generatorID>
<ownerDesignName>bank_dimension</ownerDesignName>
<useDomainConstraints>false</useDomainConstraints>
<use>1</use>
<logicalDatatype>LOGDT027</logicalDatatype>
<ownDataTypeParameters>,,</ownDataTypeParameters>
<previousColumn>false</previousColumn>
<autoIncrementCycle>false</autoIncrementCycle>
<associations>
<colAssociation fkAssociation="115B619E-BA08-6EEC-A34D-B91DE2595AB2" referredColumn="1C119B8A-FE36-BA51-F0BF-91DCA02B431C"/>
</associations>
</Column>
<Column name="account_id" id="B24B8576-BCD1-7ACF-D46D-5EF95F4BEFE3">
<createdBy>muchd</createdBy>
<createdTime>2023-01-28 22:57:17 UTC</createdTime>
<generatorID>9697B3CC-064B-A8FE-BA67-79EE02904A15</generatorID>
<ownerDesignName>bank_dimension</ownerDesignName>
<useDomainConstraints>false</useDomainConstraints>
<use>1</use>
<logicalDatatype>LOGDT027</logicalDatatype>
<ownDataTypeParameters>,,</ownDataTypeParameters>
<previousColumn>false</previousColumn>
<autoIncrementCycle>false</autoIncrementCycle>
<associations>
<colAssociation fkAssociation="A011EA10-B98C-F686-2AE2-B894552AADF6" referredColumn="86E6BA18-7101-5FBC-91A7-690EE191FFF7"/>
</associations>
</Column>
<Column name="client_id" id="8FFFF3C3-0975-385A-274F-3CF460785139">
<createdBy>muchd</createdBy>
<createdTime>2023-01-28 22:57:17 UTC</createdTime>
<generatorID>8771600C-2BE7-3EF7-4CF0-5866D75E772F</generatorID>
<ownerDesignName>bank_dimension</ownerDesignName>
<useDomainConstraints>false</useDomainConstraints>
<use>1</use>
<logicalDatatype>LOGDT027</logicalDatatype>
<ownDataTypeParameters>,,</ownDataTypeParameters>
<previousColumn>false</previousColumn>
<autoIncrementCycle>false</autoIncrementCycle>
<associations>
<colAssociation fkAssociation="18C5A372-4B62-93F0-AC9C-622F7574C519" referredColumn="BDFBC7BF-5941-8D9D-9D3B-82084702652C"/>
</associations>
</Column>
<Column name="issued_date" id="3651AB92-91B0-4038-1574-3748EB54E669">
<createdBy>muchd</createdBy>
<createdTime>2023-01-28 22:57:17 UTC</createdTime>
<generatorID>492BC594-52C5-6334-0D44-9DC911E86180</generatorID>
<ownerDesignName>bank_dimension</ownerDesignName>
<useDomainConstraints>false</useDomainConstraints>
<use>1</use>
<logicalDatatype>LOGDT027</logicalDatatype>
<ownDataTypeParameters>,,</ownDataTypeParameters>
<previousColumn>false</previousColumn>
<autoIncrementCycle>false</autoIncrementCycle>
<associations>
<colAssociation fkAssociation="C124BBD2-F040-57D1-2B97-B2450FE32275" referredColumn="29028318-C8DB-1EF0-8F49-592E312B96AF"/>
</associations>
</Column>
<Column name="issued_time" id="F91BB3B5-3401-E915-37E3-889EB8C85FED">
<createdBy>muchd</createdBy>
<createdTime>2023-01-28 22:57:17 UTC</createdTime>
<generatorID>A6B14E21-F560-B0FE-DDAC-576A651B6F51</generatorID>
<ownerDesignName>bank_dimension</ownerDesignName>
<useDomainConstraints>false</useDomainConstraints>
<use>1</use>
<logicalDatatype>LOGDT027</logicalDatatype>
<ownDataTypeParameters>,,</ownDataTypeParameters>
<previousColumn>false</previousColumn>
<autoIncrementCycle>false</autoIncrementCycle>
<associations>
<colAssociation fkAssociation="78F115FC-2349-C1C7-1F0D-589561B8C5B5" referredColumn="4B321434-CEC5-72C1-C6B3-46A2B2D943AC"/>
</associations>
</Column>
</columns>
<indexes itemClass="oracle.dbtools.crest.model.design.relational.Index">
<ind_PK_UK id="D52B09FB-EA04-F82C-6B90-EFD49E943D79" name="f_credit_card_PK">
<createdBy>muchd</createdBy>
<createdTime>2023-01-28 22:57:17 UTC</createdTime>
<generatorID>3B233050-6E5B-CD12-C82D-84B6D61D91D2</generatorID>
<ownerDesignName>bank_dimension</ownerDesignName>
<pk>true</pk>
<indexState>Primary Constraint</indexState>
<isSurrogateKey>false</isSurrogateKey>
<indexColumnUsage>
<colUsage columnID="D5B1F849-C3C3-29E3-ED4A-FA2A24E98824"/>
<colUsage columnID="B24B8576-BCD1-7ACF-D46D-5EF95F4BEFE3"/>
<colUsage columnID="8FFFF3C3-0975-385A-274F-3CF460785139"/>
<colUsage columnID="3651AB92-91B0-4038-1574-3748EB54E669"/>
<colUsage columnID="F91BB3B5-3401-E915-37E3-889EB8C85FED"/>
</indexColumnUsage>
</ind_PK_UK>
<ind_PK_UK id="AEAC5446-0F74-CD96-C35A-27ACCD1C661E" name="f_credit_card__IDX">
<createdBy>muchd</createdBy>
<createdTime>2023-01-28 22:58:57 UTC</createdTime>
<ownerDesignName>bank_dimension</ownerDesignName>
<isSurrogateKey>false</isSurrogateKey>
<indexColumnUsage>
<colUsage columnID="D5B1F849-C3C3-29E3-ED4A-FA2A24E98824"/>
<colUsage columnID="8FFFF3C3-0975-385A-274F-3CF460785139"/>
<colUsage columnID="B24B8576-BCD1-7ACF-D46D-5EF95F4BEFE3"/>
</indexColumnUsage>
</ind_PK_UK>
<ind_PK_UK id="55A31F07-B3DA-EBA9-7640-690C62C628C7" name="f_credit_card_d_account_FK">
<createdBy>muchd</createdBy>
<createdTime>2023-01-28 22:57:17 UTC</createdTime>
<generatorID>7DE26EFD-8901-87B2-0DF0-A22AD88AB0FE</generatorID>
<ownerDesignName>bank_dimension</ownerDesignName>
<indexState>Foreign Key</indexState>
<isSurrogateKey>false</isSurrogateKey>
<indexColumnUsage>
<colUsage columnID="B24B8576-BCD1-7ACF-D46D-5EF95F4BEFE3"/>
</indexColumnUsage>
</ind_PK_UK>
<ind_PK_UK id="CE6FAAE0-1DA4-F522-017E-30854DFA5BFC" name="f_credit_card_d_client_FK">
<createdBy>muchd</createdBy>
<createdTime>2023-01-28 22:57:17 UTC</createdTime>
<generatorID>D6A1350D-DD9E-5E06-B3B1-A9FB77B9024A</generatorID>
<ownerDesignName>bank_dimension</ownerDesignName>
<indexState>Foreign Key</indexState>
<isSurrogateKey>false</isSurrogateKey>
<indexColumnUsage>
<colUsage columnID="8FFFF3C3-0975-385A-274F-3CF460785139"/>
</indexColumnUsage>
</ind_PK_UK>
<ind_PK_UK id="9E4E40A4-F17F-06CA-627B-2D3ACFBEF220" name="f_credit_card_d_credit_card_FK">
<createdBy>muchd</createdBy>
<createdTime>2023-01-28 22:57:17 UTC</createdTime>
<generatorID>C292401C-33D2-0E6A-3B94-6BA7348BC47C</generatorID>
<ownerDesignName>bank_dimension</ownerDesignName>
<indexState>Foreign Key</indexState>
<isSurrogateKey>false</isSurrogateKey>
<indexColumnUsage>
<colUsage columnID="D5B1F849-C3C3-29E3-ED4A-FA2A24E98824"/>
</indexColumnUsage>
</ind_PK_UK>
<ind_PK_UK id="9120C5C5-44D4-28A2-2F4B-B600E1E6E998" name="f_credit_card_d_date_FK">
<createdBy>muchd</createdBy>
<createdTime>2023-01-28 22:57:17 UTC</createdTime>
<generatorID>288DFAB0-3F09-507F-948E-F734612AE9C3</generatorID>
<ownerDesignName>bank_dimension</ownerDesignName>
<indexState>Foreign Key</indexState>
<isSurrogateKey>false</isSurrogateKey>
<indexColumnUsage>
<colUsage columnID="3651AB92-91B0-4038-1574-3748EB54E669"/>
</indexColumnUsage>
</ind_PK_UK>
<ind_PK_UK id="B435353F-D90D-C3EB-100B-534C8EA8DAAD" name="f_credit_card_d_time_FK">
<createdBy>muchd</createdBy>
<createdTime>2023-01-28 22:57:17 UTC</createdTime>
<generatorID>E16C4C03-B940-2A18-8D3E-0A39313A0EB7</generatorID>
<ownerDesignName>bank_dimension</ownerDesignName>
<indexState>Foreign Key</indexState>
<isSurrogateKey>false</isSurrogateKey>
<indexColumnUsage>
<colUsage columnID="F91BB3B5-3401-E915-37E3-889EB8C85FED"/>
</indexColumnUsage>
</ind_PK_UK>
</indexes>
</Table>
