<?xml version = '1.0' encoding = 'UTF-8'?>
<Diagram class="oracle.dbtools.crest.swingui.relational.DPVRelational" name="Relational_1" id="8500D5AC-8749-11D5-1FF5-03194314C7F7">
<createdBy>muchd</createdBy>
<modifiedBy>muchd</modifiedBy>
<createdTime>2023-01-25 22:26:11 UTC</createdTime>
<autoRoute>false</autoRoute>
<boxInbox>true</boxInbox>
<showLegend>false</showLegend>
<showLabels>false</showLabels>
<showRelAttributes>false</showRelAttributes>
<gridEnabled>false</gridEnabled>
<showGrid>false</showGrid>
<diagramColor>-1</diagramColor>
<display>false</display>
<notation>1</notation>
<objectViews>
<OView class="oracle.dbtools.crest.swingui.relational.TVTable" oid="08CFB2C9-6F59-FC00-A220-C1804716D3BE" otype="Table" vid="2C032E26-6CD9-288B-C2F2-3DC71092B81C">
<hideElementsInCurrentOnly>false</hideElementsInCurrentOnly>
<bounds x="1944" y="182" width="290" height="150"/>
</OView>
<OView class="oracle.dbtools.crest.swingui.relational.TVTable" oid="0C2A1830-0BF4-99CC-B840-BCD4A97895B2" otype="Table" vid="89721EB1-4F4C-64BE-57FA-5BE1366342F6">
<hideElementsInCurrentOnly>false</hideElementsInCurrentOnly>
<bounds x="20" y="20" width="314" height="178"/>
</OView>
<OView class="oracle.dbtools.crest.swingui.relational.TVTable" oid="0E522A24-3315-1818-C175-F7852E248C01" otype="Table" vid="E9D96B14-BD6E-9BA0-F16B-E604B172CC34">
<hideElementsInCurrentOnly>false</hideElementsInCurrentOnly>
<bounds x="2354" y="392" width="214" height="102"/>
</OView>
<OView class="oracle.dbtools.crest.swingui.relational.TVTable" oid="162A5B67-FF7C-6B20-08D9-FC74435B519B" otype="Table" vid="3AF58672-FDCB-1D55-2EEE-532D6C224E6E">
<hideElementsInCurrentOnly>false</hideElementsInCurrentOnly>
<bounds x="917" y="258" width="237" height="122"/>
</OView>
<OView class="oracle.dbtools.crest.swingui.relational.TVTable" oid="1FE6DA49-9DB6-BA20-2A71-7CFCFCC3DBD5" otype="Table" vid="D6C05B48-6131-FDD8-A0DA-0455A6275D49">
<hideElementsInCurrentOnly>false</hideElementsInCurrentOnly>
<bounds x="505" y="1528" width="192" height="74"/>
</OView>
<OView class="oracle.dbtools.crest.swingui.relational.TVTable" oid="21284ACC-FB09-B120-7522-C2D2BBF358F9" otype="Table" vid="36675B08-68D2-1BE4-A10B-300D375952E3">
<hideElementsInCurrentOnly>false</hideElementsInCurrentOnly>
<bounds x="623" y="792" width="218" height="136"/>
</OView>
<OView class="oracle.dbtools.crest.swingui.relational.TVTable" oid="28DBB778-BD6F-9291-DCDF-E9D224C2E216" otype="Table" vid="3A1373E9-0CE6-4E64-533F-D42EF5F62664">
<hideElementsInCurrentOnly>false</hideElementsInCurrentOnly>
<bounds x="623" y="258" width="214" height="102"/>
</OView>
<OView class="oracle.dbtools.crest.swingui.relational.TVTable" oid="357B63E6-3A0C-76EF-82B0-901D68A80360" otype="Table" vid="E9759581-2AD6-0142-4502-BA491A82A88C">
<hideElementsInCurrentOnly>false</hideElementsInCurrentOnly>
<bounds x="1234" y="20" width="220" height="102"/>
</OView>
<OView class="oracle.dbtools.crest.swingui.relational.TVTable" oid="3C17455B-1469-8F6E-708D-23D8F4BF7CA3" otype="Table" vid="0495640C-3739-5847-254E-276E083CA009">
<hideElementsInCurrentOnly>false</hideElementsInCurrentOnly>
<bounds x="1234" y="182" width="320" height="150"/>
</OView>
<OView class="oracle.dbtools.crest.swingui.relational.TVTable" oid="43402205-9852-92DF-4165-C56245FB7945" otype="Table" vid="1A7CF7BA-EFD1-AEF5-3712-1236B3335033">
<hideElementsInCurrentOnly>false</hideElementsInCurrentOnly>
<bounds x="504" y="1304" width="192" height="74"/>
</OView>
<OView class="oracle.dbtools.crest.swingui.relational.TVTable" oid="48505F7C-6EB2-2453-6CE2-1768EC58A074" otype="Table" vid="484CFCB2-06C0-6986-B5B8-69B6A44C3235">
<hideElementsInCurrentOnly>false</hideElementsInCurrentOnly>
<bounds x="256" y="1528" width="199" height="88"/>
</OView>
<OView class="oracle.dbtools.crest.swingui.relational.TVTable" oid="4CC1C022-57C2-803F-BD2B-C2DAB4568556" otype="Table" vid="48C91600-C32D-BA7E-EC29-2C7A1B9A6F15">
<hideElementsInCurrentOnly>false</hideElementsInCurrentOnly>
<bounds x="20" y="420" width="272" height="164"/>
</OView>
<OView class="oracle.dbtools.crest.swingui.relational.TVTable" oid="51A9C72A-D668-D260-88AC-EF0432A8F527" otype="Table" vid="C88BF3A4-F81A-27AB-44AA-1C15ED16BE1A">
<hideElementsInCurrentOnly>false</hideElementsInCurrentOnly>
<bounds x="20" y="258" width="214" height="102"/>
</OView>
<OView class="oracle.dbtools.crest.swingui.relational.TVTable" oid="5B17FFCA-0692-0283-8247-8B3E7F227417" otype="Table" vid="3E2F3DC8-5BDD-906C-26F5-CB963DA80284">
<hideElementsInCurrentOnly>false</hideElementsInCurrentOnly>
<bounds x="317" y="261" width="229" height="122"/>
</OView>
<OView class="oracle.dbtools.crest.swingui.relational.TVTable" oid="676C4031-3CAD-2376-290A-77E383620F7D" otype="Table" vid="A28A5433-6174-D6E5-C39D-78AE768819C6">
<hideElementsInCurrentOnly>false</hideElementsInCurrentOnly>
<bounds x="1534" y="20" width="221" height="136"/>
</OView>
<OView class="oracle.dbtools.crest.swingui.relational.TVTable" oid="74E72983-B70B-6FCE-6EED-77D9BFBF315A" otype="Table" vid="17BD4098-36F6-F6E1-3205-7AF03330256F">
<hideElementsInCurrentOnly>false</hideElementsInCurrentOnly>
<bounds x="2354" y="182" width="274" height="150"/>
</OView>
<OView class="oracle.dbtools.crest.swingui.relational.TVTable" oid="78191314-6151-D0CD-C787-DD7D4DE2FAC9" otype="Table" vid="7EF6B9B0-2286-691C-41B5-3B1E8706B420">
<hideElementsInCurrentOnly>false</hideElementsInCurrentOnly>
<bounds x="1634" y="554" width="214" height="178"/>
</OView>
<OView class="oracle.dbtools.crest.swingui.relational.TVTable" oid="88819329-151D-3C40-5C89-F0827C4B899E" otype="Table" vid="68D27630-3EA0-44DF-95E8-923F64888FC2">
<hideElementsInCurrentOnly>false</hideElementsInCurrentOnly>
<bounds x="20" y="1304" width="192" height="74"/>
</OView>
<OView class="oracle.dbtools.crest.swingui.relational.TVTable" oid="8BE2ECC5-9970-4171-2C2B-56448EDE1958" otype="Table" vid="C89BE5A1-4AFC-1FA6-F83D-CDDC2970379C">
<hideElementsInCurrentOnly>false</hideElementsInCurrentOnly>
<bounds x="746" y="1304" width="192" height="74"/>
</OView>
<OView class="oracle.dbtools.crest.swingui.relational.TVTable" oid="8BF6EAF1-E87F-594F-9164-E7D0D680F6B5" otype="Table" vid="621A5152-65AE-42F5-CB5E-563A2F11CC99">
<hideElementsInCurrentOnly>false</hideElementsInCurrentOnly>
<bounds x="20" y="806" width="339" height="318"/>
</OView>
<OView class="oracle.dbtools.crest.swingui.relational.TVTable" oid="90EE3A75-AB2D-2F83-9A63-34EEA8575474" otype="Table" vid="1E56B686-9918-A128-9F9C-4004C75B4161">
<hideElementsInCurrentOnly>false</hideElementsInCurrentOnly>
<bounds x="623" y="420" width="267" height="150"/>
</OView>
<OView class="oracle.dbtools.crest.swingui.relational.TVTable" oid="93B290DA-4EEF-F8B0-FEC2-B585027C2753" otype="Table" vid="D5600833-ADC9-2674-B570-9EC50556613F">
<hideElementsInCurrentOnly>false</hideElementsInCurrentOnly>
<bounds x="623" y="630" width="214" height="102"/>
</OView>
<OView class="oracle.dbtools.crest.swingui.relational.TVTable" oid="A8F52ED4-5C6A-28E2-9614-FE0394B689DF" otype="Table" vid="BC3FA2C5-EA54-5FC6-4FE3-EE5A18205406">
<hideElementsInCurrentOnly>false</hideElementsInCurrentOnly>
<bounds x="262" y="1304" width="192" height="74"/>
</OView>
<OView class="oracle.dbtools.crest.swingui.relational.TVTable" oid="B092322C-974A-C48C-BDD7-69F58588EF6D" otype="Table" vid="7A4B1917-8BF9-1D83-E4B2-BE399D93D7DB">
<hideElementsInCurrentOnly>false</hideElementsInCurrentOnly>
<bounds x="20" y="644" width="212" height="102"/>
</OView>
<OView class="oracle.dbtools.crest.swingui.relational.TVTable" oid="B1EEE3F2-6E5B-4565-DC5C-99CF1AECAEFE" otype="Table" vid="A0572B2F-C433-F3EC-2516-FDF5C2E99698">
<hideElementsInCurrentOnly>false</hideElementsInCurrentOnly>
<bounds x="1634" y="182" width="230" height="150"/>
</OView>
<OView class="oracle.dbtools.crest.swingui.relational.TVTable" oid="BDA2908A-D96E-EBEB-B7BE-28D65D1FD860" otype="Table" vid="F53608E5-7058-565D-2CDB-6B6AAF542F9F">
<hideElementsInCurrentOnly>false</hideElementsInCurrentOnly>
<bounds x="20" y="1528" width="186" height="74"/>
</OView>
<OView class="oracle.dbtools.crest.swingui.relational.TVTable" oid="CE3E3EDB-A5E4-49C6-ABC2-8304E73CB745" otype="Table" vid="A3211CFF-D1F9-AD7B-7AC1-7E8C8B95432A">
<hideElementsInCurrentOnly>false</hideElementsInCurrentOnly>
<bounds x="1944" y="554" width="330" height="150"/>
</OView>
<OView class="oracle.dbtools.crest.swingui.relational.TVTable" oid="D1C18523-CE85-74DC-0F8F-601DEC189FC4" otype="Table" vid="F0725714-2091-0150-367F-81911C43A72A">
<hideElementsInCurrentOnly>false</hideElementsInCurrentOnly>
<bounds x="747" y="1528" width="192" height="74"/>
</OView>
<OView class="oracle.dbtools.crest.swingui.relational.TVTable" oid="E0C7EADF-0FC3-88F9-ABE9-87F8CA4AB543" otype="Table" vid="0DF4A11B-1EF0-1352-A2B3-629477A643B5">
<hideElementsInCurrentOnly>false</hideElementsInCurrentOnly>
<bounds x="2354" y="554" width="247" height="206"/>
</OView>
<OView class="oracle.dbtools.crest.swingui.relational.TVTable" oid="E1DBF718-41F4-BEF0-9BD4-265D37A28799" otype="Table" vid="3C92C3B9-5CCF-CDF6-C321-790305BF940D">
<hideElementsInCurrentOnly>false</hideElementsInCurrentOnly>
<bounds x="1634" y="392" width="214" height="102"/>
</OView>
<OView class="oracle.dbtools.crest.swingui.relational.TVTable" oid="E460E24A-6F3B-BF4F-B317-144FB1B01F20" otype="Table" vid="A4279B1F-D4A2-AD6A-3BF7-0D43A8A9F93B">
<hideElementsInCurrentOnly>false</hideElementsInCurrentOnly>
<bounds x="1944" y="392" width="214" height="102"/>
</OView>
</objectViews>
<connectors>
<Connector class="oracle.dbtools.crest.swingui.relational.TVFKRelation" oid="09C27227-E9AA-679F-D568-0F0BA7AF07E0" otype="FKIndexAssociation" vid_source="7A4B1917-8BF9-1D83-E4B2-BE399D93D7DB" vid_target="621A5152-65AE-42F5-CB5E-563A2F11CC99">
<hideElementsInCurrentOnly>false</hideElementsInCurrentOnly>
<backgroundColor>-16777216</backgroundColor>
<lineWidth>1</lineWidth>
<points>
<point x="126" y="746"/>
<point x="126" y="806"/>
</points>
</Connector>
<Connector class="oracle.dbtools.crest.swingui.relational.TVFKRelation" oid="10B210E9-7846-5B43-B5AB-85928B9D618B" otype="FKIndexAssociation" vid_source="D5600833-ADC9-2674-B570-9EC50556613F" vid_target="36675B08-68D2-1BE4-A10B-300D375952E3">
<hideElementsInCurrentOnly>false</hideElementsInCurrentOnly>
<backgroundColor>-16777216</backgroundColor>
<lineWidth>1</lineWidth>
<points>
<point x="730" y="732"/>
<point x="730" y="792"/>
</points>
</Connector>
<Connector class="oracle.dbtools.crest.swingui.relational.TVFKRelation" oid="1C436CFD-3280-F9AE-6887-961CDB39496E" otype="FKIndexAssociation" vid_source="C88BF3A4-F81A-27AB-44AA-1C15ED16BE1A" vid_target="3E2F3DC8-5BDD-906C-26F5-CB963DA80284">
<hideElementsInCurrentOnly>false</hideElementsInCurrentOnly>
<backgroundColor>-16777216</backgroundColor>
<lineWidth>1</lineWidth>
<points>
<point x="234" y="310"/>
<point x="317" y="310"/>
</points>
</Connector>
<Connector class="oracle.dbtools.crest.swingui.relational.TVFKRelation" oid="336A93A5-EDE6-B91B-9DEF-14D58BA53E4D" otype="FKIndexAssociation" vid_source="7A4B1917-8BF9-1D83-E4B2-BE399D93D7DB" vid_target="48C91600-C32D-BA7E-EC29-2C7A1B9A6F15">
<hideElementsInCurrentOnly>false</hideElementsInCurrentOnly>
<backgroundColor>-16777216</backgroundColor>
<lineWidth>1</lineWidth>
<points>
<point x="141" y="644"/>
<point x="141" y="488"/>
</points>
</Connector>
<Connector class="oracle.dbtools.crest.swingui.relational.TVFKRelation" oid="4B22F9C6-6070-8718-FC77-66E827E22BA6" otype="FKIndexAssociation" vid_source="E9759581-2AD6-0142-4502-BA491A82A88C" vid_target="A28A5433-6174-D6E5-C39D-78AE768819C6">
<hideElementsInCurrentOnly>false</hideElementsInCurrentOnly>
<backgroundColor>-16777216</backgroundColor>
<lineWidth>1</lineWidth>
<points>
<point x="1454" y="71"/>
<point x="1534" y="71"/>
</points>
</Connector>
<Connector class="oracle.dbtools.crest.swingui.relational.TVFKRelation" oid="4C4DDE93-ED2F-03F7-3357-BD366500F264" otype="FKIndexAssociation" vid_source="C88BF3A4-F81A-27AB-44AA-1C15ED16BE1A" vid_target="48C91600-C32D-BA7E-EC29-2C7A1B9A6F15">
<hideElementsInCurrentOnly>false</hideElementsInCurrentOnly>
<backgroundColor>-16777216</backgroundColor>
<lineWidth>1</lineWidth>
<points>
<point x="127" y="360"/>
<point x="127" y="372"/>
</points>
</Connector>
<Connector class="oracle.dbtools.crest.swingui.relational.TVFKRelation" oid="5E94F846-292A-7A73-D1F4-025C3B6BEF3C" otype="FKIndexAssociation" vid_source="3C92C3B9-5CCF-CDF6-C321-790305BF940D" vid_target="A0572B2F-C433-F3EC-2516-FDF5C2E99698">
<hideElementsInCurrentOnly>false</hideElementsInCurrentOnly>
<backgroundColor>-16777216</backgroundColor>
<lineWidth>1</lineWidth>
<points>
<point x="1741" y="392"/>
<point x="1741" y="332"/>
</points>
</Connector>
<Connector class="oracle.dbtools.crest.swingui.relational.TVFKRelation" oid="6B3D38FA-823B-5ECA-EDC6-56033425DDCF" otype="FKIndexAssociation" vid_source="3A1373E9-0CE6-4E64-533F-D42EF5F62664" vid_target="3AF58672-FDCB-1D55-2EEE-532D6C224E6E">
<hideElementsInCurrentOnly>false</hideElementsInCurrentOnly>
<backgroundColor>-16777216</backgroundColor>
<lineWidth>1</lineWidth>
<points>
<point x="837" y="309"/>
<point x="917" y="309"/>
</points>
</Connector>
<Connector class="oracle.dbtools.crest.swingui.relational.TVFKRelation" oid="72AAFE9C-4F65-3065-C004-C2E84F57625C" otype="FKIndexAssociation" vid_source="3A1373E9-0CE6-4E64-533F-D42EF5F62664" vid_target="89721EB1-4F4C-64BE-57FA-5BE1366342F6">
<hideElementsInCurrentOnly>false</hideElementsInCurrentOnly>
<backgroundColor>-16777216</backgroundColor>
<lineWidth>1</lineWidth>
<points>
<point x="623" y="270"/>
<point x="334" y="165"/>
</points>
</Connector>
<Connector class="oracle.dbtools.crest.swingui.relational.TVFKRelation" oid="7585D8BA-1824-4412-5427-DA9C524D599F" otype="FKIndexAssociation" vid_source="C88BF3A4-F81A-27AB-44AA-1C15ED16BE1A" vid_target="89721EB1-4F4C-64BE-57FA-5BE1366342F6">
<hideElementsInCurrentOnly>false</hideElementsInCurrentOnly>
<backgroundColor>-16777216</backgroundColor>
<lineWidth>1</lineWidth>
<points>
<point x="127" y="258"/>
<point x="127" y="198"/>
</points>
</Connector>
<Connector class="oracle.dbtools.crest.swingui.relational.TVFKRelation" oid="76590F55-91B8-B490-8D47-8B8B304960A9" otype="FKIndexAssociation" vid_source="E9759581-2AD6-0142-4502-BA491A82A88C" vid_target="0495640C-3739-5847-254E-276E083CA009">
<hideElementsInCurrentOnly>false</hideElementsInCurrentOnly>
<backgroundColor>-16777216</backgroundColor>
<lineWidth>1</lineWidth>
<points>
<point x="1374" y="122"/>
<point x="1374" y="182"/>
</points>
</Connector>
<Connector class="oracle.dbtools.crest.swingui.relational.TVFKRelation" oid="7C198F47-5BF7-C467-1C31-7BB653A77055" otype="FKIndexAssociation" vid_source="3A1373E9-0CE6-4E64-533F-D42EF5F62664" vid_target="1E56B686-9918-A128-9F9C-4004C75B4161">
<hideElementsInCurrentOnly>false</hideElementsInCurrentOnly>
<backgroundColor>-16777216</backgroundColor>
<lineWidth>1</lineWidth>
<points>
<point x="730" y="360"/>
<point x="730" y="420"/>
</points>
</Connector>
<Connector class="oracle.dbtools.crest.swingui.relational.TVFKRelation" oid="8C48F2C0-86F6-0392-2DE6-A416BB3ED996" otype="FKIndexAssociation" vid_source="D5600833-ADC9-2674-B570-9EC50556613F" vid_target="1E56B686-9918-A128-9F9C-4004C75B4161">
<hideElementsInCurrentOnly>false</hideElementsInCurrentOnly>
<backgroundColor>-16777216</backgroundColor>
<lineWidth>1</lineWidth>
<points>
<point x="730" y="630"/>
<point x="730" y="570"/>
</points>
</Connector>
<Connector class="oracle.dbtools.crest.swingui.relational.TVFKRelation" oid="8F148795-FF2F-26A2-A35A-FA4A7BB6207B" otype="FKIndexAssociation" vid_source="E9759581-2AD6-0142-4502-BA491A82A88C" vid_target="A0572B2F-C433-F3EC-2516-FDF5C2E99698">
<hideElementsInCurrentOnly>false</hideElementsInCurrentOnly>
<backgroundColor>-16777216</backgroundColor>
<lineWidth>1</lineWidth>
<points>
<point x="1454" y="121"/>
<point x="1634" y="204"/>
</points>
</Connector>
<Connector class="oracle.dbtools.crest.swingui.relational.TVFKRelation" oid="91B60BAA-AB5D-D615-B827-02AE1405E393" otype="FKIndexAssociation" vid_source="3C92C3B9-5CCF-CDF6-C321-790305BF940D" vid_target="7EF6B9B0-2286-691C-41B5-3B1E8706B420">
<hideElementsInCurrentOnly>false</hideElementsInCurrentOnly>
<backgroundColor>-16777216</backgroundColor>
<lineWidth>1</lineWidth>
<points>
<point x="1741" y="494"/>
<point x="1741" y="554"/>
</points>
</Connector>
<Connector class="oracle.dbtools.crest.swingui.relational.TVFKRelation" oid="986D8846-2034-32CB-E25F-F8B8292553C7" otype="FKIndexAssociation" vid_source="E9D96B14-BD6E-9BA0-F16B-E604B172CC34" vid_target="17BD4098-36F6-F6E1-3205-7AF03330256F">
<hideElementsInCurrentOnly>false</hideElementsInCurrentOnly>
<backgroundColor>-16777216</backgroundColor>
<lineWidth>1</lineWidth>
<points>
<point x="2461" y="392"/>
<point x="2461" y="332"/>
</points>
</Connector>
<Connector class="oracle.dbtools.crest.swingui.relational.TVFKRelation" oid="9D877DC5-BEBE-1BBA-9E71-2E08B81ACC90" otype="FKIndexAssociation" vid_source="A4279B1F-D4A2-AD6A-3BF7-0D43A8A9F93B" vid_target="2C032E26-6CD9-288B-C2F2-3DC71092B81C">
<hideElementsInCurrentOnly>false</hideElementsInCurrentOnly>
<backgroundColor>-16777216</backgroundColor>
<lineWidth>1</lineWidth>
<points>
<point x="2051" y="392"/>
<point x="2051" y="332"/>
</points>
</Connector>
<Connector class="oracle.dbtools.crest.swingui.relational.TVFKRelation" oid="B31408B0-0DA4-D80F-6C8B-8BD01D13C315" otype="FKIndexAssociation" vid_source="E9D96B14-BD6E-9BA0-F16B-E604B172CC34" vid_target="0DF4A11B-1EF0-1352-A2B3-629477A643B5">
<hideElementsInCurrentOnly>false</hideElementsInCurrentOnly>
<backgroundColor>-16777216</backgroundColor>
<lineWidth>1</lineWidth>
<points>
<point x="2461" y="494"/>
<point x="2461" y="554"/>
</points>
</Connector>
<Connector class="oracle.dbtools.crest.swingui.relational.TVFKRelation" oid="B72A4B00-B057-ED65-8504-35EEAFA6395E" otype="FKIndexAssociation" vid_source="E9759581-2AD6-0142-4502-BA491A82A88C" vid_target="89721EB1-4F4C-64BE-57FA-5BE1366342F6">
<hideElementsInCurrentOnly>false</hideElementsInCurrentOnly>
<backgroundColor>-16777216</backgroundColor>
<lineWidth>1</lineWidth>
<points>
<point x="1234" y="71"/>
<point x="334" y="71"/>
</points>
</Connector>
<Connector class="oracle.dbtools.crest.swingui.relational.TVFKRelation" oid="B736700E-BDA7-ECB2-1307-33D07E043695" otype="FKIndexAssociation" vid_source="E9759581-2AD6-0142-4502-BA491A82A88C" vid_target="17BD4098-36F6-F6E1-3205-7AF03330256F">
<hideElementsInCurrentOnly>false</hideElementsInCurrentOnly>
<backgroundColor>-16777216</backgroundColor>
<lineWidth>1</lineWidth>
<points>
<point x="1454" y="88"/>
<point x="2354" y="234"/>
</points>
</Connector>
<Connector class="oracle.dbtools.crest.swingui.relational.TVFKRelation" oid="CA7E93D9-590A-E0FF-5ADA-5F1CD73C885A" otype="FKIndexAssociation" vid_source="E9759581-2AD6-0142-4502-BA491A82A88C" vid_target="2C032E26-6CD9-288B-C2F2-3DC71092B81C">
<hideElementsInCurrentOnly>false</hideElementsInCurrentOnly>
<backgroundColor>-16777216</backgroundColor>
<lineWidth>1</lineWidth>
<points>
<point x="1454" y="98"/>
<point x="1944" y="220"/>
</points>
</Connector>
<Connector class="oracle.dbtools.crest.swingui.relational.TVFKRelation" oid="CABABBFA-8854-6319-12F8-74177072249A" otype="FKIndexAssociation" vid_source="A4279B1F-D4A2-AD6A-3BF7-0D43A8A9F93B" vid_target="A3211CFF-D1F9-AD7B-7AC1-7E8C8B95432A">
<hideElementsInCurrentOnly>false</hideElementsInCurrentOnly>
<backgroundColor>-16777216</backgroundColor>
<lineWidth>1</lineWidth>
<points>
<point x="2051" y="494"/>
<point x="2051" y="554"/>
</points>
</Connector>
<Connector class="oracle.dbtools.crest.swingui.relational.TVFKRelation" oid="F4C7A3C3-E851-3CD3-1C84-1C0D3C2D888B" otype="FKIndexAssociation" vid_source="7A4B1917-8BF9-1D83-E4B2-BE399D93D7DB" vid_target="0495640C-3739-5847-254E-276E083CA009">
<hideElementsInCurrentOnly>false</hideElementsInCurrentOnly>
<backgroundColor>-16777216</backgroundColor>
<lineWidth>1</lineWidth>
<points>
<point x="232" y="658"/>
<point x="1234" y="312"/>
</points>
</Connector>
</connectors>
</Diagram>
