<?xml version = '1.0' encoding = 'UTF-8'?>
<Table class="oracle.dbtools.crest.model.design.relational.Table" directorySegmentName="seg_0" id="3AEEEF7A-FBC4-D3BA-FB19-553EE0BF814C" name="demographic_data">
<createdBy>muchd</createdBy>
<createdTime>2023-01-25 22:06:53 UTC</createdTime>
<generatorID>EBDC8BF6-819B-4046-BC61-D305649AF596</generatorID>
<ownerDesignName>bank_staging</ownerDesignName>
<allowColumnReorder>false</allowColumnReorder>
<existDependencyGenerateInDDl>true</existDependencyGenerateInDDl>
<parsed>true</parsed>
<columns itemClass="oracle.dbtools.crest.model.design.relational.Column">
<Column name="staged_at" id="AB807580-FE11-6A75-7EA1-6E649AF55A81">
<createdBy>muchd</createdBy>
<createdTime>2023-01-25 22:06:53 UTC</createdTime>
<generatorID>88847F50-AD84-701C-B940-276D236DA2BE</generatorID>
<ownerDesignName>bank_staging</ownerDesignName>
<useDomainConstraints>false</useDomainConstraints>
<use>1</use>
<logicalDatatype>LOGDT008</logicalDatatype>
<ownDataTypeParameters>,,</ownDataTypeParameters>
<autoIncrementCycle>false</autoIncrementCycle>
</Column>
<Column name="A1" id="E1100C57-513E-AA5F-F41E-8BDA16124A3C">
<createdBy>muchd</createdBy>
<createdTime>2023-01-25 22:06:53 UTC</createdTime>
<generatorID>0E5F87D1-1E2D-9749-F5E7-43A3FCD12FB5</generatorID>
<ownerDesignName>bank_staging</ownerDesignName>
<useDomainConstraints>false</useDomainConstraints>
<use>1</use>
<logicalDatatype>LOGDT027</logicalDatatype>
<ownDataTypeParameters>,,</ownDataTypeParameters>
<autoIncrementCycle>false</autoIncrementCycle>
</Column>
<Column name="A2" id="593961C0-9B9F-4739-9C82-D87AD21E309B">
<createdBy>muchd</createdBy>
<createdTime>2023-01-25 22:06:53 UTC</createdTime>
<generatorID>21F10B08-6D1B-4775-3518-896418E6A4E0</generatorID>
<ownerDesignName>bank_staging</ownerDesignName>
<nullsAllowed>true</nullsAllowed>
<useDomainConstraints>false</useDomainConstraints>
<use>1</use>
<logicalDatatype>LOGDT024</logicalDatatype>
<dataTypeSize>50 CHAR</dataTypeSize>
<ownDataTypeParameters>50 CHAR,,</ownDataTypeParameters>
<autoIncrementCycle>false</autoIncrementCycle>
</Column>
<Column name="A3" id="6EB74C72-54E6-4E57-C7C1-EDA06B2D28D0">
<createdBy>muchd</createdBy>
<createdTime>2023-01-25 22:06:53 UTC</createdTime>
<generatorID>41253B1C-C908-E612-06FA-56500E423C4A</generatorID>
<ownerDesignName>bank_staging</ownerDesignName>
<nullsAllowed>true</nullsAllowed>
<useDomainConstraints>false</useDomainConstraints>
<use>1</use>
<logicalDatatype>LOGDT024</logicalDatatype>
<dataTypeSize>50 CHAR</dataTypeSize>
<ownDataTypeParameters>50 CHAR,,</ownDataTypeParameters>
<autoIncrementCycle>false</autoIncrementCycle>
</Column>
<Column name="A4" id="0D94B28B-782B-A658-7877-259CB422438F">
<createdBy>muchd</createdBy>
<createdTime>2023-01-25 22:06:53 UTC</createdTime>
<generatorID>FFE27C61-FC21-3DA5-D4A3-E31584E6A445</generatorID>
<ownerDesignName>bank_staging</ownerDesignName>
<nullsAllowed>true</nullsAllowed>
<useDomainConstraints>false</useDomainConstraints>
<use>1</use>
<logicalDatatype>LOGDT011</logicalDatatype>
<ownDataTypeParameters>,,</ownDataTypeParameters>
<autoIncrementCycle>false</autoIncrementCycle>
</Column>
<Column name="A5" id="537FEE81-2A9B-F8CC-76B9-72DE9FECEFFB">
<createdBy>muchd</createdBy>
<createdTime>2023-01-25 22:06:53 UTC</createdTime>
<generatorID>961C9883-8F77-C2FF-1B03-3D8F05AAADEF</generatorID>
<ownerDesignName>bank_staging</ownerDesignName>
<nullsAllowed>true</nullsAllowed>
<useDomainConstraints>false</useDomainConstraints>
<use>1</use>
<logicalDatatype>LOGDT011</logicalDatatype>
<ownDataTypeParameters>,,</ownDataTypeParameters>
<autoIncrementCycle>false</autoIncrementCycle>
</Column>
<Column name="A6" id="34459644-7194-1E6B-EB59-537FD013D20C">
<createdBy>muchd</createdBy>
<createdTime>2023-01-25 22:06:53 UTC</createdTime>
<generatorID>0732C42B-1C73-7480-A695-B0DD5D89E8BE</generatorID>
<ownerDesignName>bank_staging</ownerDesignName>
<nullsAllowed>true</nullsAllowed>
<useDomainConstraints>false</useDomainConstraints>
<use>1</use>
<logicalDatatype>LOGDT011</logicalDatatype>
<ownDataTypeParameters>,,</ownDataTypeParameters>
<autoIncrementCycle>false</autoIncrementCycle>
</Column>
<Column name="A7" id="AD4CA392-0E86-DAF9-A39A-D39C701D8278">
<createdBy>muchd</createdBy>
<createdTime>2023-01-25 22:06:53 UTC</createdTime>
<generatorID>905BE7C9-74F3-916F-3516-5344D1B881AE</generatorID>
<ownerDesignName>bank_staging</ownerDesignName>
<nullsAllowed>true</nullsAllowed>
<useDomainConstraints>false</useDomainConstraints>
<use>1</use>
<logicalDatatype>LOGDT011</logicalDatatype>
<ownDataTypeParameters>,,</ownDataTypeParameters>
<autoIncrementCycle>false</autoIncrementCycle>
</Column>
<Column name="A8" id="3D85B640-ABA3-D157-F7B7-8B1D4B3368A1">
<createdBy>muchd</createdBy>
<createdTime>2023-01-25 22:06:53 UTC</createdTime>
<generatorID>9F32E755-B206-D1A9-CEE7-D17027E5ADD9</generatorID>
<ownerDesignName>bank_staging</ownerDesignName>
<nullsAllowed>true</nullsAllowed>
<useDomainConstraints>false</useDomainConstraints>
<use>1</use>
<logicalDatatype>LOGDT011</logicalDatatype>
<ownDataTypeParameters>,,</ownDataTypeParameters>
<autoIncrementCycle>false</autoIncrementCycle>
</Column>
<Column name="A9" id="6D2E3CE1-97E1-D86C-EEC8-7907DCE5576A">
<createdBy>muchd</createdBy>
<createdTime>2023-01-25 22:06:53 UTC</createdTime>
<generatorID>239761E3-7F79-AEF2-F0F7-38852FA03030</generatorID>
<ownerDesignName>bank_staging</ownerDesignName>
<nullsAllowed>true</nullsAllowed>
<useDomainConstraints>false</useDomainConstraints>
<use>1</use>
<logicalDatatype>LOGDT011</logicalDatatype>
<ownDataTypeParameters>,,</ownDataTypeParameters>
<autoIncrementCycle>false</autoIncrementCycle>
</Column>
<Column name="A10" id="7B66D590-205C-7330-E37A-9A115434E6B3">
<createdBy>muchd</createdBy>
<createdTime>2023-01-25 22:06:53 UTC</createdTime>
<generatorID>7DCAC21C-C420-2B6E-84CD-A971B7A643C6</generatorID>
<ownerDesignName>bank_staging</ownerDesignName>
<nullsAllowed>true</nullsAllowed>
<useDomainConstraints>false</useDomainConstraints>
<use>1</use>
<logicalDatatype>LOGDT021</logicalDatatype>
<ownDataTypeParameters>,,</ownDataTypeParameters>
<autoIncrementCycle>false</autoIncrementCycle>
</Column>
<Column name="A11" id="DC9A5A8D-D2C0-0E89-2497-E4B13C56A239">
<createdBy>muchd</createdBy>
<createdTime>2023-01-25 22:06:53 UTC</createdTime>
<generatorID>5A095CF4-8501-6D0C-FF6B-618A0AE8B855</generatorID>
<ownerDesignName>bank_staging</ownerDesignName>
<nullsAllowed>true</nullsAllowed>
<useDomainConstraints>false</useDomainConstraints>
<use>1</use>
<logicalDatatype>LOGDT011</logicalDatatype>
<ownDataTypeParameters>,,</ownDataTypeParameters>
<autoIncrementCycle>false</autoIncrementCycle>
</Column>
<Column name="A12" id="20D5980B-5F58-3324-045A-1C708B2D3DB0">
<createdBy>muchd</createdBy>
<createdTime>2023-01-25 22:06:53 UTC</createdTime>
<generatorID>2E93554A-622C-FA20-79AF-DF3EBDF69E02</generatorID>
<ownerDesignName>bank_staging</ownerDesignName>
<nullsAllowed>true</nullsAllowed>
<useDomainConstraints>false</useDomainConstraints>
<use>1</use>
<logicalDatatype>LOGDT021</logicalDatatype>
<ownDataTypeParameters>,,</ownDataTypeParameters>
<autoIncrementCycle>false</autoIncrementCycle>
</Column>
<Column name="A13" id="512DF984-2267-0DE5-68ED-35CD7E832B7A">
<createdBy>muchd</createdBy>
<createdTime>2023-01-25 22:06:53 UTC</createdTime>
<generatorID>2F32684C-06BA-A0A7-AEE4-627348A6D45D</generatorID>
<ownerDesignName>bank_staging</ownerDesignName>
<nullsAllowed>true</nullsAllowed>
<useDomainConstraints>false</useDomainConstraints>
<use>1</use>
<logicalDatatype>LOGDT021</logicalDatatype>
<ownDataTypeParameters>,,</ownDataTypeParameters>
<autoIncrementCycle>false</autoIncrementCycle>
</Column>
<Column name="A14" id="413094EB-00FF-758B-4BDF-E3D72B4B7693">
<createdBy>muchd</createdBy>
<createdTime>2023-01-25 22:06:53 UTC</createdTime>
<generatorID>7009EF77-6C9E-3E2D-4671-A4009A431517</generatorID>
<ownerDesignName>bank_staging</ownerDesignName>
<nullsAllowed>true</nullsAllowed>
<useDomainConstraints>false</useDomainConstraints>
<use>1</use>
<logicalDatatype>LOGDT011</logicalDatatype>
<ownDataTypeParameters>,,</ownDataTypeParameters>
<autoIncrementCycle>false</autoIncrementCycle>
</Column>
<Column name="A15" id="360C65ED-AF6D-EB95-F6BF-62A684F2A074">
<createdBy>muchd</createdBy>
<createdTime>2023-01-25 22:06:53 UTC</createdTime>
<generatorID>4B1BD979-5A17-960D-61D4-BA401653B234</generatorID>
<ownerDesignName>bank_staging</ownerDesignName>
<nullsAllowed>true</nullsAllowed>
<useDomainConstraints>false</useDomainConstraints>
<use>1</use>
<logicalDatatype>LOGDT011</logicalDatatype>
<ownDataTypeParameters>,,</ownDataTypeParameters>
<autoIncrementCycle>false</autoIncrementCycle>
</Column>
<Column name="A16" id="4B44EE76-E879-362A-CF6F-940E6B493C94">
<createdBy>muchd</createdBy>
<createdTime>2023-01-25 22:06:53 UTC</createdTime>
<generatorID>39BA9D72-095D-5E78-8547-9CF26D3BD680</generatorID>
<ownerDesignName>bank_staging</ownerDesignName>
<nullsAllowed>true</nullsAllowed>
<useDomainConstraints>false</useDomainConstraints>
<use>1</use>
<logicalDatatype>LOGDT011</logicalDatatype>
<ownDataTypeParameters>,,</ownDataTypeParameters>
<autoIncrementCycle>false</autoIncrementCycle>
</Column>
</columns>
<indexes itemClass="oracle.dbtools.crest.model.design.relational.Index">
<ind_PK_UK id="8797107D-D82E-5B00-AFB3-683BB7EE51C6" name="demographic_data_PK">
<createdBy>muchd</createdBy>
<createdTime>2023-01-25 22:06:53 UTC</createdTime>
<generatorID>E16C9102-DEBE-0814-48D5-67545CB528ED</generatorID>
<ownerDesignName>bank_staging</ownerDesignName>
<pk>true</pk>
<indexState>Primary Constraint</indexState>
<isSurrogateKey>false</isSurrogateKey>
<indexColumnUsage>
<colUsage columnID="E1100C57-513E-AA5F-F41E-8BDA16124A3C"/>
<colUsage columnID="AB807580-FE11-6A75-7EA1-6E649AF55A81"/>
</indexColumnUsage>
</ind_PK_UK>
</indexes>
</Table>
