<?xml version = '1.0' encoding = 'UTF-8'?>
<Table class="oracle.dbtools.crest.model.design.relational.Table" directorySegmentName="seg_0" id="81DCB7D5-C978-3B82-75B5-BBC9BDEB1A3D" name="account">
<createdBy>muchd</createdBy>
<createdTime>2023-01-25 22:06:53 UTC</createdTime>
<generatorID>17F7F300-E74F-7D14-220E-7C08B0A4F245</generatorID>
<ownerDesignName>bank_staging</ownerDesignName>
<allowColumnReorder>false</allowColumnReorder>
<existDependencyGenerateInDDl>true</existDependencyGenerateInDDl>
<parsed>true</parsed>
<columns itemClass="oracle.dbtools.crest.model.design.relational.Column">
<Column name="staged_at" id="AC6027BA-A19D-0325-C10C-1D9D7ED4759A">
<createdBy>muchd</createdBy>
<createdTime>2023-01-25 22:06:53 UTC</createdTime>
<generatorID>E5B722BB-B8BD-2C08-6803-D0C01D7D9AEE</generatorID>
<ownerDesignName>bank_staging</ownerDesignName>
<useDomainConstraints>false</useDomainConstraints>
<use>1</use>
<logicalDatatype>LOGDT008</logicalDatatype>
<ownDataTypeParameters>,,</ownDataTypeParameters>
<autoIncrementCycle>false</autoIncrementCycle>
</Column>
<Column name="account_id" id="04A05ADD-0F08-5DA3-4B64-41D6E213F4F7">
<createdBy>muchd</createdBy>
<createdTime>2023-01-25 22:06:53 UTC</createdTime>
<generatorID>75B29B9F-DD59-8E13-CBC0-0E3827EFEF2D</generatorID>
<ownerDesignName>bank_staging</ownerDesignName>
<useDomainConstraints>false</useDomainConstraints>
<use>1</use>
<logicalDatatype>LOGDT027</logicalDatatype>
<ownDataTypeParameters>,,</ownDataTypeParameters>
<autoIncrementCycle>false</autoIncrementCycle>
</Column>
<Column name="district_id" id="7C967CF8-9CBE-AF05-AFFD-9E9445FE56E0">
<createdBy>muchd</createdBy>
<createdTime>2023-01-25 22:06:53 UTC</createdTime>
<generatorID>279EB52E-E626-989A-1962-C9CD3B39CCB7</generatorID>
<ownerDesignName>bank_staging</ownerDesignName>
<nullsAllowed>true</nullsAllowed>
<useDomainConstraints>false</useDomainConstraints>
<use>1</use>
<logicalDatatype>LOGDT027</logicalDatatype>
<ownDataTypeParameters>,,</ownDataTypeParameters>
<autoIncrementCycle>false</autoIncrementCycle>
</Column>
<Column name="date" id="E8140E1E-B032-B322-4E04-4A983B14689E">
<createdBy>muchd</createdBy>
<createdTime>2023-01-25 22:06:53 UTC</createdTime>
<generatorID>F50A61AF-68C2-0DD9-D3FA-97B0B5B5596F</generatorID>
<ownerDesignName>bank_staging</ownerDesignName>
<nullsAllowed>true</nullsAllowed>
<useDomainConstraints>false</useDomainConstraints>
<use>1</use>
<logicalDatatype>LOGDT011</logicalDatatype>
<ownDataTypeParameters>,,</ownDataTypeParameters>
<autoIncrementCycle>false</autoIncrementCycle>
</Column>
<Column name="frequency" id="3F6849B2-E144-7861-1A27-46644B382A07">
<createdBy>muchd</createdBy>
<createdTime>2023-01-25 22:06:53 UTC</createdTime>
<generatorID>A94A9AA7-8B7E-9703-DB05-9069A2813BE1</generatorID>
<ownerDesignName>bank_staging</ownerDesignName>
<nullsAllowed>true</nullsAllowed>
<useDomainConstraints>false</useDomainConstraints>
<use>1</use>
<logicalDatatype>LOGDT024</logicalDatatype>
<dataTypeSize>30 CHAR</dataTypeSize>
<ownDataTypeParameters>30 CHAR,,</ownDataTypeParameters>
<autoIncrementCycle>false</autoIncrementCycle>
</Column>
</columns>
<indexes itemClass="oracle.dbtools.crest.model.design.relational.Index">
<ind_PK_UK id="A0673269-D779-CF5A-1FE7-87E4D44AB0B9" name="account_PK">
<createdBy>muchd</createdBy>
<createdTime>2023-01-25 22:06:53 UTC</createdTime>
<generatorID>120D1134-BB58-B33F-1891-D30091293554</generatorID>
<ownerDesignName>bank_staging</ownerDesignName>
<pk>true</pk>
<indexState>Primary Constraint</indexState>
<isSurrogateKey>false</isSurrogateKey>
<indexColumnUsage>
<colUsage columnID="04A05ADD-0F08-5DA3-4B64-41D6E213F4F7"/>
<colUsage columnID="AC6027BA-A19D-0325-C10C-1D9D7ED4759A"/>
</indexColumnUsage>
</ind_PK_UK>
</indexes>
</Table>
