<?xml version = '1.0' encoding = 'UTF-8'?>
<Table class="oracle.dbtools.crest.model.design.relational.Table" directorySegmentName="seg_0" id="D43DF336-199F-B0A4-2911-844853AD441E" name="client">
<createdBy>muchd</createdBy>
<createdTime>2023-01-25 22:06:53 UTC</createdTime>
<generatorID>F3B7CC97-325A-6835-5FC8-35BB2EE5774D</generatorID>
<ownerDesignName>bank_staging</ownerDesignName>
<allowColumnReorder>false</allowColumnReorder>
<existDependencyGenerateInDDl>true</existDependencyGenerateInDDl>
<parsed>true</parsed>
<columns itemClass="oracle.dbtools.crest.model.design.relational.Column">
<Column name="staged_at" id="F18D43DE-34E1-E163-C1B0-5DC0A3D38855">
<createdBy>muchd</createdBy>
<createdTime>2023-01-25 22:06:53 UTC</createdTime>
<generatorID>CF4D103B-A3BB-17C4-A9ED-D1D6CCFBC6CA</generatorID>
<ownerDesignName>bank_staging</ownerDesignName>
<useDomainConstraints>false</useDomainConstraints>
<use>1</use>
<logicalDatatype>LOGDT008</logicalDatatype>
<ownDataTypeParameters>,,</ownDataTypeParameters>
<autoIncrementCycle>false</autoIncrementCycle>
</Column>
<Column name="client_id" id="E6A3F257-0848-C881-E9F9-27E95ED05035">
<createdBy>muchd</createdBy>
<createdTime>2023-01-25 22:06:53 UTC</createdTime>
<generatorID>7E1F95CC-61CD-816E-420F-B34A5CA21FBE</generatorID>
<ownerDesignName>bank_staging</ownerDesignName>
<useDomainConstraints>false</useDomainConstraints>
<use>1</use>
<logicalDatatype>LOGDT027</logicalDatatype>
<ownDataTypeParameters>,,</ownDataTypeParameters>
<autoIncrementCycle>false</autoIncrementCycle>
</Column>
<Column name="district_id" id="8254FA0A-24D6-D017-3C25-B620657B46DA">
<createdBy>muchd</createdBy>
<createdTime>2023-01-25 22:06:53 UTC</createdTime>
<generatorID>6F98F5C3-564C-7259-E0A0-5013A63CB147</generatorID>
<ownerDesignName>bank_staging</ownerDesignName>
<nullsAllowed>true</nullsAllowed>
<useDomainConstraints>false</useDomainConstraints>
<use>1</use>
<logicalDatatype>LOGDT027</logicalDatatype>
<ownDataTypeParameters>,,</ownDataTypeParameters>
<autoIncrementCycle>false</autoIncrementCycle>
</Column>
<Column name="birth_number" id="8A47C2A4-0E19-EB89-798A-2BC4E53FDDE8">
<createdBy>muchd</createdBy>
<createdTime>2023-01-25 22:06:53 UTC</createdTime>
<generatorID>68029782-C8A4-00A1-5973-FFF7B8F184CE</generatorID>
<ownerDesignName>bank_staging</ownerDesignName>
<nullsAllowed>true</nullsAllowed>
<useDomainConstraints>false</useDomainConstraints>
<use>1</use>
<logicalDatatype>LOGDT011</logicalDatatype>
<ownDataTypeParameters>,,</ownDataTypeParameters>
<autoIncrementCycle>false</autoIncrementCycle>
</Column>
</columns>
<indexes itemClass="oracle.dbtools.crest.model.design.relational.Index">
<ind_PK_UK id="869255E8-26F7-0028-03B6-55DC7634D535" name="client_PK">
<createdBy>muchd</createdBy>
<createdTime>2023-01-25 22:06:53 UTC</createdTime>
<generatorID>9D5BD938-AD0E-0551-3C26-4CD74E312568</generatorID>
<ownerDesignName>bank_staging</ownerDesignName>
<pk>true</pk>
<indexState>Primary Constraint</indexState>
<isSurrogateKey>false</isSurrogateKey>
<indexColumnUsage>
<colUsage columnID="E6A3F257-0848-C881-E9F9-27E95ED05035"/>
<colUsage columnID="F18D43DE-34E1-E163-C1B0-5DC0A3D38855"/>
</indexColumnUsage>
</ind_PK_UK>
</indexes>
</Table>
