<?xml version = '1.0' encoding = 'UTF-8'?>
<Table class="oracle.dbtools.crest.model.design.relational.Table" directorySegmentName="seg_0" id="17619529-B44A-C627-75AA-E879678DA4CB" name="f_loan">
<createdBy>muchd</createdBy>
<createdTime>2023-01-28 23:37:31 UTC</createdTime>
<generatorID>499545BA-2967-0675-A78A-A320AB8D69A4</generatorID>
<ownerDesignName>bank_dimension</ownerDesignName>
<typeID>1</typeID>
<allowColumnReorder>false</allowColumnReorder>
<existDependencyGenerateInDDl>true</existDependencyGenerateInDDl>
<parsed>true</parsed>
<columns itemClass="oracle.dbtools.crest.model.design.relational.Column">
<Column name="account_id" id="7BBC1909-BFDD-FF18-FEE9-C4029C66B951">
<createdBy>muchd</createdBy>
<createdTime>2023-01-28 23:37:31 UTC</createdTime>
<generatorID>B4FFB85D-3A56-1C05-CBDA-1CF4B3A005C1</generatorID>
<ownerDesignName>bank_dimension</ownerDesignName>
<useDomainConstraints>false</useDomainConstraints>
<use>1</use>
<logicalDatatype>LOGDT027</logicalDatatype>
<ownDataTypeParameters>,,</ownDataTypeParameters>
<previousColumn>false</previousColumn>
<autoIncrementCycle>false</autoIncrementCycle>
<associations>
<colAssociation fkAssociation="A108893D-9AA0-0D9E-7DF3-A199A3270AD1" referredColumn="CEC6F7EF-26FF-3E42-4AD7-1312696DF68E"/>
</associations>
</Column>
<Column name="loan_id" id="A2B4A1F1-F551-746C-F584-04CB2D466763">
<createdBy>muchd</createdBy>
<createdTime>2023-01-28 23:37:31 UTC</createdTime>
<generatorID>CAABB37D-6160-571D-B6B8-DCCEF2C9CC36</generatorID>
<ownerDesignName>bank_dimension</ownerDesignName>
<useDomainConstraints>false</useDomainConstraints>
<use>1</use>
<logicalDatatype>LOGDT027</logicalDatatype>
<ownDataTypeParameters>,,</ownDataTypeParameters>
<previousColumn>false</previousColumn>
<autoIncrementCycle>false</autoIncrementCycle>
<associations>
<colAssociation fkAssociation="68BDACDE-52D1-DBD9-5ECE-70C82BEBC41F" referredColumn="C9F0BE21-7CFE-7BFD-52B1-45BFCCBCE920"/>
</associations>
</Column>
<Column name="date" id="70BE4768-01FA-E69F-B759-55A18DBCD196">
<createdBy>muchd</createdBy>
<createdTime>2023-01-28 23:37:31 UTC</createdTime>
<generatorID>17DB00C2-D390-41F6-36F5-5A27AA6C7788</generatorID>
<ownerDesignName>bank_dimension</ownerDesignName>
<useDomainConstraints>false</useDomainConstraints>
<use>1</use>
<logicalDatatype>LOGDT027</logicalDatatype>
<ownDataTypeParameters>,,</ownDataTypeParameters>
<previousColumn>false</previousColumn>
<autoIncrementCycle>false</autoIncrementCycle>
<associations>
<colAssociation fkAssociation="D1103274-BDCA-DFD6-ED4F-43C429DD502F" referredColumn="012E4684-72E7-6AF8-4D34-48467A3B5DC0"/>
</associations>
</Column>
<Column name="amount" id="850EC90B-0496-A3FD-6108-D7F9FBC1D79D">
<createdBy>muchd</createdBy>
<createdTime>2023-01-28 23:37:31 UTC</createdTime>
<generatorID>27579C3F-38D2-6CF8-12C7-7DD915F8E46E</generatorID>
<ownerDesignName>bank_dimension</ownerDesignName>
<nullsAllowed>true</nullsAllowed>
<useDomainConstraints>false</useDomainConstraints>
<use>1</use>
<logicalDatatype>LOGDT011</logicalDatatype>
<ownDataTypeParameters>,,</ownDataTypeParameters>
<autoIncrementCycle>false</autoIncrementCycle>
</Column>
<Column name="payments" id="A8EA88AA-E1B5-5CD2-E858-7BBE305EC8D0">
<createdBy>muchd</createdBy>
<createdTime>2023-01-28 23:37:31 UTC</createdTime>
<generatorID>4A3D6AEF-F088-577B-610B-7E42B0A69047</generatorID>
<ownerDesignName>bank_dimension</ownerDesignName>
<nullsAllowed>true</nullsAllowed>
<useDomainConstraints>false</useDomainConstraints>
<use>1</use>
<logicalDatatype>LOGDT026</logicalDatatype>
<ownDataTypeParameters>,,</ownDataTypeParameters>
<autoIncrementCycle>false</autoIncrementCycle>
</Column>
</columns>
<indexes itemClass="oracle.dbtools.crest.model.design.relational.Index">
<ind_PK_UK id="9E144202-0B26-BF2C-57AC-D2A67277305A" name="f_loan_PK">
<createdBy>muchd</createdBy>
<createdTime>2023-01-28 23:37:31 UTC</createdTime>
<generatorID>8F257EF1-BBEA-73AA-917D-38263D3180B9</generatorID>
<ownerDesignName>bank_dimension</ownerDesignName>
<pk>true</pk>
<indexState>Primary Constraint</indexState>
<isSurrogateKey>false</isSurrogateKey>
<indexColumnUsage>
<colUsage columnID="7BBC1909-BFDD-FF18-FEE9-C4029C66B951"/>
<colUsage columnID="A2B4A1F1-F551-746C-F584-04CB2D466763"/>
<colUsage columnID="70BE4768-01FA-E69F-B759-55A18DBCD196"/>
</indexColumnUsage>
</ind_PK_UK>
<ind_PK_UK id="2A472591-AF88-78B9-4905-9E441AB47320" name="f_loan_d_account_FK">
<createdBy>muchd</createdBy>
<createdTime>2023-01-28 23:37:31 UTC</createdTime>
<generatorID>91049A44-0C41-2C99-8317-BAF1C2E0389D</generatorID>
<ownerDesignName>bank_dimension</ownerDesignName>
<indexState>Foreign Key</indexState>
<isSurrogateKey>false</isSurrogateKey>
<indexColumnUsage>
<colUsage columnID="7BBC1909-BFDD-FF18-FEE9-C4029C66B951"/>
</indexColumnUsage>
</ind_PK_UK>
<ind_PK_UK id="ED84ACCB-8AAF-755A-9CF2-3FB1987385C3" name="f_loan_d_date_FK">
<createdBy>muchd</createdBy>
<createdTime>2023-01-28 23:37:31 UTC</createdTime>
<generatorID>92CDF596-52BE-8C4F-7B65-4FC3AA227A73</generatorID>
<ownerDesignName>bank_dimension</ownerDesignName>
<indexState>Foreign Key</indexState>
<isSurrogateKey>false</isSurrogateKey>
<indexColumnUsage>
<colUsage columnID="70BE4768-01FA-E69F-B759-55A18DBCD196"/>
</indexColumnUsage>
</ind_PK_UK>
<ind_PK_UK id="0AE1F582-4214-9F2B-5A34-B3EEBE34B598" name="f_loan_d_loan_FK">
<createdBy>muchd</createdBy>
<createdTime>2023-01-28 23:37:31 UTC</createdTime>
<generatorID>D86C3B67-DBA0-44B9-E84B-A96B45E7A02E</generatorID>
<ownerDesignName>bank_dimension</ownerDesignName>
<indexState>Foreign Key</indexState>
<isSurrogateKey>false</isSurrogateKey>
<indexColumnUsage>
<colUsage columnID="A2B4A1F1-F551-746C-F584-04CB2D466763"/>
</indexColumnUsage>
</ind_PK_UK>
</indexes>
</Table>
