<?xml version = '1.0' encoding = 'UTF-8'?>
<Table class="oracle.dbtools.crest.model.design.relational.Table" directorySegmentName="seg_0" id="5FC206F2-FC77-0042-E1FE-3799BD8D71C7" name="d_credit_card">
<createdBy>muchd</createdBy>
<createdTime>2023-01-28 23:37:31 UTC</createdTime>
<generatorID>B35FBC16-1102-A62A-2623-AA9448B024A2</generatorID>
<ownerDesignName>bank_dimension</ownerDesignName>
<typeID>2</typeID>
<allowColumnReorder>false</allowColumnReorder>
<existDependencyGenerateInDDl>true</existDependencyGenerateInDDl>
<parsed>true</parsed>
<columns itemClass="oracle.dbtools.crest.model.design.relational.Column">
<Column name="id" id="20738172-45B8-93F9-909C-BE7238A99D4C">
<createdBy>muchd</createdBy>
<createdTime>2023-01-28 23:37:31 UTC</createdTime>
<generatorID>52E2C64C-A33D-8826-ECEC-3C181FD05486</generatorID>
<ownerDesignName>bank_dimension</ownerDesignName>
<useDomainConstraints>false</useDomainConstraints>
<use>1</use>
<logicalDatatype>LOGDT027</logicalDatatype>
<ownDataTypeParameters>,,</ownDataTypeParameters>
<autoIncrementCycle>false</autoIncrementCycle>
</Column>
<Column name="card_id" id="283E3B02-E9F3-24B1-55BA-D0C01375ADA6">
<createdBy>muchd</createdBy>
<createdTime>2023-01-28 23:37:31 UTC</createdTime>
<generatorID>76E4551D-177E-63AB-CA77-FAE55B2AAF63</generatorID>
<ownerDesignName>bank_dimension</ownerDesignName>
<useDomainConstraints>false</useDomainConstraints>
<use>1</use>
<logicalDatatype>LOGDT027</logicalDatatype>
<ownDataTypeParameters>,,</ownDataTypeParameters>
<autoIncrementCycle>false</autoIncrementCycle>
</Column>
<Column name="type" id="2AF3C43D-4C75-72DA-21C6-3E49D0B84ADF">
<createdBy>muchd</createdBy>
<createdTime>2023-01-28 23:37:31 UTC</createdTime>
<generatorID>E3F5FBAD-A205-4F9D-38A2-060D2892E148</generatorID>
<ownerDesignName>bank_dimension</ownerDesignName>
<nullsAllowed>true</nullsAllowed>
<useDomainConstraints>false</useDomainConstraints>
<use>1</use>
<logicalDatatype>LOGDT024</logicalDatatype>
<dataTypeSize>10</dataTypeSize>
<ownDataTypeParameters>10,,</ownDataTypeParameters>
<autoIncrementCycle>false</autoIncrementCycle>
</Column>
</columns>
<indexes itemClass="oracle.dbtools.crest.model.design.relational.Index">
<ind_PK_UK id="6C40BEE6-1558-FEEA-06FF-05603988239A" name="d_credit_card_PK">
<createdBy>muchd</createdBy>
<createdTime>2023-01-28 23:37:31 UTC</createdTime>
<generatorID>D288E6A9-630C-0FE4-BF96-FA7040A6B3A3</generatorID>
<ownerDesignName>bank_dimension</ownerDesignName>
<pk>true</pk>
<indexState>Primary Constraint</indexState>
<isSurrogateKey>false</isSurrogateKey>
<indexColumnUsage>
<colUsage columnID="20738172-45B8-93F9-909C-BE7238A99D4C"/>
</indexColumnUsage>
</ind_PK_UK>
</indexes>
</Table>
