<?xml version = '1.0' encoding = 'UTF-8'?>
<Table class="oracle.dbtools.crest.model.design.relational.Table" directorySegmentName="seg_0" id="AA8396A7-D30D-0A5C-B7ED-875041746AA0" name="f_permanent_order">
<createdBy>muchd</createdBy>
<createdTime>2023-01-28 23:37:31 UTC</createdTime>
<generatorID>43768CDA-C971-C0A0-1F95-E15AF8ED51CD</generatorID>
<ownerDesignName>bank_dimension</ownerDesignName>
<typeID>1</typeID>
<allowColumnReorder>false</allowColumnReorder>
<existDependencyGenerateInDDl>true</existDependencyGenerateInDDl>
<parsed>true</parsed>
<columns itemClass="oracle.dbtools.crest.model.design.relational.Column">
<Column name="account_id" id="1DF2E39F-5998-62BF-5170-CB4539DA6CB3">
<createdBy>muchd</createdBy>
<createdTime>2023-01-28 23:37:31 UTC</createdTime>
<generatorID>C7B59264-EF28-1EF9-9979-A586422ABE23</generatorID>
<ownerDesignName>bank_dimension</ownerDesignName>
<useDomainConstraints>false</useDomainConstraints>
<use>1</use>
<logicalDatatype>LOGDT027</logicalDatatype>
<ownDataTypeParameters>,,</ownDataTypeParameters>
<previousColumn>false</previousColumn>
<autoIncrementCycle>false</autoIncrementCycle>
<associations>
<colAssociation fkAssociation="A4593DFF-D0B5-F125-07AA-3F47D00E689F" referredColumn="CEC6F7EF-26FF-3E42-4AD7-1312696DF68E"/>
</associations>
</Column>
<Column name="order_id" id="5BACF39F-72F1-2B7C-85C0-7384B6C3CC1C">
<createdBy>muchd</createdBy>
<createdTime>2023-01-28 23:37:31 UTC</createdTime>
<generatorID>7E27797A-AFB0-E722-F45C-E34FAC7DF915</generatorID>
<ownerDesignName>bank_dimension</ownerDesignName>
<useDomainConstraints>false</useDomainConstraints>
<use>1</use>
<logicalDatatype>LOGDT027</logicalDatatype>
<ownDataTypeParameters>,,</ownDataTypeParameters>
<previousColumn>false</previousColumn>
<autoIncrementCycle>false</autoIncrementCycle>
<associations>
<colAssociation fkAssociation="ACAD6BDF-6758-1B9E-4F8E-294FC4CE82A8" referredColumn="557AEE6E-0AD8-CD29-D985-0B96AC1D34B7"/>
</associations>
</Column>
<Column name="amount" id="9D8F1996-D2D9-930D-E3F4-23EA6FAE3CFA">
<createdBy>muchd</createdBy>
<createdTime>2023-01-28 23:37:31 UTC</createdTime>
<generatorID>163DFA7D-9C47-9FB6-6858-FF279E5DEAF9</generatorID>
<ownerDesignName>bank_dimension</ownerDesignName>
<nullsAllowed>true</nullsAllowed>
<useDomainConstraints>false</useDomainConstraints>
<use>1</use>
<logicalDatatype>LOGDT026</logicalDatatype>
<ownDataTypeParameters>,,</ownDataTypeParameters>
<autoIncrementCycle>false</autoIncrementCycle>
</Column>
</columns>
<indexes itemClass="oracle.dbtools.crest.model.design.relational.Index">
<ind_PK_UK id="0A4F88AD-D536-D4C5-4F56-4238A6505E44" name="f_permanent_order_PK">
<createdBy>muchd</createdBy>
<createdTime>2023-01-28 23:37:31 UTC</createdTime>
<generatorID>2DC1F801-C92E-7FB2-A8D5-4E874A65BB1C</generatorID>
<ownerDesignName>bank_dimension</ownerDesignName>
<pk>true</pk>
<indexState>Primary Constraint</indexState>
<isSurrogateKey>false</isSurrogateKey>
<indexColumnUsage>
<colUsage columnID="1DF2E39F-5998-62BF-5170-CB4539DA6CB3"/>
<colUsage columnID="5BACF39F-72F1-2B7C-85C0-7384B6C3CC1C"/>
</indexColumnUsage>
</ind_PK_UK>
<ind_PK_UK id="1685FD78-DB83-DC62-D96D-525975DA9486" name="f_permanent_order_d_account_FK">
<createdBy>muchd</createdBy>
<createdTime>2023-01-28 23:37:31 UTC</createdTime>
<generatorID>36276A49-BC42-BB30-9BFD-418D661CA1FA</generatorID>
<ownerDesignName>bank_dimension</ownerDesignName>
<indexState>Foreign Key</indexState>
<isSurrogateKey>false</isSurrogateKey>
<indexColumnUsage>
<colUsage columnID="1DF2E39F-5998-62BF-5170-CB4539DA6CB3"/>
</indexColumnUsage>
</ind_PK_UK>
<ind_PK_UK id="D9713FBB-B2E7-D02F-D66B-49A540014673" name="f_permanent_order_d_permanent_order_FK">
<createdBy>muchd</createdBy>
<createdTime>2023-01-28 23:37:31 UTC</createdTime>
<generatorID>6EBA2568-A6CE-C99F-CBE9-C0E550FFF1CE</generatorID>
<ownerDesignName>bank_dimension</ownerDesignName>
<indexState>Foreign Key</indexState>
<isSurrogateKey>false</isSurrogateKey>
<indexColumnUsage>
<colUsage columnID="5BACF39F-72F1-2B7C-85C0-7384B6C3CC1C"/>
</indexColumnUsage>
</ind_PK_UK>
</indexes>
</Table>
