<?xml version = '1.0' encoding = 'UTF-8'?>
<Diagram class="oracle.dbtools.crest.swingui.relational.DPVRelational" name="Relational_1" id="7EF76613-679C-4876-DE14-8CE5E3072EAF">
<createdBy>muchd</createdBy>
<modifiedBy>muchd</modifiedBy>
<createdTime>2023-01-29 00:15:53 UTC</createdTime>
<autoRoute>false</autoRoute>
<boxInbox>true</boxInbox>
<showLegend>false</showLegend>
<showLabels>false</showLabels>
<showRelAttributes>false</showRelAttributes>
<gridEnabled>false</gridEnabled>
<showGrid>false</showGrid>
<diagramColor>-1</diagramColor>
<display>false</display>
<notation>1</notation>
<objectViews>
<OView class="oracle.dbtools.crest.swingui.relational.TVTable" oid="09BC2382-F1BC-22C4-C8FF-6F8DC0E45AD8" otype="Table" vid="7086C4AD-59AE-1F47-3FD5-E97365A19AB1">
<hideElementsInCurrentOnly>false</hideElementsInCurrentOnly>
<bounds x="439" y="272" width="168" height="88"/>
</OView>
<OView class="oracle.dbtools.crest.swingui.relational.TVTable" oid="10C61DF6-F210-9DF3-E4C5-3829BB90678B" otype="Table" vid="18C708FB-B3E6-27D6-7182-A6C29DCBA284">
<hideElementsInCurrentOnly>false</hideElementsInCurrentOnly>
<bounds x="914" y="420" width="171" height="88"/>
</OView>
<OView class="oracle.dbtools.crest.swingui.relational.TVTable" oid="1D30A354-D24B-9442-09D6-433416E56505" otype="Table" vid="6C91C969-49A4-5B0A-C776-5B9F4D4D3EB3">
<hideElementsInCurrentOnly>false</hideElementsInCurrentOnly>
<bounds x="439" y="420" width="395" height="192"/>
</OView>
<OView class="oracle.dbtools.crest.swingui.relational.TVTable" oid="4FED705F-3445-CE5F-FC18-1D0B309E5E8C" otype="Table" vid="E7C44AD6-73C9-AEEB-AF90-AC73390C7A5B">
<hideElementsInCurrentOnly>false</hideElementsInCurrentOnly>
<bounds x="1165" y="434" width="217" height="164"/>
</OView>
<OView class="oracle.dbtools.crest.swingui.relational.TVTable" oid="54AE03F6-F182-8FBB-24A7-238953EBA1F2" otype="Table" vid="6E7EBB8D-D7D3-FC5F-0CB4-C99F55D2ADCF">
<hideElementsInCurrentOnly>false</hideElementsInCurrentOnly>
<bounds x="1821" y="602" width="174" height="116"/>
</OView>
<OView class="oracle.dbtools.crest.swingui.relational.TVTable" oid="5A4F469F-C234-844F-84C6-CC44BCEC1D9C" otype="Table" vid="1C35B85D-8D1E-5656-B1B6-8BAA9C8BD1A8">
<hideElementsInCurrentOnly>false</hideElementsInCurrentOnly>
<bounds x="1165" y="272" width="141" height="102"/>
</OView>
<OView class="oracle.dbtools.crest.swingui.relational.TVTable" oid="6AD045E1-731E-CBD1-7EFA-F7A1268FED40" otype="Table" vid="B3ED9019-DD9B-EBB9-56F7-433CD2B32883">
<hideElementsInCurrentOnly>false</hideElementsInCurrentOnly>
<bounds x="496" y="20" width="169" height="88"/>
</OView>
<OView class="oracle.dbtools.crest.swingui.relational.TVTable" oid="71574F74-6A1E-B0A0-262F-B8D33652EC81" otype="Table" vid="67E6EE04-1819-1C65-6BAB-6B46DF28CA6F">
<hideElementsInCurrentOnly>false</hideElementsInCurrentOnly>
<bounds x="439" y="672" width="144" height="88"/>
</OView>
<OView class="oracle.dbtools.crest.swingui.relational.TVTable" oid="7784831C-BA4E-CEAC-7618-F986B2BE9245" otype="Table" vid="6BE38805-9E45-BD56-FD4C-C547E58127CF">
<hideElementsInCurrentOnly>false</hideElementsInCurrentOnly>
<bounds x="1165" y="658" width="168" height="102"/>
</OView>
<OView class="oracle.dbtools.crest.swingui.relational.TVTable" oid="93713A2B-A1C6-EE77-99BE-1662C9595E3A" otype="Table" vid="0475BDE4-2AD9-2ACB-2223-807D7AEFF858">
<hideElementsInCurrentOnly>false</hideElementsInCurrentOnly>
<bounds x="20" y="272" width="339" height="284"/>
</OView>
<OView class="oracle.dbtools.crest.swingui.relational.TVTable" oid="A2B0D528-EFA3-5425-DE73-8519C34A76D9" otype="Table" vid="88E2B665-1601-C8EE-CFF0-1E3E9EF33339">
<hideElementsInCurrentOnly>false</hideElementsInCurrentOnly>
<bounds x="20" y="20" width="396" height="192"/>
</OView>
<OView class="oracle.dbtools.crest.swingui.relational.TVTable" oid="CC7F3619-28B6-D48F-8CB4-FAB2BA42F5A0" otype="Table" vid="369BD256-5161-865F-7378-9279FD4A3E1C">
<hideElementsInCurrentOnly>false</hideElementsInCurrentOnly>
<bounds x="1821" y="420" width="291" height="122"/>
</OView>
<OView class="oracle.dbtools.crest.swingui.relational.TVTable" oid="D44FD2B9-F051-094C-1909-05D80B97C80A" otype="Table" vid="704CE43D-C153-77B1-3866-636BD0E10923">
<hideElementsInCurrentOnly>false</hideElementsInCurrentOnly>
<bounds x="1462" y="272" width="279" height="164"/>
</OView>
<OView class="oracle.dbtools.crest.swingui.relational.TVTable" oid="ED2CDDE1-8C6B-CE21-1367-3EEF7EAEB470" otype="Table" vid="071344B2-74A5-9E05-40A0-8384AE8AA5DC">
<hideElementsInCurrentOnly>false</hideElementsInCurrentOnly>
<bounds x="1462" y="496" width="180" height="144"/>
</OView>
<OView class="oracle.dbtools.crest.swingui.relational.TVTable" oid="F263AF74-1CDA-8E3A-6888-8EFBC4C92089" otype="Table" vid="870DD71B-B9E4-2C5E-7AF1-2B41D2BDB819">
<hideElementsInCurrentOnly>false</hideElementsInCurrentOnly>
<bounds x="20" y="616" width="258" height="108"/>
</OView>
<OView class="oracle.dbtools.crest.swingui.relational.TVTable" oid="FEEDE306-1D70-1192-D99A-DACE6284B5EF" otype="Table" vid="79BED3F6-3939-0DF0-34A6-811F7F94E083">
<hideElementsInCurrentOnly>false</hideElementsInCurrentOnly>
<bounds x="1821" y="272" width="189" height="88"/>
</OView>
</objectViews>
<connectors>
<Connector class="oracle.dbtools.crest.swingui.relational.TVFKRelation" oid="093C646B-FE55-BA7E-D85B-7256BF5D3348" otype="FKIndexAssociation" vid_source="18C708FB-B3E6-27D6-7182-A6C29DCBA284" vid_target="6C91C969-49A4-5B0A-C776-5B9F4D4D3EB3">
<hideElementsInCurrentOnly>false</hideElementsInCurrentOnly>
<backgroundColor>-16777216</backgroundColor>
<lineWidth>1</lineWidth>
<points>
<point x="914" y="464"/>
<point x="834" y="464"/>
</points>
</Connector>
<Connector class="oracle.dbtools.crest.swingui.relational.TVFKRelation" oid="15CCD55D-6B22-7E43-FF15-984177C6B3E5" otype="FKIndexAssociation" vid_source="7086C4AD-59AE-1F47-3FD5-E97365A19AB1" vid_target="88E2B665-1601-C8EE-CFF0-1E3E9EF33339">
<hideElementsInCurrentOnly>false</hideElementsInCurrentOnly>
<backgroundColor>-16777216</backgroundColor>
<lineWidth>1</lineWidth>
<points>
<point x="455" y="272"/>
<point x="364" y="212"/>
</points>
</Connector>
<Connector class="oracle.dbtools.crest.swingui.relational.TVFKRelation" oid="20B3E132-5218-9421-F73F-9CB85771E3A0" otype="FKIndexAssociation" vid_source="79BED3F6-3939-0DF0-34A6-811F7F94E083" vid_target="6C91C969-49A4-5B0A-C776-5B9F4D4D3EB3">
<hideElementsInCurrentOnly>false</hideElementsInCurrentOnly>
<backgroundColor>-16777216</backgroundColor>
<lineWidth>1</lineWidth>
<points>
<point x="1821" y="330"/>
<point x="834" y="485"/>
</points>
</Connector>
<Connector class="oracle.dbtools.crest.swingui.relational.TVFKRelation" oid="23B7C898-220D-AAD4-8F6F-ECFBFDBD7795" otype="FKIndexAssociation" vid_source="79BED3F6-3939-0DF0-34A6-811F7F94E083" vid_target="704CE43D-C153-77B1-3866-636BD0E10923">
<hideElementsInCurrentOnly>false</hideElementsInCurrentOnly>
<backgroundColor>-16777216</backgroundColor>
<lineWidth>1</lineWidth>
<points>
<point x="1821" y="316"/>
<point x="1741" y="316"/>
</points>
</Connector>
<Connector class="oracle.dbtools.crest.swingui.relational.TVFKRelation" oid="4EF04CEB-274F-C853-A289-94C4F2FD5916" otype="FKIndexAssociation" vid_source="0475BDE4-2AD9-2ACB-2223-807D7AEFF858" vid_target="88E2B665-1601-C8EE-CFF0-1E3E9EF33339">
<hideElementsInCurrentOnly>false</hideElementsInCurrentOnly>
<backgroundColor>-16777216</backgroundColor>
<lineWidth>1</lineWidth>
<points>
<point x="189" y="272"/>
<point x="189" y="212"/>
</points>
</Connector>
<Connector class="oracle.dbtools.crest.swingui.relational.TVFKRelation" oid="4F421369-0ADC-C745-7A98-541AD6BE7A4B" otype="FKIndexAssociation" vid_source="67E6EE04-1819-1C65-6BAB-6B46DF28CA6F" vid_target="6C91C969-49A4-5B0A-C776-5B9F4D4D3EB3">
<hideElementsInCurrentOnly>false</hideElementsInCurrentOnly>
<backgroundColor>-16777216</backgroundColor>
<lineWidth>1</lineWidth>
<points>
<point x="511" y="672"/>
<point x="511" y="612"/>
</points>
</Connector>
<Connector class="oracle.dbtools.crest.swingui.relational.TVFKRelation" oid="81326BBF-9819-B020-D332-6637B3550294" otype="FKIndexAssociation" vid_source="6BE38805-9E45-BD56-FD4C-C547E58127CF" vid_target="E7C44AD6-73C9-AEEB-AF90-AC73390C7A5B">
<hideElementsInCurrentOnly>false</hideElementsInCurrentOnly>
<backgroundColor>-16777216</backgroundColor>
<lineWidth>1</lineWidth>
<points>
<point x="1249" y="658"/>
<point x="1249" y="598"/>
</points>
</Connector>
<Connector class="oracle.dbtools.crest.swingui.relational.TVFKRelation" oid="8408FE9D-4F54-45EB-BD09-22FAAF19B282" otype="FKIndexAssociation" vid_source="1C35B85D-8D1E-5656-B1B6-8BAA9C8BD1A8" vid_target="88E2B665-1601-C8EE-CFF0-1E3E9EF33339">
<hideElementsInCurrentOnly>false</hideElementsInCurrentOnly>
<backgroundColor>-16777216</backgroundColor>
<lineWidth>1</lineWidth>
<points>
<point x="1165" y="308"/>
<point x="416" y="156"/>
</points>
</Connector>
<Connector class="oracle.dbtools.crest.swingui.relational.TVFKRelation" oid="950B2F61-5D9F-F37E-3907-032A93B2C149" otype="FKIndexAssociation" vid_source="071344B2-74A5-9E05-40A0-8384AE8AA5DC" vid_target="704CE43D-C153-77B1-3866-636BD0E10923">
<hideElementsInCurrentOnly>false</hideElementsInCurrentOnly>
<backgroundColor>-16777216</backgroundColor>
<lineWidth>1</lineWidth>
<points>
<point x="1552" y="496"/>
<point x="1552" y="436"/>
</points>
</Connector>
<Connector class="oracle.dbtools.crest.swingui.relational.TVFKRelation" oid="97BA16E2-F702-31C1-DC36-8FF7B11CB5AE" otype="FKIndexAssociation" vid_source="7086C4AD-59AE-1F47-3FD5-E97365A19AB1" vid_target="870DD71B-B9E4-2C5E-7AF1-2B41D2BDB819">
<hideElementsInCurrentOnly>false</hideElementsInCurrentOnly>
<backgroundColor>-16777216</backgroundColor>
<lineWidth>1</lineWidth>
<points>
<point x="476" y="360"/>
<point x="206" y="616"/>
</points>
</Connector>
<Connector class="oracle.dbtools.crest.swingui.relational.TVFKRelation" oid="9BC85A31-289D-95B2-0771-6EE847A48012" otype="FKIndexAssociation" vid_source="79BED3F6-3939-0DF0-34A6-811F7F94E083" vid_target="88E2B665-1601-C8EE-CFF0-1E3E9EF33339">
<hideElementsInCurrentOnly>false</hideElementsInCurrentOnly>
<backgroundColor>-16777216</backgroundColor>
<lineWidth>1</lineWidth>
<points>
<point x="1821" y="304"/>
<point x="416" y="139"/>
</points>
</Connector>
<Connector class="oracle.dbtools.crest.swingui.relational.TVFKRelation" oid="A07E0307-4196-F209-1BAB-0F4BC1B76190" otype="FKIndexAssociation" vid_source="6E7EBB8D-D7D3-FC5F-0CB4-C99F55D2ADCF" vid_target="369BD256-5161-865F-7378-9279FD4A3E1C">
<hideElementsInCurrentOnly>false</hideElementsInCurrentOnly>
<backgroundColor>-16777216</backgroundColor>
<lineWidth>1</lineWidth>
<points>
<point x="1908" y="602"/>
<point x="1908" y="542"/>
</points>
</Connector>
<Connector class="oracle.dbtools.crest.swingui.relational.TVFKRelation" oid="A3B40AEF-F664-9362-9EA2-7CF45EE303AC" otype="FKIndexAssociation" vid_source="1C35B85D-8D1E-5656-B1B6-8BAA9C8BD1A8" vid_target="6C91C969-49A4-5B0A-C776-5B9F4D4D3EB3">
<hideElementsInCurrentOnly>false</hideElementsInCurrentOnly>
<backgroundColor>-16777216</backgroundColor>
<lineWidth>1</lineWidth>
<points>
<point x="1165" y="345"/>
<point x="834" y="452"/>
</points>
</Connector>
<Connector class="oracle.dbtools.crest.swingui.relational.TVFKRelation" oid="AC6D76DA-762F-9146-7F3B-6C58DE84EA42" otype="FKIndexAssociation" vid_source="1C35B85D-8D1E-5656-B1B6-8BAA9C8BD1A8" vid_target="704CE43D-C153-77B1-3866-636BD0E10923">
<hideElementsInCurrentOnly>false</hideElementsInCurrentOnly>
<backgroundColor>-16777216</backgroundColor>
<lineWidth>1</lineWidth>
<points>
<point x="1306" y="323"/>
<point x="1462" y="323"/>
</points>
</Connector>
<Connector class="oracle.dbtools.crest.swingui.relational.TVFKRelation" oid="B9F847D1-C038-198A-89A1-0959E64DE038" otype="FKIndexAssociation" vid_source="79BED3F6-3939-0DF0-34A6-811F7F94E083" vid_target="369BD256-5161-865F-7378-9279FD4A3E1C">
<hideElementsInCurrentOnly>false</hideElementsInCurrentOnly>
<backgroundColor>-16777216</backgroundColor>
<lineWidth>1</lineWidth>
<points>
<point x="1915" y="360"/>
<point x="1915" y="420"/>
</points>
</Connector>
<Connector class="oracle.dbtools.crest.swingui.relational.TVFKRelation" oid="BE14BD94-6413-EB94-67DC-72D9BF8B4105" otype="FKIndexAssociation" vid_source="1C35B85D-8D1E-5656-B1B6-8BAA9C8BD1A8" vid_target="E7C44AD6-73C9-AEEB-AF90-AC73390C7A5B">
<hideElementsInCurrentOnly>false</hideElementsInCurrentOnly>
<backgroundColor>-16777216</backgroundColor>
<lineWidth>1</lineWidth>
<points>
<point x="1235" y="374"/>
<point x="1235" y="434"/>
</points>
</Connector>
<Connector class="oracle.dbtools.crest.swingui.relational.TVFKRelation" oid="CB5F2FD9-531C-4541-340A-5B1A065BBF83" otype="FKIndexAssociation" vid_source="79BED3F6-3939-0DF0-34A6-811F7F94E083" vid_target="E7C44AD6-73C9-AEEB-AF90-AC73390C7A5B">
<hideElementsInCurrentOnly>false</hideElementsInCurrentOnly>
<backgroundColor>-16777216</backgroundColor>
<lineWidth>1</lineWidth>
<points>
<point x="1821" y="345"/>
<point x="1382" y="482"/>
</points>
</Connector>
<Connector class="oracle.dbtools.crest.swingui.relational.TVFKRelation" oid="D4368BAB-8896-CC47-A12B-6521C6A274CD" otype="FKIndexAssociation" vid_source="0475BDE4-2AD9-2ACB-2223-807D7AEFF858" vid_target="870DD71B-B9E4-2C5E-7AF1-2B41D2BDB819">
<hideElementsInCurrentOnly>false</hideElementsInCurrentOnly>
<backgroundColor>-16777216</backgroundColor>
<lineWidth>1</lineWidth>
<points>
<point x="149" y="556"/>
<point x="149" y="616"/>
</points>
</Connector>
<Connector class="oracle.dbtools.crest.swingui.relational.TVFKRelation" oid="EE6902FF-7D21-8E6C-CC79-0B8519E0A4E8" otype="FKIndexAssociation" vid_source="7086C4AD-59AE-1F47-3FD5-E97365A19AB1" vid_target="6C91C969-49A4-5B0A-C776-5B9F4D4D3EB3">
<hideElementsInCurrentOnly>false</hideElementsInCurrentOnly>
<backgroundColor>-16777216</backgroundColor>
<lineWidth>1</lineWidth>
<points>
<point x="523" y="360"/>
<point x="523" y="420"/>
</points>
</Connector>
<Connector class="oracle.dbtools.crest.swingui.relational.TVFKRelation" oid="EEBA8B71-F186-9FFA-2AAA-623273CE771B" otype="FKIndexAssociation" vid_source="B3ED9019-DD9B-EBB9-56F7-433CD2B32883" vid_target="88E2B665-1601-C8EE-CFF0-1E3E9EF33339">
<hideElementsInCurrentOnly>false</hideElementsInCurrentOnly>
<backgroundColor>-16777216</backgroundColor>
<lineWidth>1</lineWidth>
<points>
<point x="496" y="79"/>
<point x="416" y="79"/>
</points>
</Connector>
</connectors>
</Diagram>
