<?xml version = '1.0' encoding = 'UTF-8'?>
<Diagram class="oracle.dbtools.crest.swingui.relational.DPVRelational" name="Relational_1" id="DEA9E315-0BC4-7267-C7CF-5189E2DFDBC0">
<createdBy>muchd</createdBy>
<modifiedBy>muchd</modifiedBy>
<createdTime>2023-01-28 23:37:31 UTC</createdTime>
<autoRoute>false</autoRoute>
<boxInbox>true</boxInbox>
<showLegend>false</showLegend>
<showLabels>false</showLabels>
<showRelAttributes>false</showRelAttributes>
<gridEnabled>false</gridEnabled>
<showGrid>false</showGrid>
<diagramColor>-1</diagramColor>
<display>false</display>
<notation>1</notation>
<objectViews>
<OView class="oracle.dbtools.crest.swingui.relational.TVTable" oid="12444D1A-633E-4225-CE72-9AF0C133F692" otype="Table" vid="84428678-66C4-E4B0-A0B3-EAF7AA0A753C">
<hideElementsInCurrentOnly>false</hideElementsInCurrentOnly>
<bounds x="268" y="272" width="226" height="108"/>
</OView>
<OView class="oracle.dbtools.crest.swingui.relational.TVTable" oid="17619529-B44A-C627-75AA-E879678DA4CB" otype="Table" vid="68374AC7-8C37-E476-0F7A-70044BE7DDA3">
<hideElementsInCurrentOnly>false</hideElementsInCurrentOnly>
<bounds x="574" y="434" width="217" height="164"/>
</OView>
<OView class="oracle.dbtools.crest.swingui.relational.TVTable" oid="26FD813A-29AC-708B-1645-670C2820BE6C" otype="Table" vid="B4CEFC10-D6C0-9A27-D751-9E6DF8A0FC5B">
<hideElementsInCurrentOnly>false</hideElementsInCurrentOnly>
<bounds x="1230" y="272" width="211" height="102"/>
</OView>
<OView class="oracle.dbtools.crest.swingui.relational.TVTable" oid="35E31E08-6AAC-6A5C-01BE-D58E4626B448" otype="Table" vid="978AFC3D-7F8E-FFD0-69BC-AE9CD9E6DA8F">
<hideElementsInCurrentOnly>false</hideElementsInCurrentOnly>
<bounds x="20" y="420" width="325" height="164"/>
</OView>
<OView class="oracle.dbtools.crest.swingui.relational.TVTable" oid="55D882A6-CF42-0026-62ED-61F79AFFF31B" otype="Table" vid="D5FEFD82-6BCC-DACF-A569-441A87C405D4">
<hideElementsInCurrentOnly>false</hideElementsInCurrentOnly>
<bounds x="20" y="20" width="395" height="192"/>
</OView>
<OView class="oracle.dbtools.crest.swingui.relational.TVTable" oid="5FC206F2-FC77-0042-E1FE-3799BD8D71C7" otype="Table" vid="7A70E8A6-CF09-458B-7435-3FC9DE4F3188">
<hideElementsInCurrentOnly>false</hideElementsInCurrentOnly>
<bounds x="495" y="20" width="171" height="88"/>
</OView>
<OView class="oracle.dbtools.crest.swingui.relational.TVTable" oid="5FEBA308-E336-1919-87A8-CEBDF8643E09" otype="Table" vid="511B8FCF-A671-5232-5DB4-6BAB82AEC8F2">
<hideElementsInCurrentOnly>false</hideElementsInCurrentOnly>
<bounds x="1230" y="616" width="174" height="116"/>
</OView>
<OView class="oracle.dbtools.crest.swingui.relational.TVTable" oid="6138AC86-BB82-0079-3F80-8A96AE7C5981" otype="Table" vid="BE219219-8061-2A5D-2872-3D43086A62A6">
<hideElementsInCurrentOnly>false</hideElementsInCurrentOnly>
<bounds x="20" y="644" width="339" height="284"/>
</OView>
<OView class="oracle.dbtools.crest.swingui.relational.TVTable" oid="6C330196-3C32-9C80-78B7-89D1CB40D01D" otype="Table" vid="FC4A54BE-316D-BEAC-84D9-D9AF569561F0">
<hideElementsInCurrentOnly>false</hideElementsInCurrentOnly>
<bounds x="574" y="658" width="168" height="102"/>
</OView>
<OView class="oracle.dbtools.crest.swingui.relational.TVTable" oid="8DE5A58E-975B-06BA-8C85-C600A3078257" otype="Table" vid="6500ABE9-AAE1-4457-958E-F9002B668771">
<hideElementsInCurrentOnly>false</hideElementsInCurrentOnly>
<bounds x="574" y="272" width="141" height="102"/>
</OView>
<OView class="oracle.dbtools.crest.swingui.relational.TVTable" oid="991D20E6-E365-6E7C-F351-5AE6796CADB6" otype="Table" vid="DF8DE9AA-0A26-F074-2666-BD7EE2A8B910">
<hideElementsInCurrentOnly>false</hideElementsInCurrentOnly>
<bounds x="871" y="496" width="180" height="144"/>
</OView>
<OView class="oracle.dbtools.crest.swingui.relational.TVTable" oid="AA8396A7-D30D-0A5C-B7ED-875041746AA0" otype="Table" vid="C922D6CC-8081-5984-3FF2-AEF951A1793E">
<hideElementsInCurrentOnly>false</hideElementsInCurrentOnly>
<bounds x="1230" y="434" width="291" height="122"/>
</OView>
<OView class="oracle.dbtools.crest.swingui.relational.TVTable" oid="BCC4641F-DA52-51AE-C10A-03462174E5CF" otype="Table" vid="E7A1FE11-C048-0827-6D7D-2E56FF72EBFC">
<hideElementsInCurrentOnly>false</hideElementsInCurrentOnly>
<bounds x="495" y="128" width="144" height="88"/>
</OView>
<OView class="oracle.dbtools.crest.swingui.relational.TVTable" oid="D5461558-51DD-63FD-AD06-6B9CA5374E07" otype="Table" vid="393D93C2-7F93-96AB-8FC5-21B5E171C851">
<hideElementsInCurrentOnly>false</hideElementsInCurrentOnly>
<bounds x="871" y="272" width="279" height="164"/>
</OView>
<OView class="oracle.dbtools.crest.swingui.relational.TVTable" oid="E34DB5D1-C4AC-7023-37A5-F247945B8223" otype="Table" vid="4C5BE3CC-4428-941B-41BF-E350BC53F919">
<hideElementsInCurrentOnly>false</hideElementsInCurrentOnly>
<bounds x="20" y="272" width="168" height="88"/>
</OView>
</objectViews>
<connectors>
<Connector class="oracle.dbtools.crest.swingui.relational.TVFKRelation" oid="171C8F03-1C47-7C27-7B32-390CD224E35D" otype="FKIndexAssociation" vid_source="4C5BE3CC-4428-941B-41BF-E350BC53F919" vid_target="978AFC3D-7F8E-FFD0-69BC-AE9CD9E6DA8F">
<hideElementsInCurrentOnly>false</hideElementsInCurrentOnly>
<backgroundColor>-16777216</backgroundColor>
<lineWidth>1</lineWidth>
<points>
<point x="104" y="360"/>
<point x="104" y="420"/>
</points>
</Connector>
<Connector class="oracle.dbtools.crest.swingui.relational.TVFKRelation" oid="4984DB98-67FA-000E-62F2-778716A8793D" otype="FKIndexAssociation" vid_source="DF8DE9AA-0A26-F074-2666-BD7EE2A8B910" vid_target="393D93C2-7F93-96AB-8FC5-21B5E171C851">
<hideElementsInCurrentOnly>false</hideElementsInCurrentOnly>
<backgroundColor>-16777216</backgroundColor>
<lineWidth>1</lineWidth>
<points>
<point x="961" y="496"/>
<point x="961" y="436"/>
</points>
</Connector>
<Connector class="oracle.dbtools.crest.swingui.relational.TVFKRelation" oid="4C8919A7-2145-93BB-C8C8-C5E939CE3D95" otype="FKIndexAssociation" vid_source="6500ABE9-AAE1-4457-958E-F9002B668771" vid_target="393D93C2-7F93-96AB-8FC5-21B5E171C851">
<hideElementsInCurrentOnly>false</hideElementsInCurrentOnly>
<backgroundColor>-16777216</backgroundColor>
<lineWidth>1</lineWidth>
<points>
<point x="715" y="323"/>
<point x="871" y="323"/>
</points>
</Connector>
<Connector class="oracle.dbtools.crest.swingui.relational.TVFKRelation" oid="61F17C14-44ED-7892-85F4-BF7A4B2E285A" otype="FKIndexAssociation" vid_source="4C5BE3CC-4428-941B-41BF-E350BC53F919" vid_target="D5FEFD82-6BCC-DACF-A569-441A87C405D4">
<hideElementsInCurrentOnly>false</hideElementsInCurrentOnly>
<backgroundColor>-16777216</backgroundColor>
<lineWidth>1</lineWidth>
<points>
<point x="104" y="272"/>
<point x="104" y="212"/>
</points>
</Connector>
<Connector class="oracle.dbtools.crest.swingui.relational.TVFKRelation" oid="683590DB-C6A9-F619-EBBD-C7FB4FB05DAE" otype="FKIndexAssociation" vid_source="E7A1FE11-C048-0827-6D7D-2E56FF72EBFC" vid_target="D5FEFD82-6BCC-DACF-A569-441A87C405D4">
<hideElementsInCurrentOnly>false</hideElementsInCurrentOnly>
<backgroundColor>-16777216</backgroundColor>
<lineWidth>1</lineWidth>
<points>
<point x="495" y="170"/>
<point x="415" y="170"/>
</points>
</Connector>
<Connector class="oracle.dbtools.crest.swingui.relational.TVFKRelation" oid="68BDACDE-52D1-DBD9-5ECE-70C82BEBC41F" otype="FKIndexAssociation" vid_source="FC4A54BE-316D-BEAC-84D9-D9AF569561F0" vid_target="68374AC7-8C37-E476-0F7A-70044BE7DDA3">
<hideElementsInCurrentOnly>false</hideElementsInCurrentOnly>
<backgroundColor>-16777216</backgroundColor>
<lineWidth>1</lineWidth>
<points>
<point x="658" y="658"/>
<point x="658" y="598"/>
</points>
</Connector>
<Connector class="oracle.dbtools.crest.swingui.relational.TVFKRelation" oid="729F2AE3-DFD5-1C22-A51F-66BBE032592A" otype="FKIndexAssociation" vid_source="B4CEFC10-D6C0-9A27-D751-9E6DF8A0FC5B" vid_target="393D93C2-7F93-96AB-8FC5-21B5E171C851">
<hideElementsInCurrentOnly>false</hideElementsInCurrentOnly>
<backgroundColor>-16777216</backgroundColor>
<lineWidth>1</lineWidth>
<points>
<point x="1230" y="323"/>
<point x="1150" y="323"/>
</points>
</Connector>
<Connector class="oracle.dbtools.crest.swingui.relational.TVFKRelation" oid="73C69C80-854B-2105-7808-438229641AB1" otype="FKIndexAssociation" vid_source="B4CEFC10-D6C0-9A27-D751-9E6DF8A0FC5B" vid_target="978AFC3D-7F8E-FFD0-69BC-AE9CD9E6DA8F">
<hideElementsInCurrentOnly>false</hideElementsInCurrentOnly>
<backgroundColor>-16777216</backgroundColor>
<lineWidth>1</lineWidth>
<points>
<point x="1230" y="339"/>
<point x="345" y="476"/>
</points>
</Connector>
<Connector class="oracle.dbtools.crest.swingui.relational.TVFKRelation" oid="87585649-7A11-D392-0CE0-4E8731162198" otype="FKIndexAssociation" vid_source="4C5BE3CC-4428-941B-41BF-E350BC53F919" vid_target="84428678-66C4-E4B0-A0B3-EAF7AA0A753C">
<hideElementsInCurrentOnly>false</hideElementsInCurrentOnly>
<backgroundColor>-16777216</backgroundColor>
<lineWidth>1</lineWidth>
<points>
<point x="188" y="316"/>
<point x="268" y="316"/>
</points>
</Connector>
<Connector class="oracle.dbtools.crest.swingui.relational.TVFKRelation" oid="9C6D6303-5695-2DD3-2081-4B71FB9CA530" otype="FKIndexAssociation" vid_source="6500ABE9-AAE1-4457-958E-F9002B668771" vid_target="978AFC3D-7F8E-FFD0-69BC-AE9CD9E6DA8F">
<hideElementsInCurrentOnly>false</hideElementsInCurrentOnly>
<backgroundColor>-16777216</backgroundColor>
<lineWidth>1</lineWidth>
<points>
<point x="574" y="350"/>
<point x="345" y="439"/>
</points>
</Connector>
<Connector class="oracle.dbtools.crest.swingui.relational.TVFKRelation" oid="A108893D-9AA0-0D9E-7DF3-A199A3270AD1" otype="FKIndexAssociation" vid_source="B4CEFC10-D6C0-9A27-D751-9E6DF8A0FC5B" vid_target="68374AC7-8C37-E476-0F7A-70044BE7DDA3">
<hideElementsInCurrentOnly>false</hideElementsInCurrentOnly>
<backgroundColor>-16777216</backgroundColor>
<lineWidth>1</lineWidth>
<points>
<point x="1230" y="354"/>
<point x="791" y="483"/>
</points>
</Connector>
<Connector class="oracle.dbtools.crest.swingui.relational.TVFKRelation" oid="A4593DFF-D0B5-F125-07AA-3F47D00E689F" otype="FKIndexAssociation" vid_source="B4CEFC10-D6C0-9A27-D751-9E6DF8A0FC5B" vid_target="C922D6CC-8081-5984-3FF2-AEF951A1793E">
<hideElementsInCurrentOnly>false</hideElementsInCurrentOnly>
<backgroundColor>-16777216</backgroundColor>
<lineWidth>1</lineWidth>
<points>
<point x="1335" y="374"/>
<point x="1335" y="434"/>
</points>
</Connector>
<Connector class="oracle.dbtools.crest.swingui.relational.TVFKRelation" oid="A57A6A64-E7D2-C9A6-2C9E-398DEEEF32DC" otype="FKIndexAssociation" vid_source="BE219219-8061-2A5D-2872-3D43086A62A6" vid_target="84428678-66C4-E4B0-A0B3-EAF7AA0A753C">
<hideElementsInCurrentOnly>false</hideElementsInCurrentOnly>
<backgroundColor>-16777216</backgroundColor>
<lineWidth>1</lineWidth>
<points>
<point x="313" y="644"/>
<point x="313" y="380"/>
</points>
</Connector>
<Connector class="oracle.dbtools.crest.swingui.relational.TVFKRelation" oid="ACAD6BDF-6758-1B9E-4F8E-294FC4CE82A8" otype="FKIndexAssociation" vid_source="511B8FCF-A671-5232-5DB4-6BAB82AEC8F2" vid_target="C922D6CC-8081-5984-3FF2-AEF951A1793E">
<hideElementsInCurrentOnly>false</hideElementsInCurrentOnly>
<backgroundColor>-16777216</backgroundColor>
<lineWidth>1</lineWidth>
<points>
<point x="1317" y="616"/>
<point x="1317" y="556"/>
</points>
</Connector>
<Connector class="oracle.dbtools.crest.swingui.relational.TVFKRelation" oid="CEABA1D5-A7E1-79B3-CF69-887C242A0FE5" otype="FKIndexAssociation" vid_source="7A70E8A6-CF09-458B-7435-3FC9DE4F3188" vid_target="D5FEFD82-6BCC-DACF-A569-441A87C405D4">
<hideElementsInCurrentOnly>false</hideElementsInCurrentOnly>
<backgroundColor>-16777216</backgroundColor>
<lineWidth>1</lineWidth>
<points>
<point x="495" y="64"/>
<point x="415" y="64"/>
</points>
</Connector>
<Connector class="oracle.dbtools.crest.swingui.relational.TVFKRelation" oid="D0E0DD9F-60F5-B9A7-C238-0D3621C21C8C" otype="FKIndexAssociation" vid_source="BE219219-8061-2A5D-2872-3D43086A62A6" vid_target="978AFC3D-7F8E-FFD0-69BC-AE9CD9E6DA8F">
<hideElementsInCurrentOnly>false</hideElementsInCurrentOnly>
<backgroundColor>-16777216</backgroundColor>
<lineWidth>1</lineWidth>
<points>
<point x="182" y="644"/>
<point x="182" y="584"/>
</points>
</Connector>
<Connector class="oracle.dbtools.crest.swingui.relational.TVFKRelation" oid="D1103274-BDCA-DFD6-ED4F-43C429DD502F" otype="FKIndexAssociation" vid_source="6500ABE9-AAE1-4457-958E-F9002B668771" vid_target="68374AC7-8C37-E476-0F7A-70044BE7DDA3">
<hideElementsInCurrentOnly>false</hideElementsInCurrentOnly>
<backgroundColor>-16777216</backgroundColor>
<lineWidth>1</lineWidth>
<points>
<point x="644" y="374"/>
<point x="644" y="434"/>
</points>
</Connector>
<Connector class="oracle.dbtools.crest.swingui.relational.TVFKRelation" oid="E3D2A041-60DB-4023-C9C0-D5F7D44EFDFA" otype="FKIndexAssociation" vid_source="B4CEFC10-D6C0-9A27-D751-9E6DF8A0FC5B" vid_target="D5FEFD82-6BCC-DACF-A569-441A87C405D4">
<hideElementsInCurrentOnly>false</hideElementsInCurrentOnly>
<backgroundColor>-16777216</backgroundColor>
<lineWidth>1</lineWidth>
<points>
<point x="1230" y="303"/>
<point x="415" y="152"/>
</points>
</Connector>
<Connector class="oracle.dbtools.crest.swingui.relational.TVFKRelation" oid="FBBF6B92-85AD-4C53-0F01-4FDFE9937560" otype="FKIndexAssociation" vid_source="6500ABE9-AAE1-4457-958E-F9002B668771" vid_target="D5FEFD82-6BCC-DACF-A569-441A87C405D4">
<hideElementsInCurrentOnly>false</hideElementsInCurrentOnly>
<backgroundColor>-16777216</backgroundColor>
<lineWidth>1</lineWidth>
<points>
<point x="574" y="288"/>
<point x="415" y="211"/>
</points>
</Connector>
</connectors>
</Diagram>
