<?xml version = '1.0' encoding = 'UTF-8'?>
<Table class="oracle.dbtools.crest.model.design.relational.Table" directorySegmentName="seg_0" id="3E0DB7E9-9506-A775-00D3-BC5E315DA9CC" name="f_client">
<createdBy>muchd</createdBy>
<createdTime>2023-01-28 22:55:45 UTC</createdTime>
<generatorID>0D921FC5-57BA-C783-71BE-17AD85735CE2</generatorID>
<ownerDesignName>bank_dimension</ownerDesignName>
<typeID>1</typeID>
<allowColumnReorder>false</allowColumnReorder>
<existDependencyGenerateInDDl>true</existDependencyGenerateInDDl>
<parsed>true</parsed>
<columns itemClass="oracle.dbtools.crest.model.design.relational.Column">
<Column name="district_id" id="E6CA0366-86F1-1253-E8DF-8122DC9B6AF1">
<createdBy>muchd</createdBy>
<createdTime>2023-01-28 22:55:45 UTC</createdTime>
<generatorID>930B4AA3-7CB8-0D3B-D609-8DEE14C366D8</generatorID>
<ownerDesignName>bank_dimension</ownerDesignName>
<useDomainConstraints>false</useDomainConstraints>
<use>1</use>
<logicalDatatype>LOGDT027</logicalDatatype>
<ownDataTypeParameters>,,</ownDataTypeParameters>
<previousColumn>false</previousColumn>
<autoIncrementCycle>false</autoIncrementCycle>
<associations>
<colAssociation fkAssociation="88B07177-BA52-3ECB-DA6E-5CA7A77EBA16" referredColumn="0924D3EF-7BF7-3C63-9BDE-44F24EF910D6"/>
</associations>
</Column>
<Column name="client_id" id="1417511D-9D2C-CD82-642A-626EF0D1F6F2">
<createdBy>muchd</createdBy>
<createdTime>2023-01-28 22:55:45 UTC</createdTime>
<generatorID>8D9FA185-B124-A9B7-D622-E49115E11F9D</generatorID>
<ownerDesignName>bank_dimension</ownerDesignName>
<useDomainConstraints>false</useDomainConstraints>
<use>1</use>
<logicalDatatype>LOGDT027</logicalDatatype>
<ownDataTypeParameters>,,</ownDataTypeParameters>
<previousColumn>false</previousColumn>
<autoIncrementCycle>false</autoIncrementCycle>
<associations>
<colAssociation fkAssociation="FFB78AC2-D209-43BD-4043-7EA4DD840530" referredColumn="0E21D769-2034-F8D5-C885-BF1146469343"/>
</associations>
</Column>
</columns>
<indexes itemClass="oracle.dbtools.crest.model.design.relational.Index">
<ind_PK_UK id="8D3A60E3-A0CD-D5E2-CDAE-A820AAA4FE2E" name="f_client_PK">
<createdBy>muchd</createdBy>
<createdTime>2023-01-28 22:55:45 UTC</createdTime>
<generatorID>C208252C-3AA5-77D6-E25E-5D41EC08949F</generatorID>
<ownerDesignName>bank_dimension</ownerDesignName>
<pk>true</pk>
<indexState>Primary Constraint</indexState>
<isSurrogateKey>false</isSurrogateKey>
<indexColumnUsage>
<colUsage columnID="E6CA0366-86F1-1253-E8DF-8122DC9B6AF1"/>
<colUsage columnID="1417511D-9D2C-CD82-642A-626EF0D1F6F2"/>
</indexColumnUsage>
</ind_PK_UK>
<ind_PK_UK id="912432B4-7E10-23E7-C3B3-730B93031E92" name="f_client_d_client_FK">
<createdBy>muchd</createdBy>
<createdTime>2023-01-28 22:55:45 UTC</createdTime>
<generatorID>08317A4B-0D9A-81D8-98CF-7138AF3E9B4D</generatorID>
<ownerDesignName>bank_dimension</ownerDesignName>
<indexState>Foreign Key</indexState>
<isSurrogateKey>false</isSurrogateKey>
<indexColumnUsage>
<colUsage columnID="1417511D-9D2C-CD82-642A-626EF0D1F6F2"/>
</indexColumnUsage>
</ind_PK_UK>
<ind_PK_UK id="374E4859-ED78-980B-21F2-B344C2BAC3DE" name="f_client_d_demographic_FK">
<createdBy>muchd</createdBy>
<createdTime>2023-01-28 22:55:45 UTC</createdTime>
<generatorID>33718994-EEE1-7DCF-830A-A5D6F29061FC</generatorID>
<ownerDesignName>bank_dimension</ownerDesignName>
<indexState>Foreign Key</indexState>
<isSurrogateKey>false</isSurrogateKey>
<indexColumnUsage>
<colUsage columnID="E6CA0366-86F1-1253-E8DF-8122DC9B6AF1"/>
</indexColumnUsage>
</ind_PK_UK>
</indexes>
</Table>
