<?xml version = '1.0' encoding = 'UTF-8'?>
<Table class="oracle.dbtools.crest.model.design.relational.Table" directorySegmentName="seg_0" id="4BC6E2B9-392F-2DA2-5728-6F7B8C2ED26E" name="f_permanent_order">
<createdBy>muchd</createdBy>
<createdTime>2023-01-28 22:55:45 UTC</createdTime>
<generatorID>43768CDA-C971-C0A0-1F95-E15AF8ED51CD</generatorID>
<ownerDesignName>bank_dimension</ownerDesignName>
<typeID>1</typeID>
<allowColumnReorder>false</allowColumnReorder>
<existDependencyGenerateInDDl>true</existDependencyGenerateInDDl>
<parsed>true</parsed>
<columns itemClass="oracle.dbtools.crest.model.design.relational.Column">
<Column name="account_id" id="F0F51482-3A65-4DB5-05FD-E7141A9E4FDC">
<createdBy>muchd</createdBy>
<createdTime>2023-01-28 22:55:45 UTC</createdTime>
<generatorID>C7B59264-EF28-1EF9-9979-A586422ABE23</generatorID>
<ownerDesignName>bank_dimension</ownerDesignName>
<useDomainConstraints>false</useDomainConstraints>
<use>1</use>
<logicalDatatype>LOGDT027</logicalDatatype>
<ownDataTypeParameters>,,</ownDataTypeParameters>
<previousColumn>false</previousColumn>
<autoIncrementCycle>false</autoIncrementCycle>
<associations>
<colAssociation fkAssociation="A8761399-8E47-7E7E-F112-5F7DB321CF7E" referredColumn="635D6567-031F-B1EE-1F08-14A35B2BD2BB"/>
</associations>
</Column>
<Column name="order_id" id="A08FAF68-8BA7-D24F-22AE-13476268F026">
<createdBy>muchd</createdBy>
<createdTime>2023-01-28 22:55:45 UTC</createdTime>
<generatorID>7E27797A-AFB0-E722-F45C-E34FAC7DF915</generatorID>
<ownerDesignName>bank_dimension</ownerDesignName>
<useDomainConstraints>false</useDomainConstraints>
<use>1</use>
<logicalDatatype>LOGDT027</logicalDatatype>
<ownDataTypeParameters>,,</ownDataTypeParameters>
<previousColumn>false</previousColumn>
<autoIncrementCycle>false</autoIncrementCycle>
<associations>
<colAssociation fkAssociation="2375C3A9-AB40-1CB0-DD7D-B0F93E8B759A" referredColumn="66E4DA8D-F49D-4BF9-69B3-6F29E2409569"/>
</associations>
</Column>
<Column name="amount" id="526D3B5B-1A77-2218-96FC-080B7301BCE7">
<createdBy>muchd</createdBy>
<createdTime>2023-01-28 22:55:45 UTC</createdTime>
<generatorID>163DFA7D-9C47-9FB6-6858-FF279E5DEAF9</generatorID>
<ownerDesignName>bank_dimension</ownerDesignName>
<nullsAllowed>true</nullsAllowed>
<useDomainConstraints>false</useDomainConstraints>
<use>1</use>
<logicalDatatype>LOGDT026</logicalDatatype>
<ownDataTypeParameters>,,</ownDataTypeParameters>
<autoIncrementCycle>false</autoIncrementCycle>
</Column>
</columns>
<indexes itemClass="oracle.dbtools.crest.model.design.relational.Index">
<ind_PK_UK id="667F3289-AA86-6C27-A267-7BF37C2996C9" name="f_permanent_order_PK">
<createdBy>muchd</createdBy>
<createdTime>2023-01-28 22:55:45 UTC</createdTime>
<generatorID>2DC1F801-C92E-7FB2-A8D5-4E874A65BB1C</generatorID>
<ownerDesignName>bank_dimension</ownerDesignName>
<pk>true</pk>
<indexState>Primary Constraint</indexState>
<isSurrogateKey>false</isSurrogateKey>
<indexColumnUsage>
<colUsage columnID="F0F51482-3A65-4DB5-05FD-E7141A9E4FDC"/>
<colUsage columnID="A08FAF68-8BA7-D24F-22AE-13476268F026"/>
</indexColumnUsage>
</ind_PK_UK>
<ind_PK_UK id="FFB6993D-55FE-FD3F-EC21-97E3534FE170" name="f_permanent_order_d_account_FK">
<createdBy>muchd</createdBy>
<createdTime>2023-01-28 22:55:45 UTC</createdTime>
<generatorID>36276A49-BC42-BB30-9BFD-418D661CA1FA</generatorID>
<ownerDesignName>bank_dimension</ownerDesignName>
<indexState>Foreign Key</indexState>
<isSurrogateKey>false</isSurrogateKey>
<indexColumnUsage>
<colUsage columnID="F0F51482-3A65-4DB5-05FD-E7141A9E4FDC"/>
</indexColumnUsage>
</ind_PK_UK>
<ind_PK_UK id="667786ED-DB90-3EB3-47C4-B7416C28DD92" name="f_permanent_order_d_permanent_order_FK">
<createdBy>muchd</createdBy>
<createdTime>2023-01-28 22:55:45 UTC</createdTime>
<generatorID>6EBA2568-A6CE-C99F-CBE9-C0E550FFF1CE</generatorID>
<ownerDesignName>bank_dimension</ownerDesignName>
<indexState>Foreign Key</indexState>
<isSurrogateKey>false</isSurrogateKey>
<indexColumnUsage>
<colUsage columnID="A08FAF68-8BA7-D24F-22AE-13476268F026"/>
</indexColumnUsage>
</ind_PK_UK>
</indexes>
</Table>
