<?xml version = '1.0' encoding = 'UTF-8'?>
<Table class="oracle.dbtools.crest.model.design.relational.Table" directorySegmentName="seg_0" id="6569D9A6-A87C-633F-C6B1-16DBB1D71447" name="d_date">
<createdBy>muchd</createdBy>
<createdTime>2023-01-28 22:55:45 UTC</createdTime>
<generatorID>1D72182C-5932-2716-A5E6-288F6B3A45DA</generatorID>
<ownerDesignName>bank_dimension</ownerDesignName>
<typeID>2</typeID>
<allowColumnReorder>false</allowColumnReorder>
<existDependencyGenerateInDDl>true</existDependencyGenerateInDDl>
<parsed>true</parsed>
<columns itemClass="oracle.dbtools.crest.model.design.relational.Column">
<Column name="id" id="E26E2752-658C-BA4E-D83D-A043CDC36E51">
<createdBy>muchd</createdBy>
<createdTime>2023-01-28 22:55:45 UTC</createdTime>
<generatorID>2AC2AB42-D20E-8912-77F6-34EFEE80CE3C</generatorID>
<ownerDesignName>bank_dimension</ownerDesignName>
<useDomainConstraints>false</useDomainConstraints>
<use>1</use>
<logicalDatatype>LOGDT027</logicalDatatype>
<ownDataTypeParameters>,,</ownDataTypeParameters>
<autoIncrementCycle>false</autoIncrementCycle>
</Column>
<Column name="year" id="3C7CA6C3-82CF-7C90-CDF3-0D23128959C9">
<createdBy>muchd</createdBy>
<createdTime>2023-01-28 22:55:45 UTC</createdTime>
<generatorID>ED977208-B6D3-640C-E85D-1B8C52281F93</generatorID>
<ownerDesignName>bank_dimension</ownerDesignName>
<nullsAllowed>true</nullsAllowed>
<useDomainConstraints>false</useDomainConstraints>
<use>1</use>
<logicalDatatype>LOGDT011</logicalDatatype>
<ownDataTypeParameters>,,</ownDataTypeParameters>
<autoIncrementCycle>false</autoIncrementCycle>
</Column>
<Column name="month" id="94609CBC-2165-DD64-6E5F-6B87F4495DE3">
<createdBy>muchd</createdBy>
<createdTime>2023-01-28 22:55:45 UTC</createdTime>
<generatorID>AF352297-8531-6B8A-D798-21D1915622CB</generatorID>
<ownerDesignName>bank_dimension</ownerDesignName>
<nullsAllowed>true</nullsAllowed>
<useDomainConstraints>false</useDomainConstraints>
<use>1</use>
<logicalDatatype>LOGDT042</logicalDatatype>
<ownDataTypeParameters>,,</ownDataTypeParameters>
<autoIncrementCycle>false</autoIncrementCycle>
</Column>
<Column name="day" id="39B565CA-27B7-8B01-97EA-F6ECC10DD6A1">
<createdBy>muchd</createdBy>
<createdTime>2023-01-28 22:55:45 UTC</createdTime>
<generatorID>58104D31-5786-8419-8133-088173D85557</generatorID>
<ownerDesignName>bank_dimension</ownerDesignName>
<nullsAllowed>true</nullsAllowed>
<useDomainConstraints>false</useDomainConstraints>
<use>1</use>
<logicalDatatype>LOGDT042</logicalDatatype>
<ownDataTypeParameters>,,</ownDataTypeParameters>
<autoIncrementCycle>false</autoIncrementCycle>
</Column>
</columns>
<indexes itemClass="oracle.dbtools.crest.model.design.relational.Index">
<ind_PK_UK id="9FC13062-C0D8-E78D-747C-D4B6D5F62655" name="d_date_PK">
<createdBy>muchd</createdBy>
<createdTime>2023-01-28 22:55:45 UTC</createdTime>
<generatorID>98DEC92F-C77B-E500-3965-A88E1C7AB440</generatorID>
<ownerDesignName>bank_dimension</ownerDesignName>
<pk>true</pk>
<indexState>Primary Constraint</indexState>
<isSurrogateKey>false</isSurrogateKey>
<indexColumnUsage>
<colUsage columnID="E26E2752-658C-BA4E-D83D-A043CDC36E51"/>
</indexColumnUsage>
</ind_PK_UK>
</indexes>
</Table>
