<?xml version = '1.0' encoding = 'UTF-8'?>
<Table class="oracle.dbtools.crest.model.design.relational.Table" directorySegmentName="seg_0" id="ADD60D5F-0C1A-5A04-3984-A615020F3B9D" name="d_demographic">
<createdBy>muchd</createdBy>
<createdTime>2023-01-28 22:55:45 UTC</createdTime>
<generatorID>7703147E-B4BF-BB09-FF32-380EEAD94E77</generatorID>
<ownerDesignName>bank_dimension</ownerDesignName>
<typeID>2</typeID>
<allowColumnReorder>false</allowColumnReorder>
<existDependencyGenerateInDDl>true</existDependencyGenerateInDDl>
<parsed>true</parsed>
<columns itemClass="oracle.dbtools.crest.model.design.relational.Column">
<Column name="id" id="0924D3EF-7BF7-3C63-9BDE-44F24EF910D6">
<createdBy>muchd</createdBy>
<createdTime>2023-01-28 22:55:45 UTC</createdTime>
<generatorID>9D40FD1A-E779-F12D-29EA-C20803E3ACC1</generatorID>
<ownerDesignName>bank_dimension</ownerDesignName>
<useDomainConstraints>false</useDomainConstraints>
<use>1</use>
<logicalDatatype>LOGDT027</logicalDatatype>
<ownDataTypeParameters>,,</ownDataTypeParameters>
<autoIncrementCycle>false</autoIncrementCycle>
</Column>
<Column name="district_id" id="04B7A051-AFE0-4F67-E96F-8F8FC65CC925">
<createdBy>muchd</createdBy>
<createdTime>2023-01-28 22:55:45 UTC</createdTime>
<generatorID>DC03DEC6-4607-0D7F-D44E-817BCF7B20AB</generatorID>
<ownerDesignName>bank_dimension</ownerDesignName>
<useDomainConstraints>false</useDomainConstraints>
<use>1</use>
<logicalDatatype>LOGDT027</logicalDatatype>
<ownDataTypeParameters>,,</ownDataTypeParameters>
<autoIncrementCycle>false</autoIncrementCycle>
</Column>
<Column name="district_name" id="9B3B751F-E9E0-F858-FACA-99B44038D8B6">
<createdBy>muchd</createdBy>
<createdTime>2023-01-28 22:55:45 UTC</createdTime>
<generatorID>5FF923F1-BFF7-A78B-31C6-B6ADF4ABF683</generatorID>
<ownerDesignName>bank_dimension</ownerDesignName>
<nullsAllowed>true</nullsAllowed>
<useDomainConstraints>false</useDomainConstraints>
<use>1</use>
<logicalDatatype>LOGDT024</logicalDatatype>
<dataTypeSize>50 CHAR</dataTypeSize>
<ownDataTypeParameters>50 CHAR,,</ownDataTypeParameters>
<autoIncrementCycle>false</autoIncrementCycle>
</Column>
<Column name="region" id="918E0056-D567-3536-90BE-DDC835404931">
<createdBy>muchd</createdBy>
<createdTime>2023-01-28 22:55:45 UTC</createdTime>
<generatorID>449F5B83-59C0-E787-1623-74141B18D3FD</generatorID>
<ownerDesignName>bank_dimension</ownerDesignName>
<nullsAllowed>true</nullsAllowed>
<useDomainConstraints>false</useDomainConstraints>
<use>1</use>
<logicalDatatype>LOGDT024</logicalDatatype>
<dataTypeSize>50 CHAR</dataTypeSize>
<ownDataTypeParameters>50 CHAR,,</ownDataTypeParameters>
<autoIncrementCycle>false</autoIncrementCycle>
</Column>
<Column name="inhabitants" id="BCFD9DFE-A871-4625-70AC-598B63ACB798">
<createdBy>muchd</createdBy>
<createdTime>2023-01-28 22:55:45 UTC</createdTime>
<generatorID>11F06827-AE7C-B21D-70D7-5F817C344BB1</generatorID>
<ownerDesignName>bank_dimension</ownerDesignName>
<nullsAllowed>true</nullsAllowed>
<useDomainConstraints>false</useDomainConstraints>
<use>1</use>
<logicalDatatype>LOGDT011</logicalDatatype>
<ownDataTypeParameters>,,</ownDataTypeParameters>
<autoIncrementCycle>false</autoIncrementCycle>
</Column>
<Column name="municip_inhabitants_0_499" id="B91B0137-88CE-4355-9EE2-6438AB8C8F84">
<createdBy>muchd</createdBy>
<createdTime>2023-01-28 22:55:45 UTC</createdTime>
<generatorID>BB8ED0EA-5501-6E4D-38C0-E59B284B8C58</generatorID>
<ownerDesignName>bank_dimension</ownerDesignName>
<nullsAllowed>true</nullsAllowed>
<useDomainConstraints>false</useDomainConstraints>
<use>1</use>
<logicalDatatype>LOGDT011</logicalDatatype>
<ownDataTypeParameters>,,</ownDataTypeParameters>
<autoIncrementCycle>false</autoIncrementCycle>
</Column>
<Column name="municip_inhabitants_500_1999" id="F796FDE5-299D-545F-63B3-1B6FBE1D9709">
<createdBy>muchd</createdBy>
<createdTime>2023-01-28 22:55:45 UTC</createdTime>
<generatorID>D131EA35-78ED-43A1-A946-7F9EB3ED68F1</generatorID>
<ownerDesignName>bank_dimension</ownerDesignName>
<nullsAllowed>true</nullsAllowed>
<useDomainConstraints>false</useDomainConstraints>
<use>1</use>
<logicalDatatype>LOGDT011</logicalDatatype>
<ownDataTypeParameters>,,</ownDataTypeParameters>
<autoIncrementCycle>false</autoIncrementCycle>
</Column>
<Column name="municip_inhabitants_2000_9999" id="A1B8878E-A6D8-0DDC-A8D2-061FD984C3EA">
<createdBy>muchd</createdBy>
<createdTime>2023-01-28 22:55:45 UTC</createdTime>
<generatorID>DDF14065-A4F9-DD49-88A6-5FDB0F714BD7</generatorID>
<ownerDesignName>bank_dimension</ownerDesignName>
<nullsAllowed>true</nullsAllowed>
<useDomainConstraints>false</useDomainConstraints>
<use>1</use>
<logicalDatatype>LOGDT011</logicalDatatype>
<ownDataTypeParameters>,,</ownDataTypeParameters>
<autoIncrementCycle>false</autoIncrementCycle>
</Column>
<Column name="municip_inhabitants_10000_inf" id="4FC8969E-017B-B15D-12EE-F2826617D567">
<createdBy>muchd</createdBy>
<createdTime>2023-01-28 22:55:45 UTC</createdTime>
<generatorID>F29B7A27-35AD-C43A-2909-2099310D3FB9</generatorID>
<ownerDesignName>bank_dimension</ownerDesignName>
<nullsAllowed>true</nullsAllowed>
<useDomainConstraints>false</useDomainConstraints>
<use>1</use>
<logicalDatatype>LOGDT011</logicalDatatype>
<ownDataTypeParameters>,,</ownDataTypeParameters>
<autoIncrementCycle>false</autoIncrementCycle>
</Column>
<Column name="cities" id="0B76E24D-F87A-6710-E9E0-1E0B1C08386D">
<createdBy>muchd</createdBy>
<createdTime>2023-01-28 22:55:45 UTC</createdTime>
<generatorID>AE0BC7BE-D877-6711-C308-40D6EED946F0</generatorID>
<ownerDesignName>bank_dimension</ownerDesignName>
<nullsAllowed>true</nullsAllowed>
<useDomainConstraints>false</useDomainConstraints>
<use>1</use>
<logicalDatatype>LOGDT011</logicalDatatype>
<ownDataTypeParameters>,,</ownDataTypeParameters>
<autoIncrementCycle>false</autoIncrementCycle>
</Column>
<Column name="urban_inhabitants_ratio" id="B92D5894-EB4C-F047-4F89-778CECEE049D">
<createdBy>muchd</createdBy>
<createdTime>2023-01-28 22:55:45 UTC</createdTime>
<generatorID>4FB86F66-2B41-E8DA-EF0A-78BAB10BEC55</generatorID>
<ownerDesignName>bank_dimension</ownerDesignName>
<nullsAllowed>true</nullsAllowed>
<useDomainConstraints>false</useDomainConstraints>
<use>1</use>
<logicalDatatype>LOGDT021</logicalDatatype>
<ownDataTypeParameters>,,</ownDataTypeParameters>
<autoIncrementCycle>false</autoIncrementCycle>
</Column>
<Column name="avg_salary" id="916EB63E-0F60-E62A-DE00-2EDE88681C63">
<createdBy>muchd</createdBy>
<createdTime>2023-01-28 22:55:45 UTC</createdTime>
<generatorID>ADD372F1-9BEB-EDAF-9963-30D90E52D81E</generatorID>
<ownerDesignName>bank_dimension</ownerDesignName>
<nullsAllowed>true</nullsAllowed>
<useDomainConstraints>false</useDomainConstraints>
<use>1</use>
<logicalDatatype>LOGDT011</logicalDatatype>
<ownDataTypeParameters>,,</ownDataTypeParameters>
<autoIncrementCycle>false</autoIncrementCycle>
</Column>
<Column name="unemployment_rate_95" id="5C7011B7-31F6-8734-D6C3-0D2C56F1D19B">
<createdBy>muchd</createdBy>
<createdTime>2023-01-28 22:55:45 UTC</createdTime>
<generatorID>97A1B1AB-CAC8-F554-AD15-78A66267FBDC</generatorID>
<ownerDesignName>bank_dimension</ownerDesignName>
<nullsAllowed>true</nullsAllowed>
<useDomainConstraints>false</useDomainConstraints>
<use>1</use>
<logicalDatatype>LOGDT021</logicalDatatype>
<ownDataTypeParameters>,,</ownDataTypeParameters>
<autoIncrementCycle>false</autoIncrementCycle>
</Column>
<Column name="unemployment_rate_96" id="A92703E5-24A6-4D0B-8DAC-A7FE8528861A">
<createdBy>muchd</createdBy>
<createdTime>2023-01-28 22:55:45 UTC</createdTime>
<generatorID>D9FC1562-E157-F070-9302-BFA2CE9F265A</generatorID>
<ownerDesignName>bank_dimension</ownerDesignName>
<nullsAllowed>true</nullsAllowed>
<useDomainConstraints>false</useDomainConstraints>
<use>1</use>
<logicalDatatype>LOGDT021</logicalDatatype>
<ownDataTypeParameters>,,</ownDataTypeParameters>
<autoIncrementCycle>false</autoIncrementCycle>
</Column>
<Column name="enterpreneurs_per_1000_inhabitants" id="FD4266A6-DF7F-2BE5-AF71-C8DBAAEC5412">
<createdBy>muchd</createdBy>
<createdTime>2023-01-28 22:55:45 UTC</createdTime>
<generatorID>C3F94A9D-5EE0-BFC9-592C-2B04252CF75E</generatorID>
<ownerDesignName>bank_dimension</ownerDesignName>
<nullsAllowed>true</nullsAllowed>
<useDomainConstraints>false</useDomainConstraints>
<use>1</use>
<logicalDatatype>LOGDT011</logicalDatatype>
<ownDataTypeParameters>,,</ownDataTypeParameters>
<autoIncrementCycle>false</autoIncrementCycle>
</Column>
<Column name="commited_crimes_95" id="A6E2C545-7369-F303-55D1-26CC058B37D3">
<createdBy>muchd</createdBy>
<createdTime>2023-01-28 22:55:45 UTC</createdTime>
<generatorID>7B2A3090-BA35-17F2-88A7-ED3CA9B7A1A4</generatorID>
<ownerDesignName>bank_dimension</ownerDesignName>
<nullsAllowed>true</nullsAllowed>
<useDomainConstraints>false</useDomainConstraints>
<use>1</use>
<logicalDatatype>LOGDT011</logicalDatatype>
<ownDataTypeParameters>,,</ownDataTypeParameters>
<autoIncrementCycle>false</autoIncrementCycle>
</Column>
<Column name="commited_crimes_96" id="AE41C6C1-FCFC-F6DA-E467-D9DC13948216">
<createdBy>muchd</createdBy>
<createdTime>2023-01-28 22:55:45 UTC</createdTime>
<generatorID>DF995396-0DA4-B3A4-5753-D82388D5B51D</generatorID>
<ownerDesignName>bank_dimension</ownerDesignName>
<nullsAllowed>true</nullsAllowed>
<useDomainConstraints>false</useDomainConstraints>
<use>1</use>
<logicalDatatype>LOGDT011</logicalDatatype>
<ownDataTypeParameters>,,</ownDataTypeParameters>
<autoIncrementCycle>false</autoIncrementCycle>
</Column>
</columns>
<indexes itemClass="oracle.dbtools.crest.model.design.relational.Index">
<ind_PK_UK id="DBC68C3A-9C9A-4D8D-39CE-AE950F3EB2A9" name="d_demographic_PK">
<createdBy>muchd</createdBy>
<createdTime>2023-01-28 22:55:45 UTC</createdTime>
<generatorID>068CFE2C-A9C9-077E-A49D-6EB2450ACB05</generatorID>
<ownerDesignName>bank_dimension</ownerDesignName>
<pk>true</pk>
<indexState>Primary Constraint</indexState>
<isSurrogateKey>false</isSurrogateKey>
<indexColumnUsage>
<colUsage columnID="0924D3EF-7BF7-3C63-9BDE-44F24EF910D6"/>
</indexColumnUsage>
</ind_PK_UK>
</indexes>
</Table>
