<?xml version = '1.0' encoding = 'UTF-8'?>
<Table class="oracle.dbtools.crest.model.design.relational.Table" directorySegmentName="seg_0" id="F9C31BD1-D5A9-F51B-8AB0-AD7B6CBC5926" name="f_loan">
<createdBy>muchd</createdBy>
<createdTime>2023-01-28 22:55:45 UTC</createdTime>
<generatorID>499545BA-2967-0675-A78A-A320AB8D69A4</generatorID>
<ownerDesignName>bank_dimension</ownerDesignName>
<typeID>1</typeID>
<allowColumnReorder>false</allowColumnReorder>
<existDependencyGenerateInDDl>true</existDependencyGenerateInDDl>
<parsed>true</parsed>
<columns itemClass="oracle.dbtools.crest.model.design.relational.Column">
<Column name="account_id" id="DDD522C8-1A46-1ED0-F427-5E158C6EAE5E">
<createdBy>muchd</createdBy>
<createdTime>2023-01-28 22:55:45 UTC</createdTime>
<generatorID>B4FFB85D-3A56-1C05-CBDA-1CF4B3A005C1</generatorID>
<ownerDesignName>bank_dimension</ownerDesignName>
<useDomainConstraints>false</useDomainConstraints>
<use>1</use>
<logicalDatatype>LOGDT027</logicalDatatype>
<ownDataTypeParameters>,,</ownDataTypeParameters>
<previousColumn>false</previousColumn>
<autoIncrementCycle>false</autoIncrementCycle>
<associations>
<colAssociation fkAssociation="6D189FEB-2A8A-5FC7-6E36-E175E12BCEE1" referredColumn="635D6567-031F-B1EE-1F08-14A35B2BD2BB"/>
</associations>
</Column>
<Column name="loan_id" id="48642F44-2014-C431-BE5E-99C22AED4B97">
<createdBy>muchd</createdBy>
<createdTime>2023-01-28 22:55:45 UTC</createdTime>
<generatorID>CAABB37D-6160-571D-B6B8-DCCEF2C9CC36</generatorID>
<ownerDesignName>bank_dimension</ownerDesignName>
<useDomainConstraints>false</useDomainConstraints>
<use>1</use>
<logicalDatatype>LOGDT027</logicalDatatype>
<ownDataTypeParameters>,,</ownDataTypeParameters>
<previousColumn>false</previousColumn>
<autoIncrementCycle>false</autoIncrementCycle>
<associations>
<colAssociation fkAssociation="C097231C-EBA9-4A9B-9749-9B20450D6966" referredColumn="1D2FFFCD-D28F-6DDC-4774-415FC933FD08"/>
</associations>
</Column>
<Column name="date" id="E5E9B2F0-1785-2B61-3FF3-C3A8E6393210">
<createdBy>muchd</createdBy>
<createdTime>2023-01-28 22:55:45 UTC</createdTime>
<generatorID>17DB00C2-D390-41F6-36F5-5A27AA6C7788</generatorID>
<ownerDesignName>bank_dimension</ownerDesignName>
<useDomainConstraints>false</useDomainConstraints>
<use>1</use>
<logicalDatatype>LOGDT027</logicalDatatype>
<ownDataTypeParameters>,,</ownDataTypeParameters>
<previousColumn>false</previousColumn>
<autoIncrementCycle>false</autoIncrementCycle>
<associations>
<colAssociation fkAssociation="DFF69CB2-78E3-7C43-E2C3-9E0EAFF89304" referredColumn="E26E2752-658C-BA4E-D83D-A043CDC36E51"/>
</associations>
</Column>
<Column name="amount" id="9FD4F923-155A-4819-381C-BBDF8D6245F2">
<createdBy>muchd</createdBy>
<createdTime>2023-01-28 22:55:45 UTC</createdTime>
<generatorID>27579C3F-38D2-6CF8-12C7-7DD915F8E46E</generatorID>
<ownerDesignName>bank_dimension</ownerDesignName>
<nullsAllowed>true</nullsAllowed>
<useDomainConstraints>false</useDomainConstraints>
<use>1</use>
<logicalDatatype>LOGDT011</logicalDatatype>
<ownDataTypeParameters>,,</ownDataTypeParameters>
<autoIncrementCycle>false</autoIncrementCycle>
</Column>
<Column name="payments" id="3991E9F1-1EAA-1779-2F36-DD84138B4E99">
<createdBy>muchd</createdBy>
<createdTime>2023-01-28 22:55:45 UTC</createdTime>
<generatorID>4A3D6AEF-F088-577B-610B-7E42B0A69047</generatorID>
<ownerDesignName>bank_dimension</ownerDesignName>
<nullsAllowed>true</nullsAllowed>
<useDomainConstraints>false</useDomainConstraints>
<use>1</use>
<logicalDatatype>LOGDT026</logicalDatatype>
<ownDataTypeParameters>,,</ownDataTypeParameters>
<autoIncrementCycle>false</autoIncrementCycle>
</Column>
</columns>
<indexes itemClass="oracle.dbtools.crest.model.design.relational.Index">
<ind_PK_UK id="AA2A9511-7295-5449-D2DB-8C6DA39AFFF0" name="f_loan_PK">
<createdBy>muchd</createdBy>
<createdTime>2023-01-28 22:55:45 UTC</createdTime>
<generatorID>8F257EF1-BBEA-73AA-917D-38263D3180B9</generatorID>
<ownerDesignName>bank_dimension</ownerDesignName>
<pk>true</pk>
<indexState>Primary Constraint</indexState>
<isSurrogateKey>false</isSurrogateKey>
<indexColumnUsage>
<colUsage columnID="DDD522C8-1A46-1ED0-F427-5E158C6EAE5E"/>
<colUsage columnID="48642F44-2014-C431-BE5E-99C22AED4B97"/>
<colUsage columnID="E5E9B2F0-1785-2B61-3FF3-C3A8E6393210"/>
</indexColumnUsage>
</ind_PK_UK>
<ind_PK_UK id="DBC96BDB-9941-6F1E-25CF-104096C1FF47" name="f_loan_d_account_FK">
<createdBy>muchd</createdBy>
<createdTime>2023-01-28 22:55:45 UTC</createdTime>
<generatorID>91049A44-0C41-2C99-8317-BAF1C2E0389D</generatorID>
<ownerDesignName>bank_dimension</ownerDesignName>
<indexState>Foreign Key</indexState>
<isSurrogateKey>false</isSurrogateKey>
<indexColumnUsage>
<colUsage columnID="DDD522C8-1A46-1ED0-F427-5E158C6EAE5E"/>
</indexColumnUsage>
</ind_PK_UK>
<ind_PK_UK id="2DA65CDE-C90C-BCFC-C243-7503C546A48D" name="f_loan_d_date_FK">
<createdBy>muchd</createdBy>
<createdTime>2023-01-28 22:55:45 UTC</createdTime>
<generatorID>92CDF596-52BE-8C4F-7B65-4FC3AA227A73</generatorID>
<ownerDesignName>bank_dimension</ownerDesignName>
<indexState>Foreign Key</indexState>
<isSurrogateKey>false</isSurrogateKey>
<indexColumnUsage>
<colUsage columnID="E5E9B2F0-1785-2B61-3FF3-C3A8E6393210"/>
</indexColumnUsage>
</ind_PK_UK>
<ind_PK_UK id="3CB25D21-0203-F282-A5DB-0A20F353D9EE" name="f_loan_d_loan_FK">
<createdBy>muchd</createdBy>
<createdTime>2023-01-28 22:55:45 UTC</createdTime>
<generatorID>D86C3B67-DBA0-44B9-E84B-A96B45E7A02E</generatorID>
<ownerDesignName>bank_dimension</ownerDesignName>
<indexState>Foreign Key</indexState>
<isSurrogateKey>false</isSurrogateKey>
<indexColumnUsage>
<colUsage columnID="48642F44-2014-C431-BE5E-99C22AED4B97"/>
</indexColumnUsage>
</ind_PK_UK>
</indexes>
</Table>
