<?xml version = '1.0' encoding = 'UTF-8'?>
<Relation class="oracle.dbtools.crest.model.design.logical.Relation" name="h_permanent_order_s_permanent_order" directorySegmentName="seg_0" id="0CE0C282-5198-6E7C-7AE2-B3305BBAC15B">
<createdBy>muchd</createdBy>
<createdTime>2022-12-12 22:52:01 UTC</createdTime>
<ownerDesignName>bank_warehouse</ownerDesignName>
<engineerTo>
<item key="DF09D221-A149-5432-78EF-EB2015DFE8D4" value="true"/>
</engineerTo>
<sourcePk>26D1182F-E31D-578D-202B-52E77ABD343B</sourcePk>
<identifying>true</identifying>
<nameOnTarget>permanent_order_id</nameOnTarget>
<optionalSource>false</optionalSource>
<optionalTarget>false</optionalTarget>
<sourceCardinality>1</sourceCardinality>
<sourceEntity>481E2A00-F618-37EB-F4FA-504A60093143</sourceEntity>
<targetCardinalityString>*</targetCardinalityString>
<targetEntity>D7ADE293-2A61-FC94-2334-BD6615BD548C</targetEntity>
<transferable>true</transferable>
<deleteRule>CASCADE</deleteRule>
</Relation>