<?xml version = '1.0' encoding = 'UTF-8'?>
<Relation class="oracle.dbtools.crest.model.design.logical.Relation" name="h_account_s_account" directorySegmentName="seg_0" id="20F24825-B0D9-8CD0-D8F0-7F56E4E81D38">
<createdBy>muchd</createdBy>
<createdTime>2022-12-17 12:06:10 UTC</createdTime>
<ownerDesignName>bank_warehouse</ownerDesignName>
<engineerTo>
<item key="DF09D221-A149-5432-78EF-EB2015DFE8D4" value="true"/>
</engineerTo>
<sourcePk>EDA1AEFE-089F-A98C-3C2D-AC297789EFBB</sourcePk>
<targetPk>3D83D094-973F-03B8-C09A-C90AD7D78521</targetPk>
<identifying>true</identifying>
<nameOnTarget>account_id</nameOnTarget>
<optionalSource>false</optionalSource>
<optionalTarget>false</optionalTarget>
<sourceCardinality>1</sourceCardinality>
<sourceEntity>A4D8B356-6BB4-B46E-0387-EB924A8B10C0</sourceEntity>
<targetCardinalityString>*</targetCardinalityString>
<targetEntity>2DB20208-0A9F-CA53-46CD-9CCFF2375E4D</targetEntity>
<transferable>true</transferable>
<deleteRule>CASCADE</deleteRule>
</Relation>