<?xml version = '1.0' encoding = 'UTF-8'?>
<Relation class="oracle.dbtools.crest.model.design.logical.Relation" name="h_account_l_account_demographic" directorySegmentName="seg_0" id="2AAB5103-3A5F-94F0-F8F0-EC2481993061">
<createdBy>muchd</createdBy>
<createdTime>2022-12-17 11:53:31 UTC</createdTime>
<ownerDesignName>bank_warehouse</ownerDesignName>
<engineerTo>
<item key="DF09D221-A149-5432-78EF-EB2015DFE8D4" value="true"/>
</engineerTo>
<sourcePk>EDA1AEFE-089F-A98C-3C2D-AC297789EFBB</sourcePk>
<targetPk>BA3BF35D-3FC9-ACBF-C5D4-BB02F554D2A0</targetPk>
<identifying>false</identifying>
<nameOnTarget>account_id</nameOnTarget>
<optionalSource>true</optionalSource>
<optionalTarget>false</optionalTarget>
<sourceCardinality>1</sourceCardinality>
<sourceEntity>A4D8B356-6BB4-B46E-0387-EB924A8B10C0</sourceEntity>
<targetCardinalityString>*</targetCardinalityString>
<targetEntity>37F328CC-01CD-1443-8B56-36D7F50BF567</targetEntity>
<transferable>true</transferable>
<deleteRule>CASCADE</deleteRule>
</Relation>