<?xml version = '1.0' encoding = 'UTF-8'?>
<Relation class="oracle.dbtools.crest.model.design.logical.Relation" name="h_account_l_account_loan" directorySegmentName="seg_0" id="36020ABC-363A-B7DB-E93C-FD5225E10842">
<createdBy>muchd</createdBy>
<createdTime>2022-12-12 22:45:41 UTC</createdTime>
<ownerDesignName>bank_warehouse</ownerDesignName>
<engineerTo>
<item key="DF09D221-A149-5432-78EF-EB2015DFE8D4" value="true"/>
</engineerTo>
<sourcePk>D7AAD037-1445-D724-91D4-5EEB8EF61D70</sourcePk>
<targetPk>D3E839BF-570E-96F7-39FC-BE442F1D708D</targetPk>
<identifying>true</identifying>
<nameOnTarget>account_id</nameOnTarget>
<optionalSource>true</optionalSource>
<optionalTarget>false</optionalTarget>
<sourceCardinality>1</sourceCardinality>
<sourceEntity>A4D8B356-6BB4-B46E-0387-EB924A8B10C0</sourceEntity>
<targetCardinalityString>*</targetCardinalityString>
<targetEntity>DAA4FAF2-8485-C360-2BAB-48CABFDFA40F</targetEntity>
<transferable>true</transferable>
<deleteRule>CASCADE</deleteRule>
</Relation>