<?xml version = '1.0' encoding = 'UTF-8'?>
<Relation class="oracle.dbtools.crest.model.design.logical.Relation" name="h_disposition_l_card_disposition" directorySegmentName="seg_0" id="4451651A-F885-CAFE-35AF-A01DA92B9DDA">
<createdBy>muchd</createdBy>
<createdTime>2022-12-12 22:24:08 UTC</createdTime>
<ownerDesignName>bank_warehouse</ownerDesignName>
<engineerTo>
<item key="DF09D221-A149-5432-78EF-EB2015DFE8D4" value="true"/>
</engineerTo>
<sourcePk>E41197AA-7BF6-3B19-11EC-4A7C400794FF</sourcePk>
<identifying>false</identifying>
<nameOnTarget>disposition_id</nameOnTarget>
<optionalSource>true</optionalSource>
<optionalTarget>false</optionalTarget>
<sourceCardinality>1</sourceCardinality>
<sourceEntity>D838BB84-D71A-10B7-D0F4-7E1597A54356</sourceEntity>
<targetCardinalityString>*</targetCardinalityString>
<targetEntity>8785699F-0536-1E66-25F8-7C0213C7C2EE</targetEntity>
<transferable>true</transferable>
<deleteRule>CASCADE</deleteRule>
</Relation>