<?xml version = '1.0' encoding = 'UTF-8'?>
<Relation class="oracle.dbtools.crest.model.design.logical.Relation" name="h_credit_card_l_card_disposition" directorySegmentName="seg_0" id="5C5ABFE7-10AF-0957-3C3D-3D710E7CB46B">
<createdBy>muchd</createdBy>
<createdTime>2022-12-12 22:23:47 UTC</createdTime>
<ownerDesignName>bank_warehouse</ownerDesignName>
<engineerTo>
<item key="DF09D221-A149-5432-78EF-EB2015DFE8D4" value="true"/>
</engineerTo>
<sourcePk>C792DB45-1262-2720-F551-C30786795738</sourcePk>
<identifying>false</identifying>
<nameOnTarget>card_id</nameOnTarget>
<optionalSource>true</optionalSource>
<optionalTarget>false</optionalTarget>
<sourceCardinality>1</sourceCardinality>
<sourceEntity>E4B10FF7-9727-8BD7-8151-76C32387F9D1</sourceEntity>
<targetCardinalityString>*</targetCardinalityString>
<targetEntity>8785699F-0536-1E66-25F8-7C0213C7C2EE</targetEntity>
<transferable>true</transferable>
<deleteRule>CASCADE</deleteRule>
</Relation>