<?xml version = '1.0' encoding = 'UTF-8'?>
<Relation class="oracle.dbtools.crest.model.design.logical.Relation" name="h_client_s_client" directorySegmentName="seg_0" id="5DCF3175-E1E8-C949-BE39-120C74C93428">
<createdBy>muchd</createdBy>
<createdTime>2022-12-12 21:40:28 UTC</createdTime>
<ownerDesignName>bank_warehouse</ownerDesignName>
<engineerTo>
<item key="DF09D221-A149-5432-78EF-EB2015DFE8D4" value="true"/>
</engineerTo>
<sourcePk>DE02F1A7-8305-ED1C-5A49-82FE4D583A9F</sourcePk>
<targetPk>4A1D8FB7-E0DF-076B-C96F-410FDAFAF48F</targetPk>
<identifying>true</identifying>
<nameOnTarget>client_id</nameOnTarget>
<optionalSource>false</optionalSource>
<optionalTarget>false</optionalTarget>
<sourceCardinality>1</sourceCardinality>
<sourceEntity>28136D5B-932C-6F5A-20F2-28701C1F71EB</sourceEntity>
<targetCardinalityString>*</targetCardinalityString>
<targetEntity>96EC3406-0C16-B0FD-3FFE-E6ECD7A60E88</targetEntity>
<transferable>true</transferable>
<deleteRule>CASCADE</deleteRule>
</Relation>