<?xml version = '1.0' encoding = 'UTF-8'?>
<Relation class="oracle.dbtools.crest.model.design.logical.Relation" name="h_demographic_l_client_demographic" directorySegmentName="seg_0" id="622497DF-66C6-4399-CD7B-C39C3FDC5AAA">
<createdBy>muchd</createdBy>
<createdTime>2023-01-28 23:19:22 UTC</createdTime>
<ownerDesignName>bank_warehouse</ownerDesignName>
<engineerTo>
<item key="E975F7EC-B90C-029D-F793-FCAB0B1A3EA5" value="true"/>
</engineerTo>
<sourcePk>B7C788C8-CA35-04D5-EA0E-DD993546855E</sourcePk>
<identifying>false</identifying>
<nameOnTarget>demographic_id</nameOnTarget>
<optionalSource>true</optionalSource>
<optionalTarget>false</optionalTarget>
<sourceCardinality>1</sourceCardinality>
<sourceEntity>DAC3A9F0-B168-33D4-D91D-8E1A1B8E7AD9</sourceEntity>
<targetCardinalityString>*</targetCardinalityString>
<targetEntity>D37CA140-83A7-3A43-B8C7-13183970B716</targetEntity>
<transferable>true</transferable>
<deleteRule>CASCADE</deleteRule>
</Relation>
