<?xml version = '1.0' encoding = 'UTF-8'?>
<Relation class="oracle.dbtools.crest.model.design.logical.Relation" name="account__loan" directorySegmentName="seg_0" id="6500AFF7-D289-E6F7-096C-9548B038AE08">
<createdBy>muchd</createdBy>
<createdTime>2022-11-13 19:59:58 UTC</createdTime>
<ownerDesignName>bank_warehouse</ownerDesignName>
<engineerTo>
<item key="DA16FDDE-6E7B-6155-7D28-70594BB155D9" value="true"/>
</engineerTo>
<sourcePk>7E3767E7-6B43-2672-0347-F4D7E4B8D5B4</sourcePk>
<targetPk>C9DF84DD-2BE0-C2E3-56DB-6335338D2E16</targetPk>
<identifying>false</identifying>
<nameOnTarget>account_id</nameOnTarget>
<optionalSource>false</optionalSource>
<optionalTarget>true</optionalTarget>
<sourceCardinality>1</sourceCardinality>
<sourceEntity>8BFD66C1-CCAF-CC5A-7E94-5539F0012159</sourceEntity>
<targetCardinalityString>1</targetCardinalityString>
<targetEntity>D187B3E7-A35C-FFFD-22C1-81DF09E8F565</targetEntity>
<transferable>true</transferable>
<deleteRule>NO ACTION</deleteRule>
</Relation>