<?xml version = '1.0' encoding = 'UTF-8'?>
<Relation class="oracle.dbtools.crest.model.design.logical.Relation" name="h_client_l_client_account_disposition" directorySegmentName="seg_0" id="84B58288-9085-429A-7CF3-B2FBEA6ED64C">
<createdBy>muchd</createdBy>
<createdTime>2023-01-28 23:20:29 UTC</createdTime>
<ownerDesignName>bank_warehouse</ownerDesignName>
<engineerTo>
<item key="E975F7EC-B90C-029D-F793-FCAB0B1A3EA5" value="true"/>
</engineerTo>
<sourcePk>DE02F1A7-8305-ED1C-5A49-82FE4D583A9F</sourcePk>
<identifying>false</identifying>
<nameOnTarget>client_id</nameOnTarget>
<optionalSource>true</optionalSource>
<optionalTarget>false</optionalTarget>
<sourceCardinality>1</sourceCardinality>
<sourceEntity>28136D5B-932C-6F5A-20F2-28701C1F71EB</sourceEntity>
<targetCardinalityString>*</targetCardinalityString>
<targetEntity>A9E0108D-8139-7D0C-28DC-6A512C958E5A</targetEntity>
<transferable>true</transferable>
<deleteRule>CASCADE</deleteRule>
</Relation>
