<?xml version = '1.0' encoding = 'UTF-8'?>
<Relation class="oracle.dbtools.crest.model.design.logical.Relation" name="h_loan_s_loan" directorySegmentName="seg_0" id="8FAA682C-7F2F-5413-35B2-326BB09ADF35">
<createdBy>muchd</createdBy>
<createdTime>2022-12-12 22:45:10 UTC</createdTime>
<ownerDesignName>bank_warehouse</ownerDesignName>
<engineerTo>
<item key="DF09D221-A149-5432-78EF-EB2015DFE8D4" value="true"/>
</engineerTo>
<sourcePk>5ADBA304-CFDD-158C-A7F8-89CD8C35BE21</sourcePk>
<targetPk>43802BE4-8157-F551-BD78-61C3EB336267</targetPk>
<identifying>true</identifying>
<nameOnTarget>loan_id</nameOnTarget>
<optionalSource>false</optionalSource>
<optionalTarget>false</optionalTarget>
<sourceCardinality>1</sourceCardinality>
<sourceEntity>C30BBA0E-B59F-F9BA-3429-41204F21D347</sourceEntity>
<targetCardinalityString>*</targetCardinalityString>
<targetEntity>66630091-E318-074A-2E64-D95FE5991C95</targetEntity>
<transferable>true</transferable>
<deleteRule>CASCADE</deleteRule>
</Relation>