<?xml version = '1.0' encoding = 'UTF-8'?>
<FKIndexAssociation class="oracle.dbtools.crest.model.design.relational.FKIndexAssociation" directorySegmentName="seg_0" id="20FD5156-B8FE-D4B3-A201-DFF77C5AA1C2" containerWithKeyObject="92101E4E-B93A-2E08-99D8-66710B1EBC85" localFKIndex="E0546973-9467-C357-2ECA-B39DD7F45D4A" name="h_demographic_l_client_demographic">
<createdBy>muchd</createdBy>
<createdTime>2023-01-28 23:21:45 UTC</createdTime>
<generatorID>622497DF-66C6-4399-CD7B-C39C3FDC5AAA</generatorID>
<ownerDesignName>bank_warehouse</ownerDesignName>
<referredTableLongName>h_demographic</referredTableLongName>
<deleteRule>CASCADE</deleteRule>
<referredTableID>4C7D36C7-0210-D800-AA4E-2619A1543459</referredTableID>
<keyObject>BAB81DC7-60C9-E6AB-5AE4-01FDA3044687</keyObject>
<referredKeyID>BAB81DC7-60C9-E6AB-5AE4-01FDA3044687</referredKeyID>
<mandatory>true</mandatory>
<refColNames>id</refColNames>
<transferable>true</transferable>
<rely>false</rely>
<columnDependencyConstraintGenerateInDDL>true</columnDependencyConstraintGenerateInDDL>
</FKIndexAssociation>
