<?xml version = '1.0' encoding = 'UTF-8'?>
<FKIndexAssociation class="oracle.dbtools.crest.model.design.relational.FKIndexAssociation" directorySegmentName="seg_0" id="375DF3C9-506E-F41D-9787-B2A27DF104D9" containerWithKeyObject="3ADA3A6C-9138-AC6B-2A5B-1984124566AF" localFKIndex="7234273D-9445-D03E-3466-719556D27F90" name="h_account_l_client_account_disposition">
<createdBy>muchd</createdBy>
<createdTime>2023-01-28 23:21:45 UTC</createdTime>
<generatorID>617DFBE9-35F1-B15A-C4F5-224F2BF2D584</generatorID>
<ownerDesignName>bank_warehouse</ownerDesignName>
<referredTableLongName>h_account</referredTableLongName>
<deleteRule>CASCADE</deleteRule>
<referredTableID>E0AA159F-CC80-D10C-6AAF-68253F6F37E8</referredTableID>
<keyObject>D6222F54-3F48-5A85-6147-A59D9BBA10C2</keyObject>
<referredKeyID>D6222F54-3F48-5A85-6147-A59D9BBA10C2</referredKeyID>
<mandatory>true</mandatory>
<refColNames>id</refColNames>
<transferable>true</transferable>
<rely>false</rely>
<columnDependencyConstraintGenerateInDDL>true</columnDependencyConstraintGenerateInDDL>
</FKIndexAssociation>
