<?xml version = '1.0' encoding = 'UTF-8'?>
<FKIndexAssociation class="oracle.dbtools.crest.model.design.relational.FKIndexAssociation" directorySegmentName="seg_0" id="5E243915-418D-C55F-2A8C-186D07FAE0A3" containerWithKeyObject="D40F06B9-CD42-0962-E968-293408DC6FA9" localFKIndex="66F9989D-1E5B-61E9-14F9-AD338F973B35" name="h_credit_card_l_card_disposition">
<createdBy>muchd</createdBy>
<createdTime>2023-01-28 23:21:45 UTC</createdTime>
<generatorID>4598956F-A5C6-E046-AD32-91F2617119BD</generatorID>
<ownerDesignName>bank_warehouse</ownerDesignName>
<referredTableLongName>h_credit_card</referredTableLongName>
<deleteRule>CASCADE</deleteRule>
<referredTableID>30AF1175-75ED-E735-6DB3-BF44C83901F6</referredTableID>
<keyObject>6748356C-95A4-389B-104B-F27EBD94E7AD</keyObject>
<referredKeyID>6748356C-95A4-389B-104B-F27EBD94E7AD</referredKeyID>
<mandatory>true</mandatory>
<refColNames>id</refColNames>
<transferable>true</transferable>
<rely>false</rely>
<columnDependencyConstraintGenerateInDDL>true</columnDependencyConstraintGenerateInDDL>
</FKIndexAssociation>
