<?xml version = '1.0' encoding = 'UTF-8'?>
<FKIndexAssociation class="oracle.dbtools.crest.model.design.relational.FKIndexAssociation" directorySegmentName="seg_0" id="CB97696A-0A91-ABAD-3342-3A7658F63467" containerWithKeyObject="1464A20A-3AF5-9591-22E4-D846F113610A" localFKIndex="6E322135-9609-5A9A-3592-C9A6FC642295" name="h_account_l_account_demographic">
<createdBy>muchd</createdBy>
<createdTime>2023-01-28 23:21:45 UTC</createdTime>
<generatorID>2AAB5103-3A5F-94F0-F8F0-EC2481993061</generatorID>
<ownerDesignName>bank_warehouse</ownerDesignName>
<referredTableLongName>h_account</referredTableLongName>
<deleteRule>CASCADE</deleteRule>
<referredTableID>E0AA159F-CC80-D10C-6AAF-68253F6F37E8</referredTableID>
<keyObject>D6222F54-3F48-5A85-6147-A59D9BBA10C2</keyObject>
<referredKeyID>D6222F54-3F48-5A85-6147-A59D9BBA10C2</referredKeyID>
<mandatory>true</mandatory>
<refColNames>id</refColNames>
<transferable>true</transferable>
<rely>false</rely>
<columnDependencyConstraintGenerateInDDL>true</columnDependencyConstraintGenerateInDDL>
</FKIndexAssociation>
