<?xml version = '1.0' encoding = 'UTF-8'?>
<FKIndexAssociation class="oracle.dbtools.crest.model.design.relational.FKIndexAssociation" directorySegmentName="seg_0" id="093C646B-FE55-BA7E-D85B-7256BF5D3348" containerWithKeyObject="1D30A354-D24B-9442-09D6-433416E56505" localFKIndex="C6E65A13-E881-0FF1-6D70-1A967BBC98C2" name="f_credit_card_d_credit_card_FK">
<createdBy>muchd</createdBy>
<createdTime>2023-01-29 00:15:53 UTC</createdTime>
<generatorID>C292401C-33D2-0E6A-3B94-6BA7348BC47C</generatorID>
<ownerDesignName>bank_dimension</ownerDesignName>
<referredTableLongName>d_credit_card</referredTableLongName>
<deleteRule>CASCADE</deleteRule>
<referredTableID>10C61DF6-F210-9DF3-E4C5-3829BB90678B</referredTableID>
<keyObject>F058B3C6-8355-5FB8-8D00-5949362901D2</keyObject>
<referredKeyID>F058B3C6-8355-5FB8-8D00-5949362901D2</referredKeyID>
<mandatory>true</mandatory>
<refColNames>id</refColNames>
<transferable>true</transferable>
<rely>false</rely>
<columnDependencyConstraintGenerateInDDL>true</columnDependencyConstraintGenerateInDDL>
</FKIndexAssociation>
