<?xml version = '1.0' encoding = 'UTF-8'?>
<FKIndexAssociation class="oracle.dbtools.crest.model.design.relational.FKIndexAssociation" directorySegmentName="seg_0" id="23B7C898-220D-AAD4-8F6F-ECFBFDBD7795" containerWithKeyObject="D44FD2B9-F051-094C-1909-05D80B97C80A" localFKIndex="7095EF17-4D96-16B5-46C1-3FA9DED5E6E7" name="f_transaction_d_account_FK">
<createdBy>muchd</createdBy>
<createdTime>2023-01-29 00:15:53 UTC</createdTime>
<generatorID>4B9C048A-229F-FD72-E930-3E63D532D3D4</generatorID>
<ownerDesignName>bank_dimension</ownerDesignName>
<referredTableLongName>d_account</referredTableLongName>
<deleteRule>CASCADE</deleteRule>
<referredTableID>FEEDE306-1D70-1192-D99A-DACE6284B5EF</referredTableID>
<keyObject>15B05706-DC75-211B-A77D-C61C208FC1F1</keyObject>
<referredKeyID>15B05706-DC75-211B-A77D-C61C208FC1F1</referredKeyID>
<mandatory>true</mandatory>
<refColNames>id</refColNames>
<transferable>true</transferable>
<rely>false</rely>
<columnDependencyConstraintGenerateInDDL>true</columnDependencyConstraintGenerateInDDL>
</FKIndexAssociation>
