<?xml version = '1.0' encoding = 'UTF-8'?>
<Entity class="oracle.dbtools.crest.model.design.logical.Entity" directorySegmentName="seg_0" id="17F7F300-E74F-7D14-220E-7C08B0A4F245" name="account">
<createdBy>muchd</createdBy>
<createdTime>2022-11-13 20:30:58 UTC</createdTime>
<ownerDesignName>bank_staging</ownerDesignName>
<adequatelyNormalized>NO</adequatelyNormalized>
<expectedVolumes>0</expectedVolumes>
<fwdEngineeringStrategyName>Single Table</fwdEngineeringStrategyName>
<growthPercent>0</growthPercent>
<growthType>Year</growthType>
<maxVolumes>9999999</maxVolumes>
<minVolumes>0</minVolumes>
<normalForm>Third</normalForm>
<attributes itemClass="oracle.dbtools.crest.model.design.logical.Attribute">
<Attribute name="staged_at" id="E5B722BB-B8BD-2C08-6803-D0C01D7D9AEE">
<createdBy>muchd</createdBy>
<createdTime>2022-11-13 20:39:54 UTC</createdTime>
<ownerDesignName>bank_staging</ownerDesignName>
<useDomainConstraints>false</useDomainConstraints>
<use>1</use>
<logicalDatatype>LOGDT008</logicalDatatype>
<ownDataTypeParameters>,,</ownDataTypeParameters>
</Attribute>
<Attribute name="account_id" id="75B29B9F-DD59-8E13-CBC0-0E3827EFEF2D">
<createdBy>muchd</createdBy>
<createdTime>2022-11-13 20:30:58 UTC</createdTime>
<ownerDesignName>bank_staging</ownerDesignName>
<importedID>3698CD3E-4FA5-4EF6-5342-22725459EAC6</importedID>
<useDomainConstraints>false</useDomainConstraints>
<use>1</use>
<logicalDatatype>LOGDT027</logicalDatatype>
<ownDataTypeParameters>,,</ownDataTypeParameters>
</Attribute>
<Attribute name="district_id" id="279EB52E-E626-989A-1962-C9CD3B39CCB7">
<createdBy>muchd</createdBy>
<createdTime>2022-11-21 20:13:41 UTC</createdTime>
<ownerDesignName>bank_staging</ownerDesignName>
<nullsAllowed>true</nullsAllowed>
<useDomainConstraints>false</useDomainConstraints>
<use>1</use>
<logicalDatatype>LOGDT027</logicalDatatype>
<ownDataTypeParameters>,,</ownDataTypeParameters>
</Attribute>
<Attribute name="date" id="F50A61AF-68C2-0DD9-D3FA-97B0B5B5596F">
<createdBy>muchd</createdBy>
<createdTime>2022-11-13 20:30:58 UTC</createdTime>
<ownerDesignName>bank_staging</ownerDesignName>
<importedID>5933AF45-CED5-DE5D-A3EA-6A3FCA3F0BB4</importedID>
<nullsAllowed>true</nullsAllowed>
<useDomainConstraints>false</useDomainConstraints>
<use>1</use>
<logicalDatatype>LOGDT011</logicalDatatype>
<ownDataTypeParameters>,,</ownDataTypeParameters>
</Attribute>
<Attribute name="frequency" id="A94A9AA7-8B7E-9703-DB05-9069A2813BE1">
<createdBy>muchd</createdBy>
<createdTime>2022-11-13 20:30:58 UTC</createdTime>
<ownerDesignName>bank_staging</ownerDesignName>
<importedID>134F4D8D-6D4E-18D9-F032-1419D9FD4ED7</importedID>
<nullsAllowed>true</nullsAllowed>
<useDomainConstraints>false</useDomainConstraints>
<use>1</use>
<logicalDatatype>LOGDT024</logicalDatatype>
<dataTypeSize>30 CHAR</dataTypeSize>
<ownDataTypeParameters>30 CHAR,,</ownDataTypeParameters>
</Attribute>
</attributes>
<identifiers itemClass="oracle.dbtools.crest.model.design.logical.CandidateKey">
<identifier id="120D1134-BB58-B33F-1891-D30091293554" name="account PK">
<createdBy>muchd</createdBy>
<createdTime>2022-11-13 20:30:58 UTC</createdTime>
<ownerDesignName>bank_staging</ownerDesignName>
<pk>true</pk>
<usedAttributes>
<attributeRef>75B29B9F-DD59-8E13-CBC0-0E3827EFEF2D</attributeRef>
<attributeRef>E5B722BB-B8BD-2C08-6803-D0C01D7D9AEE</attributeRef>
</usedAttributes>
</identifier>
</identifiers>
</Entity>
