<?xml version = '1.0' encoding = 'UTF-8'?>
<Entity class="oracle.dbtools.crest.model.design.logical.Entity" directorySegmentName="seg_0" id="DC4E0930-7C7B-CB9D-A2E3-216D99FDAE42" name="credit_card">
<createdBy>muchd</createdBy>
<createdTime>2022-11-13 20:30:58 UTC</createdTime>
<ownerDesignName>bank_staging</ownerDesignName>
<adequatelyNormalized>NO</adequatelyNormalized>
<expectedVolumes>0</expectedVolumes>
<fwdEngineeringStrategyName>Single Table</fwdEngineeringStrategyName>
<growthPercent>0</growthPercent>
<growthType>Year</growthType>
<maxVolumes>9999999</maxVolumes>
<minVolumes>0</minVolumes>
<normalForm>Third</normalForm>
<attributes itemClass="oracle.dbtools.crest.model.design.logical.Attribute">
<Attribute name="staged_at" id="9EBDCB98-6EC0-A6FD-8CFD-AB3AA062243C">
<createdBy>muchd</createdBy>
<createdTime>2022-11-13 20:38:56 UTC</createdTime>
<ownerDesignName>bank_staging</ownerDesignName>
<useDomainConstraints>false</useDomainConstraints>
<use>1</use>
<logicalDatatype>LOGDT008</logicalDatatype>
<ownDataTypeParameters>,,</ownDataTypeParameters>
</Attribute>
<Attribute name="card_id" id="80960229-7314-C8B0-7E32-479CD208068E">
<createdBy>muchd</createdBy>
<createdTime>2022-11-13 20:30:58 UTC</createdTime>
<ownerDesignName>bank_staging</ownerDesignName>
<importedID>CE8F4336-C46E-82FC-6057-FD6F6638C214</importedID>
<useDomainConstraints>false</useDomainConstraints>
<use>1</use>
<logicalDatatype>LOGDT027</logicalDatatype>
<ownDataTypeParameters>,,</ownDataTypeParameters>
</Attribute>
<Attribute name="disp_id" id="379E14FA-7163-A6F9-E552-25465CBE149B">
<createdBy>muchd</createdBy>
<createdTime>2022-11-21 20:12:21 UTC</createdTime>
<ownerDesignName>bank_staging</ownerDesignName>
<nullsAllowed>true</nullsAllowed>
<useDomainConstraints>false</useDomainConstraints>
<use>1</use>
<logicalDatatype>LOGDT027</logicalDatatype>
<ownDataTypeParameters>,,</ownDataTypeParameters>
</Attribute>
<Attribute name="type" id="E68804F3-7B2E-9A08-B2D3-469AC3FD3FC7">
<createdBy>muchd</createdBy>
<createdTime>2022-11-13 20:30:58 UTC</createdTime>
<ownerDesignName>bank_staging</ownerDesignName>
<importedID>AE0DBCF2-BE54-A827-24A5-7005D8C8114E</importedID>
<nullsAllowed>true</nullsAllowed>
<useDomainConstraints>false</useDomainConstraints>
<use>1</use>
<logicalDatatype>LOGDT024</logicalDatatype>
<dataTypeSize>10 CHAR</dataTypeSize>
<ownDataTypeParameters>10 CHAR,,</ownDataTypeParameters>
</Attribute>
<Attribute name="issued" id="1CE406DD-CFA1-4E21-535E-14CCE92AB8ED">
<createdBy>muchd</createdBy>
<createdTime>2022-11-13 20:30:58 UTC</createdTime>
<ownerDesignName>bank_staging</ownerDesignName>
<importedID>00B27410-7A4C-A2CB-6362-D8EFC2274981</importedID>
<nullsAllowed>true</nullsAllowed>
<useDomainConstraints>false</useDomainConstraints>
<use>1</use>
<logicalDatatype>LOGDT024</logicalDatatype>
<dataTypeSize>20 CHAR</dataTypeSize>
<ownDataTypeParameters>20 CHAR,,</ownDataTypeParameters>
</Attribute>
</attributes>
<identifiers itemClass="oracle.dbtools.crest.model.design.logical.CandidateKey">
<identifier id="B2DD32FB-0220-CA7B-5CFE-FDB71D6E0913" name="credit_card PK">
<createdBy>muchd</createdBy>
<createdTime>2022-11-13 20:30:58 UTC</createdTime>
<ownerDesignName>bank_staging</ownerDesignName>
<pk>true</pk>
<usedAttributes>
<attributeRef>80960229-7314-C8B0-7E32-479CD208068E</attributeRef>
<attributeRef>9EBDCB98-6EC0-A6FD-8CFD-AB3AA062243C</attributeRef>
</usedAttributes>
</identifier>
</identifiers>
</Entity>
