<?xml version = '1.0' encoding = 'UTF-8'?>
<Entity class="oracle.dbtools.crest.model.design.logical.Entity" directorySegmentName="seg_0" id="F3B7CC97-325A-6835-5FC8-35BB2EE5774D" name="client">
<createdBy>muchd</createdBy>
<createdTime>2022-11-13 20:30:58 UTC</createdTime>
<ownerDesignName>bank_staging</ownerDesignName>
<adequatelyNormalized>NO</adequatelyNormalized>
<expectedVolumes>0</expectedVolumes>
<fwdEngineeringStrategyName>Single Table</fwdEngineeringStrategyName>
<growthPercent>0</growthPercent>
<growthType>Year</growthType>
<maxVolumes>9999999</maxVolumes>
<minVolumes>0</minVolumes>
<normalForm>Third</normalForm>
<attributes itemClass="oracle.dbtools.crest.model.design.logical.Attribute">
<Attribute name="staged_at" id="CF4D103B-A3BB-17C4-A9ED-D1D6CCFBC6CA">
<createdBy>muchd</createdBy>
<createdTime>2022-11-13 20:39:07 UTC</createdTime>
<ownerDesignName>bank_staging</ownerDesignName>
<useDomainConstraints>false</useDomainConstraints>
<use>1</use>
<logicalDatatype>LOGDT008</logicalDatatype>
<ownDataTypeParameters>,,</ownDataTypeParameters>
</Attribute>
<Attribute name="client_id" id="7E1F95CC-61CD-816E-420F-B34A5CA21FBE">
<createdBy>muchd</createdBy>
<createdTime>2022-11-13 20:30:58 UTC</createdTime>
<ownerDesignName>bank_staging</ownerDesignName>
<importedID>019A2672-39F5-A18A-16DB-E06D55FF8B52</importedID>
<useDomainConstraints>false</useDomainConstraints>
<use>1</use>
<logicalDatatype>LOGDT027</logicalDatatype>
<ownDataTypeParameters>,,</ownDataTypeParameters>
</Attribute>
<Attribute name="district_id" id="6F98F5C3-564C-7259-E0A0-5013A63CB147">
<createdBy>muchd</createdBy>
<createdTime>2022-11-21 20:11:57 UTC</createdTime>
<ownerDesignName>bank_staging</ownerDesignName>
<nullsAllowed>true</nullsAllowed>
<useDomainConstraints>false</useDomainConstraints>
<use>1</use>
<logicalDatatype>LOGDT027</logicalDatatype>
<ownDataTypeParameters>,,</ownDataTypeParameters>
</Attribute>
<Attribute name="birth_number" id="68029782-C8A4-00A1-5973-FFF7B8F184CE">
<createdBy>muchd</createdBy>
<createdTime>2022-11-13 20:30:58 UTC</createdTime>
<ownerDesignName>bank_staging</ownerDesignName>
<importedID>A681377F-072F-71D1-09D3-2E6CC4A0880B</importedID>
<nullsAllowed>true</nullsAllowed>
<useDomainConstraints>false</useDomainConstraints>
<use>1</use>
<logicalDatatype>LOGDT011</logicalDatatype>
<ownDataTypeParameters>,,</ownDataTypeParameters>
</Attribute>
</attributes>
<identifiers itemClass="oracle.dbtools.crest.model.design.logical.CandidateKey">
<identifier id="9D5BD938-AD0E-0551-3C26-4CD74E312568" name="client PK">
<createdBy>muchd</createdBy>
<createdTime>2022-11-13 20:30:58 UTC</createdTime>
<ownerDesignName>bank_staging</ownerDesignName>
<pk>true</pk>
<usedAttributes>
<attributeRef>7E1F95CC-61CD-816E-420F-B34A5CA21FBE</attributeRef>
<attributeRef>CF4D103B-A3BB-17C4-A9ED-D1D6CCFBC6CA</attributeRef>
</usedAttributes>
</identifier>
</identifiers>
</Entity>
