<?xml version = '1.0' encoding = 'UTF-8'?>
<Table class="oracle.dbtools.crest.model.design.relational.Table" directorySegmentName="seg_0" id="08CFB2C9-6F59-FC00-A220-C1804716D3BE" name="l_account_permanent_order">
<createdBy>muchd</createdBy>
<createdTime>2023-01-25 22:26:11 UTC</createdTime>
<generatorID>F41F0EF1-6021-F710-96AB-F890862F4E43</generatorID>
<ownerDesignName>bank_warehouse</ownerDesignName>
<typeID>B4C8898A-B011-940E-1A19-34BE7202E980</typeID>
<allowColumnReorder>false</allowColumnReorder>
<existDependencyGenerateInDDl>true</existDependencyGenerateInDDl>
<parsed>true</parsed>
<columns itemClass="oracle.dbtools.crest.model.design.relational.Column">
<Column name="id" id="DB7DED6E-8DC2-F464-F5CC-0B0B92EC4B57">
<createdBy>muchd</createdBy>
<createdTime>2023-01-25 22:26:11 UTC</createdTime>
<generatorID>EC2EDA94-D399-9613-83B8-0A74279B4EC0</generatorID>
<ownerDesignName>bank_warehouse</ownerDesignName>
<useDomainConstraints>false</useDomainConstraints>
<use>1</use>
<logicalDatatype>LOGDT027</logicalDatatype>
<ownDataTypeParameters>,,</ownDataTypeParameters>
<autoIncrementCycle>false</autoIncrementCycle>
</Column>
<Column name="loaded_at" id="47D1B9C0-1295-E662-8299-FD85F7A12CB2">
<createdBy>muchd</createdBy>
<createdTime>2023-01-25 22:26:11 UTC</createdTime>
<generatorID>04A6751C-A97C-AC22-4DFE-FC22EFDD33F4</generatorID>
<ownerDesignName>bank_warehouse</ownerDesignName>
<useDomainConstraints>false</useDomainConstraints>
<use>1</use>
<logicalDatatype>LOGDT008</logicalDatatype>
<ownDataTypeParameters>,,</ownDataTypeParameters>
<autoIncrementCycle>false</autoIncrementCycle>
</Column>
<Column name="source" id="8DDC3C30-49C1-3B69-8274-6E8B067EBADD">
<createdBy>muchd</createdBy>
<createdTime>2023-01-25 22:26:11 UTC</createdTime>
<generatorID>C24A3F04-2BE0-03CD-BC40-104D13C55C7D</generatorID>
<ownerDesignName>bank_warehouse</ownerDesignName>
<useDomainConstraints>false</useDomainConstraints>
<use>1</use>
<logicalDatatype>LOGDT024</logicalDatatype>
<dataTypeSize>50 CHAR</dataTypeSize>
<ownDataTypeParameters>50 CHAR,,</ownDataTypeParameters>
<autoIncrementCycle>false</autoIncrementCycle>
</Column>
<Column name="permanent_order_id" id="8D10C1B0-2848-E245-2FAF-C0869282A335">
<createdBy>muchd</createdBy>
<createdTime>2023-01-25 22:26:11 UTC</createdTime>
<generatorID>36424651-E2F1-43E0-3D82-B47B7455284E</generatorID>
<ownerDesignName>bank_warehouse</ownerDesignName>
<useDomainConstraints>false</useDomainConstraints>
<use>1</use>
<logicalDatatype>LOGDT027</logicalDatatype>
<ownDataTypeParameters>,,</ownDataTypeParameters>
<previousColumn>false</previousColumn>
<autoIncrementCycle>false</autoIncrementCycle>
<associations>
<colAssociation fkAssociation="9D877DC5-BEBE-1BBA-9E71-2E08B81ACC90" referredColumn="50AEA815-E7A9-8374-319E-CDB0B8FEA3CB"/>
</associations>
</Column>
<Column name="account_id" id="133B1A93-2DC5-84DE-A4CE-1CF40EA333C5">
<createdBy>muchd</createdBy>
<createdTime>2023-01-25 22:26:11 UTC</createdTime>
<generatorID>4402F0EB-C065-37A1-F940-FD0A3BCC654C</generatorID>
<ownerDesignName>bank_warehouse</ownerDesignName>
<useDomainConstraints>false</useDomainConstraints>
<use>1</use>
<logicalDatatype>LOGDT027</logicalDatatype>
<ownDataTypeParameters>,,</ownDataTypeParameters>
<previousColumn>false</previousColumn>
<autoIncrementCycle>false</autoIncrementCycle>
<associations>
<colAssociation fkAssociation="CA7E93D9-590A-E0FF-5ADA-5F1CD73C885A" referredColumn="470CA14A-485E-0596-2FDA-B3702683BF8B"/>
</associations>
</Column>
</columns>
<indexes itemClass="oracle.dbtools.crest.model.design.relational.Index">
<ind_PK_UK id="1452041D-5CDD-18CA-AB64-A3AEB455FC03" name="l_account_permanent_order_PK">
<createdBy>muchd</createdBy>
<createdTime>2023-01-25 22:26:11 UTC</createdTime>
<generatorID>83202611-6235-7F8E-FBAC-0FE14B8AC410</generatorID>
<ownerDesignName>bank_warehouse</ownerDesignName>
<pk>true</pk>
<indexState>Primary Constraint</indexState>
<isSurrogateKey>false</isSurrogateKey>
<indexColumnUsage>
<colUsage columnID="DB7DED6E-8DC2-F464-F5CC-0B0B92EC4B57"/>
</indexColumnUsage>
</ind_PK_UK>
<ind_PK_UK id="61776040-2489-9177-540A-5995AECE1E6A" name="h_account_l_account_permanent_order">
<createdBy>muchd</createdBy>
<createdTime>2023-01-25 22:26:11 UTC</createdTime>
<generatorID>11ECB0AB-7B9F-EEBA-D938-6FEDE75F3E16</generatorID>
<ownerDesignName>bank_warehouse</ownerDesignName>
<indexState>Foreign Key</indexState>
<isSurrogateKey>false</isSurrogateKey>
<indexColumnUsage>
<colUsage columnID="133B1A93-2DC5-84DE-A4CE-1CF40EA333C5"/>
</indexColumnUsage>
</ind_PK_UK>
<ind_PK_UK id="F44C60FF-0A67-082D-4D5A-0D892845E7DE" name="h_permanent_order">
<createdBy>muchd</createdBy>
<createdTime>2023-01-25 22:26:11 UTC</createdTime>
<generatorID>298D6470-935C-8B90-6647-0D2FF2C52952</generatorID>
<ownerDesignName>bank_warehouse</ownerDesignName>
<indexState>Foreign Key</indexState>
<isSurrogateKey>false</isSurrogateKey>
<indexColumnUsage>
<colUsage columnID="8D10C1B0-2848-E245-2FAF-C0869282A335"/>
</indexColumnUsage>
</ind_PK_UK>
</indexes>
</Table>
