<?xml version = '1.0' encoding = 'UTF-8'?>
<Table class="oracle.dbtools.crest.model.design.relational.Table" directorySegmentName="seg_0" id="3C17455B-1469-8F6E-708D-23D8F4BF7CA3" name="l_account_demographic">
<createdBy>muchd</createdBy>
<createdTime>2023-01-25 22:26:11 UTC</createdTime>
<generatorID>37F328CC-01CD-1443-8B56-36D7F50BF567</generatorID>
<ownerDesignName>bank_warehouse</ownerDesignName>
<typeID>B4C8898A-B011-940E-1A19-34BE7202E980</typeID>
<allowColumnReorder>false</allowColumnReorder>
<existDependencyGenerateInDDl>true</existDependencyGenerateInDDl>
<parsed>true</parsed>
<columns itemClass="oracle.dbtools.crest.model.design.relational.Column">
<Column name="id" id="D73A5FAB-3EA7-7B4B-4EAC-6402253757D7">
<createdBy>muchd</createdBy>
<createdTime>2023-01-25 22:26:11 UTC</createdTime>
<generatorID>3046741C-B732-A2B9-25E3-799C0D52D89A</generatorID>
<ownerDesignName>bank_warehouse</ownerDesignName>
<useDomainConstraints>false</useDomainConstraints>
<use>1</use>
<logicalDatatype>LOGDT027</logicalDatatype>
<ownDataTypeParameters>,,</ownDataTypeParameters>
<autoIncrementCycle>false</autoIncrementCycle>
</Column>
<Column name="loaded_at" id="6EAF39F0-CEB0-4702-C781-B3BC46442AB5">
<createdBy>muchd</createdBy>
<createdTime>2023-01-25 22:26:11 UTC</createdTime>
<generatorID>BF4B527B-73F0-DB3A-D8FA-22FBC4F00FB8</generatorID>
<ownerDesignName>bank_warehouse</ownerDesignName>
<useDomainConstraints>false</useDomainConstraints>
<use>1</use>
<logicalDatatype>LOGDT008</logicalDatatype>
<ownDataTypeParameters>,,</ownDataTypeParameters>
<autoIncrementCycle>false</autoIncrementCycle>
</Column>
<Column name="source" id="4FBA6852-9637-D245-A957-B49901E09472">
<createdBy>muchd</createdBy>
<createdTime>2023-01-25 22:26:11 UTC</createdTime>
<generatorID>BEBFD464-70D1-504B-6CED-4B44CD351A63</generatorID>
<ownerDesignName>bank_warehouse</ownerDesignName>
<useDomainConstraints>false</useDomainConstraints>
<use>1</use>
<logicalDatatype>LOGDT024</logicalDatatype>
<dataTypeSize>50 CHAR</dataTypeSize>
<ownDataTypeParameters>50 CHAR,,</ownDataTypeParameters>
<autoIncrementCycle>false</autoIncrementCycle>
</Column>
<Column name="account_id" id="133543EE-536C-B457-F9D8-6749E1E3730A">
<createdBy>muchd</createdBy>
<createdTime>2023-01-25 22:26:11 UTC</createdTime>
<generatorID>5044F938-3B80-95CC-CD52-FF1244C182E1</generatorID>
<ownerDesignName>bank_warehouse</ownerDesignName>
<useDomainConstraints>false</useDomainConstraints>
<use>1</use>
<logicalDatatype>LOGDT027</logicalDatatype>
<ownDataTypeParameters>,,</ownDataTypeParameters>
<previousColumn>false</previousColumn>
<autoIncrementCycle>false</autoIncrementCycle>
<associations>
<colAssociation fkAssociation="76590F55-91B8-B490-8D47-8B8B304960A9" referredColumn="470CA14A-485E-0596-2FDA-B3702683BF8B"/>
</associations>
</Column>
<Column name="demographic_id" id="3968924D-CC8E-04C4-5F12-CC8EBC86408B">
<createdBy>muchd</createdBy>
<createdTime>2023-01-25 22:26:11 UTC</createdTime>
<generatorID>A7334135-AF68-BC75-EB26-D0B835D2BB2A</generatorID>
<ownerDesignName>bank_warehouse</ownerDesignName>
<useDomainConstraints>false</useDomainConstraints>
<use>1</use>
<logicalDatatype>LOGDT027</logicalDatatype>
<ownDataTypeParameters>,,</ownDataTypeParameters>
<previousColumn>false</previousColumn>
<autoIncrementCycle>false</autoIncrementCycle>
<associations>
<colAssociation fkAssociation="F4C7A3C3-E851-3CD3-1C84-1C0D3C2D888B" referredColumn="E1ADDF73-E8A0-B618-D689-03F531E1F511"/>
</associations>
</Column>
</columns>
<indexes itemClass="oracle.dbtools.crest.model.design.relational.Index">
<ind_PK_UK id="0F5658D7-55B1-C348-1859-C46527D1A31A" name="l_account_demographic_PK">
<createdBy>muchd</createdBy>
<createdTime>2023-01-25 22:26:11 UTC</createdTime>
<generatorID>BA3BF35D-3FC9-ACBF-C5D4-BB02F554D2A0</generatorID>
<ownerDesignName>bank_warehouse</ownerDesignName>
<pk>true</pk>
<indexState>Primary Constraint</indexState>
<isSurrogateKey>false</isSurrogateKey>
<indexColumnUsage>
<colUsage columnID="D73A5FAB-3EA7-7B4B-4EAC-6402253757D7"/>
</indexColumnUsage>
</ind_PK_UK>
<ind_PK_UK id="A97C7965-A7D9-51E1-4FDC-5C5B4D0BB060" name="h_account_l_account_demographic">
<createdBy>muchd</createdBy>
<createdTime>2023-01-25 22:26:11 UTC</createdTime>
<generatorID>2AAB5103-3A5F-94F0-F8F0-EC2481993061</generatorID>
<ownerDesignName>bank_warehouse</ownerDesignName>
<indexState>Foreign Key</indexState>
<isSurrogateKey>false</isSurrogateKey>
<indexColumnUsage>
<colUsage columnID="133543EE-536C-B457-F9D8-6749E1E3730A"/>
</indexColumnUsage>
</ind_PK_UK>
<ind_PK_UK id="7EE30CA1-C4AE-F370-2C75-ED80C2BAFA50" name="h_demographic_l_account_demographic">
<createdBy>muchd</createdBy>
<createdTime>2023-01-25 22:26:11 UTC</createdTime>
<generatorID>6B28700F-F802-0B85-5A15-3E7BF1109328</generatorID>
<ownerDesignName>bank_warehouse</ownerDesignName>
<indexState>Foreign Key</indexState>
<isSurrogateKey>false</isSurrogateKey>
<indexColumnUsage>
<colUsage columnID="3968924D-CC8E-04C4-5F12-CC8EBC86408B"/>
</indexColumnUsage>
</ind_PK_UK>
</indexes>
</Table>
