<?xml version = '1.0' encoding = 'UTF-8'?>
<Table class="oracle.dbtools.crest.model.design.relational.Table" directorySegmentName="seg_0" id="43402205-9852-92DF-4165-C56245FB7945" name="r_disposition_type">
<createdBy>muchd</createdBy>
<createdTime>2023-01-25 22:26:11 UTC</createdTime>
<generatorID>E394DECA-5462-61BF-E3E6-A56131B39EFC</generatorID>
<ownerDesignName>bank_warehouse</ownerDesignName>
<allowColumnReorder>false</allowColumnReorder>
<existDependencyGenerateInDDl>true</existDependencyGenerateInDDl>
<parsed>true</parsed>
<columns itemClass="oracle.dbtools.crest.model.design.relational.Column">
<Column name="id" id="F6CFD951-A02F-ACFF-8720-B5ABCA4097F0">
<createdBy>muchd</createdBy>
<createdTime>2023-01-25 22:26:11 UTC</createdTime>
<generatorID>9EEB0B59-9540-D46E-667A-59AF50653D6D</generatorID>
<ownerDesignName>bank_warehouse</ownerDesignName>
<useDomainConstraints>false</useDomainConstraints>
<use>1</use>
<logicalDatatype>LOGDT011</logicalDatatype>
<ownDataTypeParameters>,,</ownDataTypeParameters>
<autoIncrementCycle>false</autoIncrementCycle>
</Column>
<Column name="value" id="43A0A345-4DC8-DBCC-3BF8-16067FCB5E5E">
<createdBy>muchd</createdBy>
<createdTime>2023-01-25 22:26:11 UTC</createdTime>
<generatorID>CCAFFC40-141F-C81F-F2B7-0AAD290AF00C</generatorID>
<ownerDesignName>bank_warehouse</ownerDesignName>
<useDomainConstraints>false</useDomainConstraints>
<use>1</use>
<logicalDatatype>LOGDT024</logicalDatatype>
<dataTypeSize>10 CHAR</dataTypeSize>
<ownDataTypeParameters>10 CHAR,,</ownDataTypeParameters>
<autoIncrementCycle>false</autoIncrementCycle>
</Column>
</columns>
<indexes itemClass="oracle.dbtools.crest.model.design.relational.Index">
<ind_PK_UK id="A5EF31DC-264B-7C3E-AFCE-155A3DACD8F9" name="r_disposition_type_PK">
<createdBy>muchd</createdBy>
<createdTime>2023-01-25 22:26:11 UTC</createdTime>
<generatorID>9E1BD940-F87E-7713-E7D0-0C99D8CF24AD</generatorID>
<ownerDesignName>bank_warehouse</ownerDesignName>
<pk>true</pk>
<indexState>Primary Constraint</indexState>
<isSurrogateKey>false</isSurrogateKey>
<indexColumnUsage>
<colUsage columnID="F6CFD951-A02F-ACFF-8720-B5ABCA4097F0"/>
</indexColumnUsage>
</ind_PK_UK>
</indexes>
</Table>
