<?xml version = '1.0' encoding = 'UTF-8'?>
<Table class="oracle.dbtools.crest.model.design.relational.Table" directorySegmentName="seg_0" id="74E72983-B70B-6FCE-6EED-77D9BFBF315A" name="l_account_transaction">
<createdBy>muchd</createdBy>
<createdTime>2023-01-25 22:26:11 UTC</createdTime>
<generatorID>85382D75-0F36-4C5A-0058-0AE018EB917C</generatorID>
<ownerDesignName>bank_warehouse</ownerDesignName>
<typeID>B4C8898A-B011-940E-1A19-34BE7202E980</typeID>
<allowColumnReorder>false</allowColumnReorder>
<existDependencyGenerateInDDl>true</existDependencyGenerateInDDl>
<parsed>true</parsed>
<columns itemClass="oracle.dbtools.crest.model.design.relational.Column">
<Column name="id" id="D75F4DBD-166D-076E-CA40-7B09B5200C4A">
<createdBy>muchd</createdBy>
<createdTime>2023-01-25 22:26:11 UTC</createdTime>
<generatorID>FCD48B2F-7C84-142C-6F9C-5D36D2BC463B</generatorID>
<ownerDesignName>bank_warehouse</ownerDesignName>
<useDomainConstraints>false</useDomainConstraints>
<use>1</use>
<logicalDatatype>LOGDT027</logicalDatatype>
<ownDataTypeParameters>,,</ownDataTypeParameters>
<autoIncrementCycle>false</autoIncrementCycle>
</Column>
<Column name="loaded_at" id="BF19B8D4-A8BB-1375-1D5B-DF5D2912208C">
<createdBy>muchd</createdBy>
<createdTime>2023-01-25 22:26:11 UTC</createdTime>
<generatorID>334A2F20-BFA4-3EB1-5225-2499F1EA75DB</generatorID>
<ownerDesignName>bank_warehouse</ownerDesignName>
<useDomainConstraints>false</useDomainConstraints>
<use>1</use>
<logicalDatatype>LOGDT008</logicalDatatype>
<ownDataTypeParameters>,,</ownDataTypeParameters>
<autoIncrementCycle>false</autoIncrementCycle>
</Column>
<Column name="source" id="C2EA3C2B-107B-D5C6-2EB8-B203280B413E">
<createdBy>muchd</createdBy>
<createdTime>2023-01-25 22:26:11 UTC</createdTime>
<generatorID>DF1F00C0-2ED9-62D3-1149-66EEA6A7978A</generatorID>
<ownerDesignName>bank_warehouse</ownerDesignName>
<useDomainConstraints>false</useDomainConstraints>
<use>1</use>
<logicalDatatype>LOGDT024</logicalDatatype>
<dataTypeSize>50 CHAR</dataTypeSize>
<ownDataTypeParameters>50 CHAR,,</ownDataTypeParameters>
<autoIncrementCycle>false</autoIncrementCycle>
</Column>
<Column name="account_id" id="A3419239-5925-4D61-F306-2C9F481EF1F2">
<createdBy>muchd</createdBy>
<createdTime>2023-01-25 22:26:11 UTC</createdTime>
<generatorID>E165C558-49F0-19CD-3371-24CEFAFB6475</generatorID>
<ownerDesignName>bank_warehouse</ownerDesignName>
<useDomainConstraints>false</useDomainConstraints>
<use>1</use>
<logicalDatatype>LOGDT027</logicalDatatype>
<ownDataTypeParameters>,,</ownDataTypeParameters>
<previousColumn>false</previousColumn>
<autoIncrementCycle>false</autoIncrementCycle>
<associations>
<colAssociation fkAssociation="986D8846-2034-32CB-E25F-F8B8292553C7" referredColumn="D9F01CCD-D20C-E731-EC65-AF25A7290DAA"/>
</associations>
</Column>
<Column name="transaction_id" id="303106A2-BC2A-55CE-FAB9-1F3CB76B3662">
<createdBy>muchd</createdBy>
<createdTime>2023-01-25 22:26:11 UTC</createdTime>
<generatorID>FC6AEC84-34A5-FB95-741C-83EA31264B4A</generatorID>
<ownerDesignName>bank_warehouse</ownerDesignName>
<useDomainConstraints>false</useDomainConstraints>
<use>1</use>
<logicalDatatype>LOGDT027</logicalDatatype>
<ownDataTypeParameters>,,</ownDataTypeParameters>
<previousColumn>false</previousColumn>
<autoIncrementCycle>false</autoIncrementCycle>
<associations>
<colAssociation fkAssociation="B736700E-BDA7-ECB2-1307-33D07E043695" referredColumn="470CA14A-485E-0596-2FDA-B3702683BF8B"/>
</associations>
</Column>
</columns>
<indexes itemClass="oracle.dbtools.crest.model.design.relational.Index">
<ind_PK_UK id="5A7213EA-BA47-61D8-8BF2-8F5D6B3736B3" name="l_transaction_PK">
<createdBy>muchd</createdBy>
<createdTime>2023-01-25 22:26:11 UTC</createdTime>
<generatorID>FA1E2E2B-B623-EC85-D590-7CA4E7EAA5B7</generatorID>
<ownerDesignName>bank_warehouse</ownerDesignName>
<pk>true</pk>
<indexState>Primary Constraint</indexState>
<isSurrogateKey>false</isSurrogateKey>
<indexColumnUsage>
<colUsage columnID="D75F4DBD-166D-076E-CA40-7B09B5200C4A"/>
</indexColumnUsage>
</ind_PK_UK>
<ind_PK_UK id="FF038136-ED41-53E1-70B8-EA093AD7D7A3" name="h_account_l_account_transaction">
<createdBy>muchd</createdBy>
<createdTime>2023-01-25 22:26:11 UTC</createdTime>
<generatorID>83A6516B-823A-B914-5451-4D13BF69063B</generatorID>
<ownerDesignName>bank_warehouse</ownerDesignName>
<indexState>Foreign Key</indexState>
<isSurrogateKey>false</isSurrogateKey>
<indexColumnUsage>
<colUsage columnID="303106A2-BC2A-55CE-FAB9-1F3CB76B3662"/>
</indexColumnUsage>
</ind_PK_UK>
<ind_PK_UK id="8E2AD9D0-42AD-9DF6-4BFF-073079E0AB09" name="h_transaction_l_account_transaction">
<createdBy>muchd</createdBy>
<createdTime>2023-01-25 22:26:11 UTC</createdTime>
<generatorID>80F8177D-F6ED-CB49-08F9-65B1AE1D35F5</generatorID>
<ownerDesignName>bank_warehouse</ownerDesignName>
<indexState>Foreign Key</indexState>
<isSurrogateKey>false</isSurrogateKey>
<indexColumnUsage>
<colUsage columnID="A3419239-5925-4D61-F306-2C9F481EF1F2"/>
</indexColumnUsage>
</ind_PK_UK>
</indexes>
</Table>
