<?xml version = '1.0' encoding = 'UTF-8'?>
<Table class="oracle.dbtools.crest.model.design.relational.Table" directorySegmentName="seg_0" id="8BF6EAF1-E87F-594F-9164-E7D0D680F6B5" name="s_demographic">
<createdBy>muchd</createdBy>
<createdTime>2023-01-25 22:26:11 UTC</createdTime>
<generatorID>69516E8C-27E2-9DCC-C5A3-6CC0D8E08F13</generatorID>
<ownerDesignName>bank_warehouse</ownerDesignName>
<typeID>4291E4CC-656F-6204-5281-D1D39858EBFC</typeID>
<allowColumnReorder>false</allowColumnReorder>
<existDependencyGenerateInDDl>true</existDependencyGenerateInDDl>
<parsed>true</parsed>
<columns itemClass="oracle.dbtools.crest.model.design.relational.Column">
<Column name="demographic_id" id="0DC8D962-469E-FD28-F628-F4F153407284">
<createdBy>muchd</createdBy>
<createdTime>2023-01-25 22:26:11 UTC</createdTime>
<generatorID>6F94A85A-D5B3-51EC-B3F0-0E6C07C53D0B</generatorID>
<ownerDesignName>bank_warehouse</ownerDesignName>
<useDomainConstraints>false</useDomainConstraints>
<use>1</use>
<logicalDatatype>LOGDT027</logicalDatatype>
<ownDataTypeParameters>,,</ownDataTypeParameters>
<previousColumn>false</previousColumn>
<autoIncrementCycle>false</autoIncrementCycle>
<associations>
<colAssociation fkAssociation="09C27227-E9AA-679F-D568-0F0BA7AF07E0" referredColumn="E1ADDF73-E8A0-B618-D689-03F531E1F511"/>
</associations>
</Column>
<Column name="loaded_at" id="BC266A57-3448-6AFA-2CD0-36A2C9135336">
<createdBy>muchd</createdBy>
<createdTime>2023-01-25 22:26:11 UTC</createdTime>
<generatorID>2D43C49E-F48A-AE06-5CB2-B4416710C297</generatorID>
<ownerDesignName>bank_warehouse</ownerDesignName>
<useDomainConstraints>false</useDomainConstraints>
<use>1</use>
<logicalDatatype>LOGDT008</logicalDatatype>
<ownDataTypeParameters>,,</ownDataTypeParameters>
<autoIncrementCycle>false</autoIncrementCycle>
</Column>
<Column name="source" id="694B784E-FC79-FB77-7396-7358472E7FAE">
<createdBy>muchd</createdBy>
<createdTime>2023-01-25 22:26:11 UTC</createdTime>
<generatorID>7C443784-990C-F122-BB74-B285E310AA1F</generatorID>
<ownerDesignName>bank_warehouse</ownerDesignName>
<useDomainConstraints>false</useDomainConstraints>
<use>1</use>
<logicalDatatype>LOGDT024</logicalDatatype>
<dataTypeSize>50 CHAR</dataTypeSize>
<ownDataTypeParameters>50 CHAR,,</ownDataTypeParameters>
<autoIncrementCycle>false</autoIncrementCycle>
</Column>
<Column name="district_name" id="34197FE3-96A9-E4A7-19E6-B95495BD0613">
<createdBy>muchd</createdBy>
<createdTime>2023-01-25 22:26:11 UTC</createdTime>
<generatorID>0BA71302-A83F-9D96-15E6-07C684C7C88E</generatorID>
<ownerDesignName>bank_warehouse</ownerDesignName>
<nullsAllowed>true</nullsAllowed>
<useDomainConstraints>false</useDomainConstraints>
<use>1</use>
<logicalDatatype>LOGDT024</logicalDatatype>
<dataTypeSize>50 CHAR</dataTypeSize>
<ownDataTypeParameters>50 CHAR,,</ownDataTypeParameters>
<autoIncrementCycle>false</autoIncrementCycle>
</Column>
<Column name="region" id="19EA2D5C-9B65-EA06-00B3-0124AB90F448">
<createdBy>muchd</createdBy>
<createdTime>2023-01-25 22:26:11 UTC</createdTime>
<generatorID>598B3C58-7320-F3CA-31F3-78683B41DFC2</generatorID>
<ownerDesignName>bank_warehouse</ownerDesignName>
<nullsAllowed>true</nullsAllowed>
<useDomainConstraints>false</useDomainConstraints>
<use>1</use>
<logicalDatatype>LOGDT024</logicalDatatype>
<dataTypeSize>50 CHAR</dataTypeSize>
<ownDataTypeParameters>50 CHAR,,</ownDataTypeParameters>
<autoIncrementCycle>false</autoIncrementCycle>
</Column>
<Column name="inhabitants" id="907A0104-B229-5136-8EFA-7D7B8C9799D6">
<createdBy>muchd</createdBy>
<createdTime>2023-01-25 22:26:11 UTC</createdTime>
<generatorID>F9624426-A9B0-C042-7A8C-470A21D51014</generatorID>
<ownerDesignName>bank_warehouse</ownerDesignName>
<nullsAllowed>true</nullsAllowed>
<useDomainConstraints>false</useDomainConstraints>
<use>1</use>
<logicalDatatype>LOGDT011</logicalDatatype>
<ownDataTypeParameters>,,</ownDataTypeParameters>
<autoIncrementCycle>false</autoIncrementCycle>
</Column>
<Column name="municip_inhabitants_0_499" id="BDE8D68D-5AB8-588C-7E61-D9C0DD704EB5">
<createdBy>muchd</createdBy>
<createdTime>2023-01-25 22:26:11 UTC</createdTime>
<generatorID>5CD1883C-1A4B-A690-A1D1-AEA8C7572585</generatorID>
<ownerDesignName>bank_warehouse</ownerDesignName>
<nullsAllowed>true</nullsAllowed>
<useDomainConstraints>false</useDomainConstraints>
<use>1</use>
<logicalDatatype>LOGDT011</logicalDatatype>
<ownDataTypeParameters>,,</ownDataTypeParameters>
<autoIncrementCycle>false</autoIncrementCycle>
</Column>
<Column name="municip_inhabitants_500_1999" id="4B000722-35E6-85D2-6BB2-B6AE120AE0F9">
<createdBy>muchd</createdBy>
<createdTime>2023-01-25 22:26:11 UTC</createdTime>
<generatorID>5103FB5C-90D3-817A-D382-2DB5D000DD7A</generatorID>
<ownerDesignName>bank_warehouse</ownerDesignName>
<nullsAllowed>true</nullsAllowed>
<useDomainConstraints>false</useDomainConstraints>
<use>1</use>
<logicalDatatype>LOGDT011</logicalDatatype>
<ownDataTypeParameters>,,</ownDataTypeParameters>
<autoIncrementCycle>false</autoIncrementCycle>
</Column>
<Column name="municip_inhabitants_2000_9999" id="2332A1B0-251B-3DE9-4EE6-C61106B21F3C">
<createdBy>muchd</createdBy>
<createdTime>2023-01-25 22:26:11 UTC</createdTime>
<generatorID>4F5C0183-EF93-B17B-EEAA-F49410DBA67D</generatorID>
<ownerDesignName>bank_warehouse</ownerDesignName>
<nullsAllowed>true</nullsAllowed>
<useDomainConstraints>false</useDomainConstraints>
<use>1</use>
<logicalDatatype>LOGDT011</logicalDatatype>
<ownDataTypeParameters>,,</ownDataTypeParameters>
<autoIncrementCycle>false</autoIncrementCycle>
</Column>
<Column name="municip_inhabitants_10000_inf" id="C9B837F9-FA77-5C93-C1C9-458DB428C71B">
<createdBy>muchd</createdBy>
<createdTime>2023-01-25 22:26:11 UTC</createdTime>
<generatorID>DA554A9E-DEFA-3C7B-CE9A-C042CF9612C1</generatorID>
<ownerDesignName>bank_warehouse</ownerDesignName>
<nullsAllowed>true</nullsAllowed>
<useDomainConstraints>false</useDomainConstraints>
<use>1</use>
<logicalDatatype>LOGDT011</logicalDatatype>
<ownDataTypeParameters>,,</ownDataTypeParameters>
<autoIncrementCycle>false</autoIncrementCycle>
</Column>
<Column name="cities" id="0A351FC4-E44B-6DAC-EFC9-12337B5065CF">
<createdBy>muchd</createdBy>
<createdTime>2023-01-25 22:26:11 UTC</createdTime>
<generatorID>9B21D917-9F71-3B80-EBD6-D65F34D27DE9</generatorID>
<ownerDesignName>bank_warehouse</ownerDesignName>
<nullsAllowed>true</nullsAllowed>
<useDomainConstraints>false</useDomainConstraints>
<use>1</use>
<logicalDatatype>LOGDT011</logicalDatatype>
<ownDataTypeParameters>,,</ownDataTypeParameters>
<autoIncrementCycle>false</autoIncrementCycle>
</Column>
<Column name="urban_inhabitants_ratio" id="259D1AEE-3FB8-9302-41B6-0D865C3EC210">
<createdBy>muchd</createdBy>
<createdTime>2023-01-25 22:26:11 UTC</createdTime>
<generatorID>1C495271-7335-8D38-94DF-9C2530EC96A9</generatorID>
<ownerDesignName>bank_warehouse</ownerDesignName>
<nullsAllowed>true</nullsAllowed>
<useDomainConstraints>false</useDomainConstraints>
<use>1</use>
<logicalDatatype>LOGDT021</logicalDatatype>
<ownDataTypeParameters>,,</ownDataTypeParameters>
<autoIncrementCycle>false</autoIncrementCycle>
</Column>
<Column name="avg_salary" id="E44D9CC1-2EDC-83D6-9FAA-0CDB295C11B5">
<createdBy>muchd</createdBy>
<createdTime>2023-01-25 22:26:11 UTC</createdTime>
<generatorID>7B38FC68-37EE-55FF-62CD-87EA50F3F7FA</generatorID>
<ownerDesignName>bank_warehouse</ownerDesignName>
<nullsAllowed>true</nullsAllowed>
<useDomainConstraints>false</useDomainConstraints>
<use>1</use>
<logicalDatatype>LOGDT011</logicalDatatype>
<ownDataTypeParameters>,,</ownDataTypeParameters>
<autoIncrementCycle>false</autoIncrementCycle>
</Column>
<Column name="unemployment_rate_95" id="E0024FD5-BFA1-0261-E445-14616ED5659B">
<createdBy>muchd</createdBy>
<createdTime>2023-01-25 22:26:11 UTC</createdTime>
<generatorID>5EAF22C4-1559-AFE2-E8E0-2D75315F5AB9</generatorID>
<ownerDesignName>bank_warehouse</ownerDesignName>
<nullsAllowed>true</nullsAllowed>
<useDomainConstraints>false</useDomainConstraints>
<use>1</use>
<logicalDatatype>LOGDT021</logicalDatatype>
<ownDataTypeParameters>,,</ownDataTypeParameters>
<autoIncrementCycle>false</autoIncrementCycle>
</Column>
<Column name="unemployment_rate_96" id="BDB51891-4178-0253-DD8C-EBCF2AFAFED7">
<createdBy>muchd</createdBy>
<createdTime>2023-01-25 22:26:11 UTC</createdTime>
<generatorID>39C5E769-B45D-BDF1-3BC5-5FBDE93327A4</generatorID>
<ownerDesignName>bank_warehouse</ownerDesignName>
<nullsAllowed>true</nullsAllowed>
<useDomainConstraints>false</useDomainConstraints>
<use>1</use>
<logicalDatatype>LOGDT021</logicalDatatype>
<ownDataTypeParameters>,,</ownDataTypeParameters>
<autoIncrementCycle>false</autoIncrementCycle>
</Column>
<Column name="enterpreneurs_per_1000_inhabitants" id="4CCBB973-0CF8-8C05-2048-1A80796BC9B7">
<createdBy>muchd</createdBy>
<createdTime>2023-01-25 22:26:11 UTC</createdTime>
<generatorID>A808507F-0C63-6CD5-D9E0-6E4A5B99C3A2</generatorID>
<ownerDesignName>bank_warehouse</ownerDesignName>
<nullsAllowed>true</nullsAllowed>
<useDomainConstraints>false</useDomainConstraints>
<use>1</use>
<logicalDatatype>LOGDT011</logicalDatatype>
<ownDataTypeParameters>,,</ownDataTypeParameters>
<autoIncrementCycle>false</autoIncrementCycle>
</Column>
<Column name="commited_crimes_95" id="76932DC5-E326-700B-6FDA-D64FAF0B6E86">
<createdBy>muchd</createdBy>
<createdTime>2023-01-25 22:26:11 UTC</createdTime>
<generatorID>BF3D9687-DC02-8B42-B44F-99CFBEFB36B3</generatorID>
<ownerDesignName>bank_warehouse</ownerDesignName>
<nullsAllowed>true</nullsAllowed>
<useDomainConstraints>false</useDomainConstraints>
<use>1</use>
<logicalDatatype>LOGDT011</logicalDatatype>
<ownDataTypeParameters>,,</ownDataTypeParameters>
<autoIncrementCycle>false</autoIncrementCycle>
</Column>
<Column name="commited_crimes_96" id="C992828E-5767-ED58-0F2D-4E637B175AE1">
<createdBy>muchd</createdBy>
<createdTime>2023-01-25 22:26:11 UTC</createdTime>
<generatorID>84C70FD6-7064-0696-C6AE-9CBFB743745B</generatorID>
<ownerDesignName>bank_warehouse</ownerDesignName>
<nullsAllowed>true</nullsAllowed>
<useDomainConstraints>false</useDomainConstraints>
<use>1</use>
<logicalDatatype>LOGDT011</logicalDatatype>
<ownDataTypeParameters>,,</ownDataTypeParameters>
<autoIncrementCycle>false</autoIncrementCycle>
</Column>
</columns>
<indexes itemClass="oracle.dbtools.crest.model.design.relational.Index">
<ind_PK_UK id="92B79157-FB50-063E-3E92-834BC4513CAE" name="s_demographic_data_PK">
<createdBy>muchd</createdBy>
<createdTime>2023-01-25 22:26:11 UTC</createdTime>
<generatorID>CDA01AE5-8697-DE29-BE6C-46700C27CC51</generatorID>
<ownerDesignName>bank_warehouse</ownerDesignName>
<pk>true</pk>
<indexState>Primary Constraint</indexState>
<isSurrogateKey>false</isSurrogateKey>
<indexColumnUsage>
<colUsage columnID="BC266A57-3448-6AFA-2CD0-36A2C9135336"/>
<colUsage columnID="0DC8D962-469E-FD28-F628-F4F153407284"/>
</indexColumnUsage>
</ind_PK_UK>
<ind_PK_UK id="58C0CC44-3CE5-C24F-7C6B-169F3F06D586" name="h_demographic_s_demographic">
<createdBy>muchd</createdBy>
<createdTime>2023-01-25 22:26:11 UTC</createdTime>
<generatorID>C835C87E-EB9B-B5C2-CFF9-C151E9BC41E5</generatorID>
<ownerDesignName>bank_warehouse</ownerDesignName>
<indexState>Foreign Key</indexState>
<isSurrogateKey>false</isSurrogateKey>
<indexColumnUsage>
<colUsage columnID="0DC8D962-469E-FD28-F628-F4F153407284"/>
</indexColumnUsage>
</ind_PK_UK>
</indexes>
</Table>
