<?xml version = '1.0' encoding = 'UTF-8'?>
<Diagram class="oracle.dbtools.crest.swingui.relational.DPVRelational" name="Relational_1" id="A14F1BC4-E2C2-3BC0-4E53-0366FD3E3237">
<createdBy>muchd</createdBy>
<modifiedBy>muchd</modifiedBy>
<createdTime>2023-01-28 23:21:45 UTC</createdTime>
<autoRoute>false</autoRoute>
<boxInbox>true</boxInbox>
<showLegend>false</showLegend>
<showLabels>false</showLabels>
<showRelAttributes>false</showRelAttributes>
<gridEnabled>false</gridEnabled>
<showGrid>false</showGrid>
<diagramColor>-1</diagramColor>
<display>false</display>
<notation>1</notation>
<objectViews>
<OView class="oracle.dbtools.crest.swingui.relational.TVTable" oid="09EDB003-8222-83FB-558C-C8B2992144E4" otype="Table" vid="F8288A64-A2E0-C03B-C70E-CAACA5265E6E">
<hideElementsInCurrentOnly>false</hideElementsInCurrentOnly>
<bounds x="314" y="258" width="229" height="122"/>
</OView>
<OView class="oracle.dbtools.crest.swingui.relational.TVTable" oid="0C65DEE0-866A-0A38-F0D5-9466B139CB26" otype="Table" vid="948C8DB1-FA34-6C68-457B-133DCDBA3978">
<hideElementsInCurrentOnly>false</hideElementsInCurrentOnly>
<bounds x="1634" y="392" width="214" height="102"/>
</OView>
<OView class="oracle.dbtools.crest.swingui.relational.TVTable" oid="1464A20A-3AF5-9591-22E4-D846F113610A" otype="Table" vid="B6458F5C-7EF9-4FCB-3B56-B601214CF934">
<hideElementsInCurrentOnly>false</hideElementsInCurrentOnly>
<bounds x="1234" y="182" width="320" height="150"/>
</OView>
<OView class="oracle.dbtools.crest.swingui.relational.TVTable" oid="2C8DDE13-8F3B-F1D1-252A-73E9E3B095DC" otype="Table" vid="EC1DFC74-7FDF-378C-6EA2-70035FE52755">
<hideElementsInCurrentOnly>false</hideElementsInCurrentOnly>
<bounds x="747" y="1528" width="192" height="74"/>
</OView>
<OView class="oracle.dbtools.crest.swingui.relational.TVTable" oid="30AF1175-75ED-E735-6DB3-BF44C83901F6" otype="Table" vid="BD723AC8-2D2B-D189-A417-7A75CE826B79">
<hideElementsInCurrentOnly>false</hideElementsInCurrentOnly>
<bounds x="623" y="630" width="214" height="102"/>
</OView>
<OView class="oracle.dbtools.crest.swingui.relational.TVTable" oid="3ADA3A6C-9138-AC6B-2A5B-1984124566AF" otype="Table" vid="B269E742-7810-D0AB-3671-2A432B780229">
<hideElementsInCurrentOnly>false</hideElementsInCurrentOnly>
<bounds x="20" y="20" width="314" height="178"/>
</OView>
<OView class="oracle.dbtools.crest.swingui.relational.TVTable" oid="3BF0F55D-F221-0BAC-23EC-C3C5E0DD9A67" otype="Table" vid="DEF12CAA-2FC4-1437-2539-45841E825E1C">
<hideElementsInCurrentOnly>false</hideElementsInCurrentOnly>
<bounds x="2354" y="182" width="287" height="150"/>
</OView>
<OView class="oracle.dbtools.crest.swingui.relational.TVTable" oid="403E3239-B05B-A1BD-A194-BFD7E08FCDC7" otype="Table" vid="2F69255D-F6CE-C5F7-E38F-971F0BC38F79">
<hideElementsInCurrentOnly>false</hideElementsInCurrentOnly>
<bounds x="623" y="792" width="218" height="136"/>
</OView>
<OView class="oracle.dbtools.crest.swingui.relational.TVTable" oid="4A055CAF-2CD3-9AAD-DD0B-DBE8EE28E1DC" otype="Table" vid="D20AC875-226D-85BF-9782-539B5EE30E85">
<hideElementsInCurrentOnly>false</hideElementsInCurrentOnly>
<bounds x="1944" y="392" width="214" height="102"/>
</OView>
<OView class="oracle.dbtools.crest.swingui.relational.TVTable" oid="4C73F4B3-F49B-DE45-ADC9-5AC69F561D5B" otype="Table" vid="9A849346-3305-F19A-322B-8F33FC8EC11F">
<hideElementsInCurrentOnly>false</hideElementsInCurrentOnly>
<bounds x="1944" y="554" width="330" height="150"/>
</OView>
<OView class="oracle.dbtools.crest.swingui.relational.TVTable" oid="4C7D36C7-0210-D800-AA4E-2619A1543459" otype="Table" vid="A98C53A9-F4ED-42C3-14D2-D5E1FEC7183F">
<hideElementsInCurrentOnly>false</hideElementsInCurrentOnly>
<bounds x="20" y="644" width="212" height="102"/>
</OView>
<OView class="oracle.dbtools.crest.swingui.relational.TVTable" oid="6692AD35-0594-CBD5-37AB-558BF8F9941A" otype="Table" vid="B4A18C88-5BA4-EAE8-C09C-8E4FA03DE5B9">
<hideElementsInCurrentOnly>false</hideElementsInCurrentOnly>
<bounds x="262" y="1304" width="192" height="74"/>
</OView>
<OView class="oracle.dbtools.crest.swingui.relational.TVTable" oid="6D26D288-18D4-AFF2-A868-9476E9F9A983" otype="Table" vid="651B3F54-9A75-CDD2-3580-F78D06098A8D">
<hideElementsInCurrentOnly>false</hideElementsInCurrentOnly>
<bounds x="746" y="1304" width="192" height="74"/>
</OView>
<OView class="oracle.dbtools.crest.swingui.relational.TVTable" oid="6D8DE8CB-4EA2-C10F-BF83-ABF795E52583" otype="Table" vid="9BD90057-F0B2-5A1F-14CE-42AA084C4B25">
<hideElementsInCurrentOnly>false</hideElementsInCurrentOnly>
<bounds x="1944" y="182" width="290" height="150"/>
</OView>
<OView class="oracle.dbtools.crest.swingui.relational.TVTable" oid="6DAEC007-359B-6023-DF59-92A095494EC2" otype="Table" vid="F5778D91-631D-3498-10DC-23BA0F76A4E0">
<hideElementsInCurrentOnly>false</hideElementsInCurrentOnly>
<bounds x="1634" y="554" width="214" height="178"/>
</OView>
<OView class="oracle.dbtools.crest.swingui.relational.TVTable" oid="7EBD6E10-38D5-CF36-3BD0-EE1565852F2B" otype="Table" vid="76BE39EB-EE6E-C518-5AFD-DFAA0438101F">
<hideElementsInCurrentOnly>false</hideElementsInCurrentOnly>
<bounds x="20" y="1304" width="192" height="74"/>
</OView>
<OView class="oracle.dbtools.crest.swingui.relational.TVTable" oid="812FBAA9-0250-43FA-817E-6FCFD6C4069E" otype="Table" vid="06F7FEE6-75ED-6E8D-F520-EFE04926B040">
<hideElementsInCurrentOnly>false</hideElementsInCurrentOnly>
<bounds x="20" y="1528" width="186" height="74"/>
</OView>
<OView class="oracle.dbtools.crest.swingui.relational.TVTable" oid="8C0F5E98-E34E-2F99-147D-80A6CC3A7BCA" otype="Table" vid="70E7B590-8A1A-2747-B91C-2D51053E8D1A">
<hideElementsInCurrentOnly>false</hideElementsInCurrentOnly>
<bounds x="20" y="806" width="339" height="318"/>
</OView>
<OView class="oracle.dbtools.crest.swingui.relational.TVTable" oid="92101E4E-B93A-2E08-99D8-66710B1EBC85" otype="Table" vid="03C4861A-1D9B-76C7-D058-702702048551">
<hideElementsInCurrentOnly>false</hideElementsInCurrentOnly>
<bounds x="20" y="420" width="308" height="164"/>
</OView>
<OView class="oracle.dbtools.crest.swingui.relational.TVTable" oid="9F1F2611-3D53-120D-A2D7-B12187ED902F" otype="Table" vid="2393DCAC-91F9-8459-F32C-6CFD87C5560A">
<hideElementsInCurrentOnly>false</hideElementsInCurrentOnly>
<bounds x="20" y="258" width="214" height="102"/>
</OView>
<OView class="oracle.dbtools.crest.swingui.relational.TVTable" oid="A7674D7C-E147-D0BD-3A34-BE1569187F4E" otype="Table" vid="67B4877C-58A0-EEAC-95C5-537536D621B8">
<hideElementsInCurrentOnly>false</hideElementsInCurrentOnly>
<bounds x="1534" y="20" width="221" height="136"/>
</OView>
<OView class="oracle.dbtools.crest.swingui.relational.TVTable" oid="AEF3DBE7-5D3A-B23C-2FEA-474CB2A7FB36" otype="Table" vid="47A99927-6390-B226-4484-94B362A85FF9">
<hideElementsInCurrentOnly>false</hideElementsInCurrentOnly>
<bounds x="917" y="258" width="237" height="122"/>
</OView>
<OView class="oracle.dbtools.crest.swingui.relational.TVTable" oid="BD58B124-1F4D-F268-6FC7-33965073BE55" otype="Table" vid="9EAD55F3-2CD7-492E-24B4-FC9A754B07C6">
<hideElementsInCurrentOnly>false</hideElementsInCurrentOnly>
<bounds x="2354" y="392" width="214" height="102"/>
</OView>
<OView class="oracle.dbtools.crest.swingui.relational.TVTable" oid="D40F06B9-CD42-0962-E968-293408DC6FA9" otype="Table" vid="8C51E70E-CC95-63C5-B5DF-5C0EE94FD904">
<hideElementsInCurrentOnly>false</hideElementsInCurrentOnly>
<bounds x="623" y="420" width="263" height="150"/>
</OView>
<OView class="oracle.dbtools.crest.swingui.relational.TVTable" oid="D79B11E1-BB49-B8BC-AF95-ACAD8BADAFF7" otype="Table" vid="C679E35D-9F6E-21F6-5C1B-DBF7ED3DB4D1">
<hideElementsInCurrentOnly>false</hideElementsInCurrentOnly>
<bounds x="505" y="1528" width="192" height="74"/>
</OView>
<OView class="oracle.dbtools.crest.swingui.relational.TVTable" oid="E0AA159F-CC80-D10C-6AAF-68253F6F37E8" otype="Table" vid="B3CAD0F5-D663-F892-2436-8B6427AF7522">
<hideElementsInCurrentOnly>false</hideElementsInCurrentOnly>
<bounds x="1234" y="20" width="220" height="102"/>
</OView>
<OView class="oracle.dbtools.crest.swingui.relational.TVTable" oid="E7DAB2B8-6182-725B-4BE7-413069EBC9D4" otype="Table" vid="527A9D69-9C22-8497-B4BA-1ED127CFF8E5">
<hideElementsInCurrentOnly>false</hideElementsInCurrentOnly>
<bounds x="2354" y="554" width="247" height="206"/>
</OView>
<OView class="oracle.dbtools.crest.swingui.relational.TVTable" oid="EF0D554A-E5B7-EB13-3B86-3F5DE305C833" otype="Table" vid="AB61ADD0-67D1-B3A0-0CAD-09A08101F8B9">
<hideElementsInCurrentOnly>false</hideElementsInCurrentOnly>
<bounds x="256" y="1528" width="199" height="88"/>
</OView>
<OView class="oracle.dbtools.crest.swingui.relational.TVTable" oid="EFCF359C-BDCD-40F0-7A08-46F02D23413F" otype="Table" vid="6DBECC53-4C09-01C2-00B3-05C614E8196D">
<hideElementsInCurrentOnly>false</hideElementsInCurrentOnly>
<bounds x="504" y="1304" width="192" height="74"/>
</OView>
<OView class="oracle.dbtools.crest.swingui.relational.TVTable" oid="F6EC29C6-6280-DB06-A362-B35D139A132D" otype="Table" vid="53E74E85-15E6-AC25-DA3F-684BA3EA530E">
<hideElementsInCurrentOnly>false</hideElementsInCurrentOnly>
<bounds x="623" y="258" width="214" height="102"/>
</OView>
<OView class="oracle.dbtools.crest.swingui.relational.TVTable" oid="FD22DCA6-ABAB-A417-465E-C661F6892904" otype="Table" vid="45B6A1A6-1C6D-894B-4B61-268D98174967">
<hideElementsInCurrentOnly>false</hideElementsInCurrentOnly>
<bounds x="1634" y="182" width="230" height="150"/>
</OView>
</objectViews>
<connectors>
<Connector class="oracle.dbtools.crest.swingui.relational.TVFKRelation" oid="0E33CAD1-F2F4-1082-C772-C15641BDC2FA" otype="FKIndexAssociation" vid_source="A98C53A9-F4ED-42C3-14D2-D5E1FEC7183F" vid_target="B6458F5C-7EF9-4FCB-3B56-B601214CF934">
<hideElementsInCurrentOnly>false</hideElementsInCurrentOnly>
<backgroundColor>-16777216</backgroundColor>
<lineWidth>1</lineWidth>
<points>
<point x="232" y="658"/>
<point x="1234" y="312"/>
</points>
</Connector>
<Connector class="oracle.dbtools.crest.swingui.relational.TVFKRelation" oid="0E5B2295-B96C-447C-A126-71D8536F0975" otype="FKIndexAssociation" vid_source="53E74E85-15E6-AC25-DA3F-684BA3EA530E" vid_target="8C51E70E-CC95-63C5-B5DF-5C0EE94FD904">
<hideElementsInCurrentOnly>false</hideElementsInCurrentOnly>
<backgroundColor>-16777216</backgroundColor>
<lineWidth>1</lineWidth>
<points>
<point x="730" y="360"/>
<point x="730" y="420"/>
</points>
</Connector>
<Connector class="oracle.dbtools.crest.swingui.relational.TVFKRelation" oid="20FD5156-B8FE-D4B3-A201-DFF77C5AA1C2" otype="FKIndexAssociation" vid_source="A98C53A9-F4ED-42C3-14D2-D5E1FEC7183F" vid_target="03C4861A-1D9B-76C7-D058-702702048551">
<hideElementsInCurrentOnly>false</hideElementsInCurrentOnly>
<backgroundColor>-16777216</backgroundColor>
<lineWidth>1</lineWidth>
<points>
<point x="126" y="644"/>
<point x="126" y="584"/>
</points>
</Connector>
<Connector class="oracle.dbtools.crest.swingui.relational.TVFKRelation" oid="30E241DC-3610-687D-B2F6-05B6E27C000C" otype="FKIndexAssociation" vid_source="948C8DB1-FA34-6C68-457B-133DCDBA3978" vid_target="45B6A1A6-1C6D-894B-4B61-268D98174967">
<hideElementsInCurrentOnly>false</hideElementsInCurrentOnly>
<backgroundColor>-16777216</backgroundColor>
<lineWidth>1</lineWidth>
<points>
<point x="1741" y="392"/>
<point x="1741" y="332"/>
</points>
</Connector>
<Connector class="oracle.dbtools.crest.swingui.relational.TVFKRelation" oid="3111337F-52B6-E4B0-5A12-1DFDE2C3808F" otype="FKIndexAssociation" vid_source="9EAD55F3-2CD7-492E-24B4-FC9A754B07C6" vid_target="DEF12CAA-2FC4-1437-2539-45841E825E1C">
<hideElementsInCurrentOnly>false</hideElementsInCurrentOnly>
<backgroundColor>-16777216</backgroundColor>
<lineWidth>1</lineWidth>
<points>
<point x="2461" y="392"/>
<point x="2461" y="332"/>
</points>
</Connector>
<Connector class="oracle.dbtools.crest.swingui.relational.TVFKRelation" oid="35300446-CE83-C409-1D1C-A89101ADDD96" otype="FKIndexAssociation" vid_source="BD723AC8-2D2B-D189-A417-7A75CE826B79" vid_target="2F69255D-F6CE-C5F7-E38F-971F0BC38F79">
<hideElementsInCurrentOnly>false</hideElementsInCurrentOnly>
<backgroundColor>-16777216</backgroundColor>
<lineWidth>1</lineWidth>
<points>
<point x="730" y="732"/>
<point x="730" y="792"/>
</points>
</Connector>
<Connector class="oracle.dbtools.crest.swingui.relational.TVFKRelation" oid="375DF3C9-506E-F41D-9787-B2A27DF104D9" otype="FKIndexAssociation" vid_source="B3CAD0F5-D663-F892-2436-8B6427AF7522" vid_target="B269E742-7810-D0AB-3671-2A432B780229">
<hideElementsInCurrentOnly>false</hideElementsInCurrentOnly>
<backgroundColor>-16777216</backgroundColor>
<lineWidth>1</lineWidth>
<points>
<point x="1234" y="71"/>
<point x="334" y="71"/>
</points>
</Connector>
<Connector class="oracle.dbtools.crest.swingui.relational.TVFKRelation" oid="40D9F71C-18BD-3FA9-2709-3412A971867C" otype="FKIndexAssociation" vid_source="53E74E85-15E6-AC25-DA3F-684BA3EA530E" vid_target="47A99927-6390-B226-4484-94B362A85FF9">
<hideElementsInCurrentOnly>false</hideElementsInCurrentOnly>
<backgroundColor>-16777216</backgroundColor>
<lineWidth>1</lineWidth>
<points>
<point x="837" y="309"/>
<point x="917" y="309"/>
</points>
</Connector>
<Connector class="oracle.dbtools.crest.swingui.relational.TVFKRelation" oid="463F427C-CD6F-7D0C-CBB7-33F5622E2DEE" otype="FKIndexAssociation" vid_source="948C8DB1-FA34-6C68-457B-133DCDBA3978" vid_target="F5778D91-631D-3498-10DC-23BA0F76A4E0">
<hideElementsInCurrentOnly>false</hideElementsInCurrentOnly>
<backgroundColor>-16777216</backgroundColor>
<lineWidth>1</lineWidth>
<points>
<point x="1741" y="494"/>
<point x="1741" y="554"/>
</points>
</Connector>
<Connector class="oracle.dbtools.crest.swingui.relational.TVFKRelation" oid="51F90242-5569-C51F-1C4D-9EFA66E5273C" otype="FKIndexAssociation" vid_source="B3CAD0F5-D663-F892-2436-8B6427AF7522" vid_target="67B4877C-58A0-EEAC-95C5-537536D621B8">
<hideElementsInCurrentOnly>false</hideElementsInCurrentOnly>
<backgroundColor>-16777216</backgroundColor>
<lineWidth>1</lineWidth>
<points>
<point x="1454" y="71"/>
<point x="1534" y="71"/>
</points>
</Connector>
<Connector class="oracle.dbtools.crest.swingui.relational.TVFKRelation" oid="53B47F17-71AB-A288-0471-70D7F40880DF" otype="FKIndexAssociation" vid_source="B3CAD0F5-D663-F892-2436-8B6427AF7522" vid_target="9BD90057-F0B2-5A1F-14CE-42AA084C4B25">
<hideElementsInCurrentOnly>false</hideElementsInCurrentOnly>
<backgroundColor>-16777216</backgroundColor>
<lineWidth>1</lineWidth>
<points>
<point x="1454" y="98"/>
<point x="1944" y="220"/>
</points>
</Connector>
<Connector class="oracle.dbtools.crest.swingui.relational.TVFKRelation" oid="5E243915-418D-C55F-2A8C-186D07FAE0A3" otype="FKIndexAssociation" vid_source="BD723AC8-2D2B-D189-A417-7A75CE826B79" vid_target="8C51E70E-CC95-63C5-B5DF-5C0EE94FD904">
<hideElementsInCurrentOnly>false</hideElementsInCurrentOnly>
<backgroundColor>-16777216</backgroundColor>
<lineWidth>1</lineWidth>
<points>
<point x="730" y="630"/>
<point x="730" y="570"/>
</points>
</Connector>
<Connector class="oracle.dbtools.crest.swingui.relational.TVFKRelation" oid="66CF3CD5-3EEF-58F6-F68B-60868576C1ED" otype="FKIndexAssociation" vid_source="B3CAD0F5-D663-F892-2436-8B6427AF7522" vid_target="DEF12CAA-2FC4-1437-2539-45841E825E1C">
<hideElementsInCurrentOnly>false</hideElementsInCurrentOnly>
<backgroundColor>-16777216</backgroundColor>
<lineWidth>1</lineWidth>
<points>
<point x="1454" y="88"/>
<point x="2354" y="233"/>
</points>
</Connector>
<Connector class="oracle.dbtools.crest.swingui.relational.TVFKRelation" oid="79B58517-AAA1-5847-4155-C57912314CFA" otype="FKIndexAssociation" vid_source="53E74E85-15E6-AC25-DA3F-684BA3EA530E" vid_target="B269E742-7810-D0AB-3671-2A432B780229">
<hideElementsInCurrentOnly>false</hideElementsInCurrentOnly>
<backgroundColor>-16777216</backgroundColor>
<lineWidth>1</lineWidth>
<points>
<point x="623" y="270"/>
<point x="334" y="165"/>
</points>
</Connector>
<Connector class="oracle.dbtools.crest.swingui.relational.TVFKRelation" oid="7B333562-9F16-173B-8FC3-9238151A1156" otype="FKIndexAssociation" vid_source="D20AC875-226D-85BF-9782-539B5EE30E85" vid_target="9BD90057-F0B2-5A1F-14CE-42AA084C4B25">
<hideElementsInCurrentOnly>false</hideElementsInCurrentOnly>
<backgroundColor>-16777216</backgroundColor>
<lineWidth>1</lineWidth>
<points>
<point x="2051" y="392"/>
<point x="2051" y="332"/>
</points>
</Connector>
<Connector class="oracle.dbtools.crest.swingui.relational.TVFKRelation" oid="92CABD65-3E9A-160F-2D28-6AEA220E4A50" otype="FKIndexAssociation" vid_source="B3CAD0F5-D663-F892-2436-8B6427AF7522" vid_target="45B6A1A6-1C6D-894B-4B61-268D98174967">
<hideElementsInCurrentOnly>false</hideElementsInCurrentOnly>
<backgroundColor>-16777216</backgroundColor>
<lineWidth>1</lineWidth>
<points>
<point x="1454" y="121"/>
<point x="1634" y="204"/>
</points>
</Connector>
<Connector class="oracle.dbtools.crest.swingui.relational.TVFKRelation" oid="94F99620-5CFD-F3AA-5F07-5FF7F6584315" otype="FKIndexAssociation" vid_source="2393DCAC-91F9-8459-F32C-6CFD87C5560A" vid_target="B269E742-7810-D0AB-3671-2A432B780229">
<hideElementsInCurrentOnly>false</hideElementsInCurrentOnly>
<backgroundColor>-16777216</backgroundColor>
<lineWidth>1</lineWidth>
<points>
<point x="127" y="258"/>
<point x="127" y="198"/>
</points>
</Connector>
<Connector class="oracle.dbtools.crest.swingui.relational.TVFKRelation" oid="A15E10BC-8184-7855-854E-251548FC9215" otype="FKIndexAssociation" vid_source="A98C53A9-F4ED-42C3-14D2-D5E1FEC7183F" vid_target="70E7B590-8A1A-2747-B91C-2D51053E8D1A">
<hideElementsInCurrentOnly>false</hideElementsInCurrentOnly>
<backgroundColor>-16777216</backgroundColor>
<lineWidth>1</lineWidth>
<points>
<point x="126" y="746"/>
<point x="126" y="806"/>
</points>
</Connector>
<Connector class="oracle.dbtools.crest.swingui.relational.TVFKRelation" oid="C02639DF-8BE4-629B-366D-8E50051412CD" otype="FKIndexAssociation" vid_source="2393DCAC-91F9-8459-F32C-6CFD87C5560A" vid_target="03C4861A-1D9B-76C7-D058-702702048551">
<hideElementsInCurrentOnly>false</hideElementsInCurrentOnly>
<backgroundColor>-16777216</backgroundColor>
<lineWidth>1</lineWidth>
<points>
<point x="127" y="360"/>
<point x="127" y="420"/>
</points>
</Connector>
<Connector class="oracle.dbtools.crest.swingui.relational.TVFKRelation" oid="CB97696A-0A91-ABAD-3342-3A7658F63467" otype="FKIndexAssociation" vid_source="B3CAD0F5-D663-F892-2436-8B6427AF7522" vid_target="B6458F5C-7EF9-4FCB-3B56-B601214CF934">
<hideElementsInCurrentOnly>false</hideElementsInCurrentOnly>
<backgroundColor>-16777216</backgroundColor>
<lineWidth>1</lineWidth>
<points>
<point x="1344" y="122"/>
<point x="1344" y="182"/>
</points>
</Connector>
<Connector class="oracle.dbtools.crest.swingui.relational.TVFKRelation" oid="DBF26039-56DF-3E6B-F8CA-A5BE60A2998D" otype="FKIndexAssociation" vid_source="9EAD55F3-2CD7-492E-24B4-FC9A754B07C6" vid_target="527A9D69-9C22-8497-B4BA-1ED127CFF8E5">
<hideElementsInCurrentOnly>false</hideElementsInCurrentOnly>
<backgroundColor>-16777216</backgroundColor>
<lineWidth>1</lineWidth>
<points>
<point x="2461" y="494"/>
<point x="2461" y="554"/>
</points>
</Connector>
<Connector class="oracle.dbtools.crest.swingui.relational.TVFKRelation" oid="E3EF0E3B-A906-69FF-D687-B0CDB9C02B68" otype="FKIndexAssociation" vid_source="D20AC875-226D-85BF-9782-539B5EE30E85" vid_target="9A849346-3305-F19A-322B-8F33FC8EC11F">
<hideElementsInCurrentOnly>false</hideElementsInCurrentOnly>
<backgroundColor>-16777216</backgroundColor>
<lineWidth>1</lineWidth>
<points>
<point x="2051" y="494"/>
<point x="2051" y="554"/>
</points>
</Connector>
<Connector class="oracle.dbtools.crest.swingui.relational.TVFKRelation" oid="F7D694E7-4CB3-A8FE-C1C5-A2E16554849B" otype="FKIndexAssociation" vid_source="2393DCAC-91F9-8459-F32C-6CFD87C5560A" vid_target="F8288A64-A2E0-C03B-C70E-CAACA5265E6E">
<hideElementsInCurrentOnly>false</hideElementsInCurrentOnly>
<backgroundColor>-16777216</backgroundColor>
<lineWidth>1</lineWidth>
<points>
<point x="234" y="309"/>
<point x="314" y="309"/>
</points>
</Connector>
</connectors>
</Diagram>
