<?xml version = '1.0' encoding = 'UTF-8'?>
<Relation class="oracle.dbtools.crest.model.design.logical.Relation" name="account__loan" directorySegmentName="seg_0" id="2B3DAAD7-A536-126E-7FD5-05C87BCBEBCD">
<createdBy>muchd</createdBy>
<createdTime>2023-01-25 21:21:13 UTC</createdTime>
<ownerDesignName>bank_source</ownerDesignName>
<sourcePk>7E3767E7-6B43-2672-0347-F4D7E4B8D5B4</sourcePk>
<targetPk>C9DF84DD-2BE0-C2E3-56DB-6335338D2E16</targetPk>
<identifying>false</identifying>
<nameOnTarget>account_id</nameOnTarget>
<optionalSource>true</optionalSource>
<optionalTarget>false</optionalTarget>
<sourceCardinality>1</sourceCardinality>
<sourceEntity>8BFD66C1-CCAF-CC5A-7E94-5539F0012159</sourceEntity>
<targetCardinalityString>1</targetCardinalityString>
<targetEntity>D187B3E7-A35C-FFFD-22C1-81DF09E8F565</targetEntity>
<transferable>true</transferable>
<deleteRule>CASCADE</deleteRule>
</Relation>
