<?xml version = '1.0' encoding = 'UTF-8'?>
<Relation class="oracle.dbtools.crest.model.design.logical.Relation" name="account__loan" directorySegmentName="seg_0" id="8A706CA5-CC84-3947-9713-6FFC6AF54905">
<createdBy>muchd</createdBy>
<createdTime>2022-11-21 20:03:58 UTC</createdTime>
<ownerDesignName>bank_source</ownerDesignName>
<engineerTo>
<item key="37A40304-8E2F-4442-C690-22A87945C3B5" value="true"/>
</engineerTo>
<sourcePk>7E3767E7-6B43-2672-0347-F4D7E4B8D5B4</sourcePk>
<identifying>false</identifying>
<nameOnTarget>account_id</nameOnTarget>
<optionalSource>true</optionalSource>
<optionalTarget>false</optionalTarget>
<sourceCardinality>1</sourceCardinality>
<sourceEntity>8BFD66C1-CCAF-CC5A-7E94-5539F0012159</sourceEntity>
<targetCardinalityString>1</targetCardinalityString>
<targetEntity>D187B3E7-A35C-FFFD-22C1-81DF09E8F565</targetEntity>
<transferable>true</transferable>
<deleteRule>NO ACTION</deleteRule>
</Relation>