<?xml version = '1.0' encoding = 'UTF-8'?>
<Relation class="oracle.dbtools.crest.model.design.logical.Relation" name="account__transaction" directorySegmentName="seg_0" id="F40B85C9-B47C-C6DE-73D7-BCCB31BB85E3">
<createdBy>muchd</createdBy>
<createdTime>2022-11-13 20:08:45 UTC</createdTime>
<ownerDesignName>bank_source</ownerDesignName>
<engineerTo>
<item key="37A40304-8E2F-4442-C690-22A87945C3B5" value="true"/>
</engineerTo>
<sourcePk>7E3767E7-6B43-2672-0347-F4D7E4B8D5B4</sourcePk>
<identifying>false</identifying>
<nameOnTarget>account_id</nameOnTarget>
<optionalSource>false</optionalSource>
<optionalTarget>true</optionalTarget>
<sourceCardinality>1</sourceCardinality>
<sourceEntity>8BFD66C1-CCAF-CC5A-7E94-5539F0012159</sourceEntity>
<targetCardinalityString>*</targetCardinalityString>
<targetEntity>295006A5-A6FA-E15C-DF1C-18CCF0C0B7F6</targetEntity>
<transferable>true</transferable>
<deleteRule>NO ACTION</deleteRule>
</Relation>