<?xml version = '1.0' encoding = 'UTF-8'?>
<Diagram class="oracle.dbtools.crest.swingui.relational.DPVRelational" name="Relational_1" id="60400EC1-CC45-30B8-FD41-9D6F01EC2388">
<createdBy>muchd</createdBy>
<modifiedBy>muchd</modifiedBy>
<createdTime>2023-01-28 22:55:45 UTC</createdTime>
<autoRoute>false</autoRoute>
<boxInbox>true</boxInbox>
<showLegend>false</showLegend>
<showLabels>false</showLabels>
<showRelAttributes>false</showRelAttributes>
<gridEnabled>false</gridEnabled>
<showGrid>false</showGrid>
<diagramColor>-1</diagramColor>
<display>false</display>
<notation>1</notation>
<objectViews>
<OView class="oracle.dbtools.crest.swingui.relational.TVTable" oid="108FFE77-9C78-F2BF-6231-0760B200C0C6" otype="Table" vid="EBDFCE79-5BD1-844D-CADF-7F9BFD59B46C">
<hideElementsInCurrentOnly>false</hideElementsInCurrentOnly>
<bounds x="20" y="20" width="407" height="192"/>
</OView>
<OView class="oracle.dbtools.crest.swingui.relational.TVTable" oid="13FD1382-6A6C-B5F2-8490-E1B9F5FE96E6" otype="Table" vid="1E044988-3DCF-C869-81E7-007E74C19DEF">
<hideElementsInCurrentOnly>false</hideElementsInCurrentOnly>
<bounds x="914" y="420" width="171" height="88"/>
</OView>
<OView class="oracle.dbtools.crest.swingui.relational.TVTable" oid="170CBAEE-E152-5362-D6C4-6B4D20CBA279" otype="Table" vid="81B8D90C-BCF8-4097-7D5E-08A8C58A0E3E">
<hideElementsInCurrentOnly>false</hideElementsInCurrentOnly>
<bounds x="1992" y="272" width="189" height="88"/>
</OView>
<OView class="oracle.dbtools.crest.swingui.relational.TVTable" oid="1BF86708-B77D-FC84-49ED-6C75C76FAC9C" otype="Table" vid="91AACCF9-8943-12E8-FCC5-3CE0B80647AE">
<hideElementsInCurrentOnly>false</hideElementsInCurrentOnly>
<bounds x="1695" y="496" width="168" height="102"/>
</OView>
<OView class="oracle.dbtools.crest.swingui.relational.TVTable" oid="1E0B64A2-8A14-F3BC-46F9-126D75731F04" otype="Table" vid="EE4B1876-1881-FDC9-4D2A-CDFE9878A6CE">
<hideElementsInCurrentOnly>false</hideElementsInCurrentOnly>
<bounds x="1992" y="602" width="174" height="116"/>
</OView>
<OView class="oracle.dbtools.crest.swingui.relational.TVTable" oid="3E0DB7E9-9506-A775-00D3-BC5E315DA9CC" otype="Table" vid="6FE71A4F-7AB3-F201-9BFB-A4E2A29A5FCC">
<hideElementsInCurrentOnly>false</hideElementsInCurrentOnly>
<bounds x="20" y="616" width="226" height="108"/>
</OView>
<OView class="oracle.dbtools.crest.swingui.relational.TVTable" oid="4BC6E2B9-392F-2DA2-5728-6F7B8C2ED26E" otype="Table" vid="DA55CAAA-64BC-2271-65A4-4FA3D9909B76">
<hideElementsInCurrentOnly>false</hideElementsInCurrentOnly>
<bounds x="1992" y="420" width="291" height="122"/>
</OView>
<OView class="oracle.dbtools.crest.swingui.relational.TVTable" oid="61CCB821-1E2D-7F7D-B250-B88FDE97CD93" otype="Table" vid="D853A319-45D9-1B96-E1E5-C9305DB5ADA2">
<hideElementsInCurrentOnly>false</hideElementsInCurrentOnly>
<bounds x="507" y="20" width="192" height="74"/>
</OView>
<OView class="oracle.dbtools.crest.swingui.relational.TVTable" oid="6569D9A6-A87C-633F-C6B1-16DBB1D71447" otype="Table" vid="C8844576-4306-6C6E-C8EF-F82773750F44">
<hideElementsInCurrentOnly>false</hideElementsInCurrentOnly>
<bounds x="1165" y="272" width="141" height="102"/>
</OView>
<OView class="oracle.dbtools.crest.swingui.relational.TVTable" oid="81FD9276-2586-1AB4-746B-9976F3E593CF" otype="Table" vid="CCF39406-A12C-937C-EA7F-2C76B3177CCD">
<hideElementsInCurrentOnly>false</hideElementsInCurrentOnly>
<bounds x="439" y="272" width="168" height="88"/>
</OView>
<OView class="oracle.dbtools.crest.swingui.relational.TVTable" oid="ADD60D5F-0C1A-5A04-3984-A615020F3B9D" otype="Table" vid="56954279-C917-BA7E-88E1-1C9D1DAF0DB0">
<hideElementsInCurrentOnly>false</hideElementsInCurrentOnly>
<bounds x="20" y="272" width="339" height="284"/>
</OView>
<OView class="oracle.dbtools.crest.swingui.relational.TVTable" oid="BF74EA67-10B8-FD6E-0446-2673B74D41F2" otype="Table" vid="4ED8AC1E-3E2F-838F-1D78-07D1D51F1809">
<hideElementsInCurrentOnly>false</hideElementsInCurrentOnly>
<bounds x="439" y="672" width="144" height="88"/>
</OView>
<OView class="oracle.dbtools.crest.swingui.relational.TVTable" oid="E2D75327-AF2F-6A56-843F-DE82FEB74206" otype="Table" vid="18658A30-BC74-6084-2D29-43FB75E45B5C">
<hideElementsInCurrentOnly>false</hideElementsInCurrentOnly>
<bounds x="439" y="420" width="395" height="192"/>
</OView>
<OView class="oracle.dbtools.crest.swingui.relational.TVTable" oid="F0028DCB-CE50-77FD-497D-2F336DA1BB37" otype="Table" vid="FCD45E3D-D387-7A85-76FA-3AC4CA407B20">
<hideElementsInCurrentOnly>false</hideElementsInCurrentOnly>
<bounds x="1165" y="770" width="180" height="144"/>
</OView>
<OView class="oracle.dbtools.crest.swingui.relational.TVTable" oid="F61EB970-F6F0-63A5-C65F-6E0547F6DDAF" otype="Table" vid="F1450176-D2F8-267F-9594-C40ADF08AB3E">
<hideElementsInCurrentOnly>false</hideElementsInCurrentOnly>
<bounds x="1165" y="434" width="450" height="276"/>
</OView>
<OView class="oracle.dbtools.crest.swingui.relational.TVTable" oid="F9C31BD1-D5A9-F51B-8AB0-AD7B6CBC5926" otype="Table" vid="BEE68B1C-D9B1-0599-65E8-838FB32E0D52">
<hideElementsInCurrentOnly>false</hideElementsInCurrentOnly>
<bounds x="1695" y="272" width="217" height="164"/>
</OView>
</objectViews>
<connectors>
<Connector class="oracle.dbtools.crest.swingui.relational.TVFKRelation" oid="0C10A7F0-C365-8EBB-2C44-173405B6068B" otype="FKIndexAssociation" vid_source="81B8D90C-BCF8-4097-7D5E-08A8C58A0E3E" vid_target="EBDFCE79-5BD1-844D-CADF-7F9BFD59B46C">
<hideElementsInCurrentOnly>false</hideElementsInCurrentOnly>
<backgroundColor>-16777216</backgroundColor>
<lineWidth>1</lineWidth>
<points>
<point x="1992" y="305"/>
<point x="427" y="137"/>
</points>
</Connector>
<Connector class="oracle.dbtools.crest.swingui.relational.TVFKRelation" oid="15FD58B6-BDAD-B873-722B-7686E89AF557" otype="FKIndexAssociation" vid_source="4ED8AC1E-3E2F-838F-1D78-07D1D51F1809" vid_target="18658A30-BC74-6084-2D29-43FB75E45B5C">
<hideElementsInCurrentOnly>false</hideElementsInCurrentOnly>
<backgroundColor>-16777216</backgroundColor>
<lineWidth>1</lineWidth>
<points>
<point x="511" y="672"/>
<point x="511" y="612"/>
</points>
</Connector>
<Connector class="oracle.dbtools.crest.swingui.relational.TVFKRelation" oid="1696C2CA-B411-487C-0D26-FCD75F8C7438" otype="FKIndexAssociation" vid_source="CCF39406-A12C-937C-EA7F-2C76B3177CCD" vid_target="EBDFCE79-5BD1-844D-CADF-7F9BFD59B46C">
<hideElementsInCurrentOnly>false</hideElementsInCurrentOnly>
<backgroundColor>-16777216</backgroundColor>
<lineWidth>1</lineWidth>
<points>
<point x="457" y="272"/>
<point x="367" y="212"/>
</points>
</Connector>
<Connector class="oracle.dbtools.crest.swingui.relational.TVFKRelation" oid="1F0A3BA8-F45C-1ADB-8328-65612A7C9704" otype="FKIndexAssociation" vid_source="1E044988-3DCF-C869-81E7-007E74C19DEF" vid_target="18658A30-BC74-6084-2D29-43FB75E45B5C">
<hideElementsInCurrentOnly>false</hideElementsInCurrentOnly>
<backgroundColor>-16777216</backgroundColor>
<lineWidth>1</lineWidth>
<points>
<point x="914" y="449"/>
<point x="834" y="449"/>
</points>
</Connector>
<Connector class="oracle.dbtools.crest.swingui.relational.TVFKRelation" oid="2375C3A9-AB40-1CB0-DD7D-B0F93E8B759A" otype="FKIndexAssociation" vid_source="EE4B1876-1881-FDC9-4D2A-CDFE9878A6CE" vid_target="DA55CAAA-64BC-2271-65A4-4FA3D9909B76">
<hideElementsInCurrentOnly>false</hideElementsInCurrentOnly>
<backgroundColor>-16777216</backgroundColor>
<lineWidth>1</lineWidth>
<points>
<point x="2094" y="602"/>
<point x="2094" y="542"/>
</points>
</Connector>
<Connector class="oracle.dbtools.crest.swingui.relational.TVFKRelation" oid="267C48A0-6982-37E3-665F-FB06412BF8D6" otype="FKIndexAssociation" vid_source="CCF39406-A12C-937C-EA7F-2C76B3177CCD" vid_target="18658A30-BC74-6084-2D29-43FB75E45B5C">
<hideElementsInCurrentOnly>false</hideElementsInCurrentOnly>
<backgroundColor>-16777216</backgroundColor>
<lineWidth>1</lineWidth>
<points>
<point x="523" y="360"/>
<point x="523" y="420"/>
</points>
</Connector>
<Connector class="oracle.dbtools.crest.swingui.relational.TVFKRelation" oid="4FF94C7D-1076-BA3C-E9FE-B64E1005DAB2" otype="FKIndexAssociation" vid_source="C8844576-4306-6C6E-C8EF-F82773750F44" vid_target="18658A30-BC74-6084-2D29-43FB75E45B5C">
<hideElementsInCurrentOnly>false</hideElementsInCurrentOnly>
<backgroundColor>-16777216</backgroundColor>
<lineWidth>1</lineWidth>
<points>
<point x="1165" y="345"/>
<point x="834" y="467"/>
</points>
</Connector>
<Connector class="oracle.dbtools.crest.swingui.relational.TVFKRelation" oid="51CB9461-109B-DBF8-A67C-D71324ED6B05" otype="FKIndexAssociation" vid_source="81B8D90C-BCF8-4097-7D5E-08A8C58A0E3E" vid_target="18658A30-BC74-6084-2D29-43FB75E45B5C">
<hideElementsInCurrentOnly>false</hideElementsInCurrentOnly>
<backgroundColor>-16777216</backgroundColor>
<lineWidth>1</lineWidth>
<points>
<point x="1992" y="329"/>
<point x="834" y="488"/>
</points>
</Connector>
<Connector class="oracle.dbtools.crest.swingui.relational.TVFKRelation" oid="64487F58-59BC-7E9D-F498-E4EC1D12A727" otype="FKIndexAssociation" vid_source="D853A319-45D9-1B96-E1E5-C9305DB5ADA2" vid_target="EBDFCE79-5BD1-844D-CADF-7F9BFD59B46C">
<hideElementsInCurrentOnly>false</hideElementsInCurrentOnly>
<backgroundColor>-16777216</backgroundColor>
<lineWidth>1</lineWidth>
<points>
<point x="507" y="57"/>
<point x="427" y="57"/>
</points>
</Connector>
<Connector class="oracle.dbtools.crest.swingui.relational.TVFKRelation" oid="6B85D528-C7CE-6807-81E0-1B1D002A67B6" otype="FKIndexAssociation" vid_source="56954279-C917-BA7E-88E1-1C9D1DAF0DB0" vid_target="EBDFCE79-5BD1-844D-CADF-7F9BFD59B46C">
<hideElementsInCurrentOnly>false</hideElementsInCurrentOnly>
<backgroundColor>-16777216</backgroundColor>
<lineWidth>1</lineWidth>
<points>
<point x="189" y="272"/>
<point x="189" y="212"/>
</points>
</Connector>
<Connector class="oracle.dbtools.crest.swingui.relational.TVFKRelation" oid="6D189FEB-2A8A-5FC7-6E36-E175E12BCEE1" otype="FKIndexAssociation" vid_source="81B8D90C-BCF8-4097-7D5E-08A8C58A0E3E" vid_target="BEE68B1C-D9B1-0599-65E8-838FB32E0D52">
<hideElementsInCurrentOnly>false</hideElementsInCurrentOnly>
<backgroundColor>-16777216</backgroundColor>
<lineWidth>1</lineWidth>
<points>
<point x="1992" y="316"/>
<point x="1912" y="316"/>
</points>
</Connector>
<Connector class="oracle.dbtools.crest.swingui.relational.TVFKRelation" oid="72308432-0A21-9742-7495-3F77370A73A3" otype="FKIndexAssociation" vid_source="81B8D90C-BCF8-4097-7D5E-08A8C58A0E3E" vid_target="F1450176-D2F8-267F-9594-C40ADF08AB3E">
<hideElementsInCurrentOnly>false</hideElementsInCurrentOnly>
<backgroundColor>-16777216</backgroundColor>
<lineWidth>1</lineWidth>
<points>
<point x="1992" y="350"/>
<point x="1615" y="489"/>
</points>
</Connector>
<Connector class="oracle.dbtools.crest.swingui.relational.TVFKRelation" oid="7EA6E9BB-6EEB-9712-701D-BDD632A6BAC2" otype="FKIndexAssociation" vid_source="C8844576-4306-6C6E-C8EF-F82773750F44" vid_target="F1450176-D2F8-267F-9594-C40ADF08AB3E">
<hideElementsInCurrentOnly>false</hideElementsInCurrentOnly>
<backgroundColor>-16777216</backgroundColor>
<lineWidth>1</lineWidth>
<points>
<point x="1235" y="374"/>
<point x="1235" y="434"/>
</points>
</Connector>
<Connector class="oracle.dbtools.crest.swingui.relational.TVFKRelation" oid="86E45A37-4A1B-0E91-EBE1-6EBE53F23BB3" otype="FKIndexAssociation" vid_source="C8844576-4306-6C6E-C8EF-F82773750F44" vid_target="EBDFCE79-5BD1-844D-CADF-7F9BFD59B46C">
<hideElementsInCurrentOnly>false</hideElementsInCurrentOnly>
<backgroundColor>-16777216</backgroundColor>
<lineWidth>1</lineWidth>
<points>
<point x="1165" y="308"/>
<point x="427" y="157"/>
</points>
</Connector>
<Connector class="oracle.dbtools.crest.swingui.relational.TVFKRelation" oid="88B07177-BA52-3ECB-DA6E-5CA7A77EBA16" otype="FKIndexAssociation" vid_source="56954279-C917-BA7E-88E1-1C9D1DAF0DB0" vid_target="6FE71A4F-7AB3-F201-9BFB-A4E2A29A5FCC">
<hideElementsInCurrentOnly>false</hideElementsInCurrentOnly>
<backgroundColor>-16777216</backgroundColor>
<lineWidth>1</lineWidth>
<points>
<point x="148" y="556"/>
<point x="148" y="616"/>
</points>
</Connector>
<Connector class="oracle.dbtools.crest.swingui.relational.TVFKRelation" oid="A8761399-8E47-7E7E-F112-5F7DB321CF7E" otype="FKIndexAssociation" vid_source="81B8D90C-BCF8-4097-7D5E-08A8C58A0E3E" vid_target="DA55CAAA-64BC-2271-65A4-4FA3D9909B76">
<hideElementsInCurrentOnly>false</hideElementsInCurrentOnly>
<backgroundColor>-16777216</backgroundColor>
<lineWidth>1</lineWidth>
<points>
<point x="2086" y="360"/>
<point x="2086" y="420"/>
</points>
</Connector>
<Connector class="oracle.dbtools.crest.swingui.relational.TVFKRelation" oid="C097231C-EBA9-4A9B-9749-9B20450D6966" otype="FKIndexAssociation" vid_source="91AACCF9-8943-12E8-FCC5-3CE0B80647AE" vid_target="BEE68B1C-D9B1-0599-65E8-838FB32E0D52">
<hideElementsInCurrentOnly>false</hideElementsInCurrentOnly>
<backgroundColor>-16777216</backgroundColor>
<lineWidth>1</lineWidth>
<points>
<point x="1779" y="496"/>
<point x="1779" y="436"/>
</points>
</Connector>
<Connector class="oracle.dbtools.crest.swingui.relational.TVFKRelation" oid="DFF69CB2-78E3-7C43-E2C3-9E0EAFF89304" otype="FKIndexAssociation" vid_source="C8844576-4306-6C6E-C8EF-F82773750F44" vid_target="BEE68B1C-D9B1-0599-65E8-838FB32E0D52">
<hideElementsInCurrentOnly>false</hideElementsInCurrentOnly>
<backgroundColor>-16777216</backgroundColor>
<lineWidth>1</lineWidth>
<points>
<point x="1306" y="323"/>
<point x="1695" y="323"/>
</points>
</Connector>
<Connector class="oracle.dbtools.crest.swingui.relational.TVFKRelation" oid="F314A1AF-6DF4-8615-6495-716C42CB87D5" otype="FKIndexAssociation" vid_source="FCD45E3D-D387-7A85-76FA-3AC4CA407B20" vid_target="F1450176-D2F8-267F-9594-C40ADF08AB3E">
<hideElementsInCurrentOnly>false</hideElementsInCurrentOnly>
<backgroundColor>-16777216</backgroundColor>
<lineWidth>1</lineWidth>
<points>
<point x="1255" y="770"/>
<point x="1255" y="710"/>
</points>
</Connector>
<Connector class="oracle.dbtools.crest.swingui.relational.TVFKRelation" oid="FFB78AC2-D209-43BD-4043-7EA4DD840530" otype="FKIndexAssociation" vid_source="CCF39406-A12C-937C-EA7F-2C76B3177CCD" vid_target="6FE71A4F-7AB3-F201-9BFB-A4E2A29A5FCC">
<hideElementsInCurrentOnly>false</hideElementsInCurrentOnly>
<backgroundColor>-16777216</backgroundColor>
<lineWidth>1</lineWidth>
<points>
<point x="474" y="360"/>
<point x="192" y="616"/>
</points>
</Connector>
</connectors>
</Diagram>
